<?xml version="1.0" encoding="utf-8" ?>
<kml xmlns="http://www.opengis.net/kml/2.2">
<Document id="root_doc">
<Schema name="focos_inpe" id="focos_inpe">
	<SimpleField name="estado" type="string"></SimpleField>
	<SimpleField name="riscofogo" type="float"></SimpleField>
	<SimpleField name="frp" type="float"></SimpleField>
	<SimpleField name="municipio" type="string"></SimpleField>
	<SimpleField name="precipitac" type="float"></SimpleField>
	<SimpleField name="satelite" type="string"></SimpleField>
	<SimpleField name="bioma" type="string"></SimpleField>
	<SimpleField name="datahora" type="string"></SimpleField>
	<SimpleField name="diasemchuv" type="int"></SimpleField>
	<SimpleField name="pais" type="string"></SimpleField>
	<SimpleField name="areaproteg" type="string"></SimpleField>
</Schema>
<Folder><name>focos_inpe</name>
  <Placemark>
	<ExtendedData><SchemaData schemaUrl="#focos_inpe">
		<SimpleData name="estado">MATO GROSSO</SimpleData>
		<SimpleData name="riscofogo">1.0</SimpleData>
		<SimpleData name="frp">55.600</SimpleData>
		<SimpleData name="municipio">CHAPADA DOS GUIMARAES</SimpleData>
		<SimpleData name="precipitac">0.0</SimpleData>
		<SimpleData name="satelite">AQUA_M-T</SimpleData>
		<SimpleData name="bioma">Cerrado</SimpleData>
		<SimpleData name="datahora">2019/08/13 17:20:00</SimpleData>
		<SimpleData name="diasemchuv">18</SimpleData>
		<SimpleData name="pais">Brasil</SimpleData>
		<SimpleData name="areaproteg">PARNA DA CHAPADA DOS GUIMARAES</SimpleData>
	</SchemaData></ExtendedData>
      <Point><coordinates>-55.8399981392899,-15.2650011638992</coordinates></Point>
  </Placemark>
  <Placemark>
	<ExtendedData><SchemaData schemaUrl="#focos_inpe">
		<SimpleData name="estado">MATO GROSSO</SimpleData>
		<SimpleData name="riscofogo">1.0</SimpleData>
		<SimpleData name="frp">23.800</SimpleData>
		<SimpleData name="municipio">CHAPADA DOS GUIMARAES</SimpleData>
		<SimpleData name="precipitac">0.0</SimpleData>
		<SimpleData name="satelite">AQUA_M-T</SimpleData>
		<SimpleData name="bioma">Cerrado</SimpleData>
		<SimpleData name="datahora">2019/08/13 17:20:00</SimpleData>
		<SimpleData name="diasemchuv">18</SimpleData>
		<SimpleData name="pais">Brasil</SimpleData>
		<SimpleData name="areaproteg">PARNA DA CHAPADA DOS GUIMARAES</SimpleData>
	</SchemaData></ExtendedData>
      <Point><coordinates>-55.830999673364,-15.2549994002363</coordinates></Point>
  </Placemark>
  <Placemark>
	<ExtendedData><SchemaData schemaUrl="#focos_inpe">
		<SimpleData name="estado">MATO GROSSO</SimpleData>
		<SimpleData name="riscofogo">1.0</SimpleData>
		<SimpleData name="frp">21.500</SimpleData>
		<SimpleData name="municipio">CHAPADA DOS GUIMARAES</SimpleData>
		<SimpleData name="precipitac">0.0</SimpleData>
		<SimpleData name="satelite">AQUA_M-T</SimpleData>
		<SimpleData name="bioma">Cerrado</SimpleData>
		<SimpleData name="datahora">2019/08/13 17:20:00</SimpleData>
		<SimpleData name="diasemchuv">18</SimpleData>
		<SimpleData name="pais">Brasil</SimpleData>
		<SimpleData name="areaproteg">PARNA DA CHAPADA DOS GUIMARAES</SimpleData>
	</SchemaData></ExtendedData>
      <Point><coordinates>-55.8530008779617,-15.2479986115824</coordinates></Point>
  </Placemark>
  <Placemark>
	<ExtendedData><SchemaData schemaUrl="#focos_inpe">
		<SimpleData name="estado">MATO GROSSO</SimpleData>
		<SimpleData name="riscofogo">1.0</SimpleData>
		<SimpleData name="frp">18.800</SimpleData>
		<SimpleData name="municipio">CHAPADA DOS GUIMARAES</SimpleData>
		<SimpleData name="precipitac">0.0</SimpleData>
		<SimpleData name="satelite">AQUA_M-T</SimpleData>
		<SimpleData name="bioma">Cerrado</SimpleData>
		<SimpleData name="datahora">2019/08/13 17:20:00</SimpleData>
		<SimpleData name="diasemchuv">18</SimpleData>
		<SimpleData name="pais">Brasil</SimpleData>
		<SimpleData name="areaproteg">PARNA DA CHAPADA DOS GUIMARAES</SimpleData>
	</SchemaData></ExtendedData>
      <Point><coordinates>-55.8410014370269,-15.2559982388723</coordinates></Point>
  </Placemark>
  <Placemark>
	<ExtendedData><SchemaData schemaUrl="#focos_inpe">
		<SimpleData name="estado">MATO GROSSO</SimpleData>
		<SimpleData name="riscofogo">1.0</SimpleData>
		<SimpleData name="frp">42.000</SimpleData>
		<SimpleData name="municipio">CHAPADA DOS GUIMARAES</SimpleData>
		<SimpleData name="precipitac">0.0</SimpleData>
		<SimpleData name="satelite">AQUA_M-T</SimpleData>
		<SimpleData name="bioma">Cerrado</SimpleData>
		<SimpleData name="datahora">2019/08/13 17:20:00</SimpleData>
		<SimpleData name="diasemchuv">18</SimpleData>
		<SimpleData name="pais">Brasil</SimpleData>
		<SimpleData name="areaproteg">PARNA DA CHAPADA DOS GUIMARAES</SimpleData>
	</SchemaData></ExtendedData>
      <Point><coordinates>-55.830000834728,-15.2639978661622</coordinates></Point>
  </Placemark>
  <Placemark>
	<ExtendedData><SchemaData schemaUrl="#focos_inpe">
		<SimpleData name="estado">MATO GROSSO</SimpleData>
		<SimpleData name="riscofogo">1.0</SimpleData>
		<SimpleData name="frp">50.900</SimpleData>
		<SimpleData name="municipio">CHAPADA DOS GUIMARAES</SimpleData>
		<SimpleData name="precipitac">0.0</SimpleData>
		<SimpleData name="satelite">AQUA_M-T</SimpleData>
		<SimpleData name="bioma">Cerrado</SimpleData>
		<SimpleData name="datahora">2019/08/13 17:20:00</SimpleData>
		<SimpleData name="diasemchuv">18</SimpleData>
		<SimpleData name="pais">Brasil</SimpleData>
		<SimpleData name="areaproteg">PARNA DA CHAPADA DOS GUIMARAES</SimpleData>
	</SchemaData></ExtendedData>
      <Point><coordinates>-55.8629981825235,-15.2489974502184</coordinates></Point>
  </Placemark>
  <Placemark>
	<ExtendedData><SchemaData schemaUrl="#focos_inpe">
		<SimpleData name="estado">MATO GROSSO</SimpleData>
		<SimpleData name="riscofogo">1.0</SimpleData>
		<SimpleData name="frp">23.000</SimpleData>
		<SimpleData name="municipio">CHAPADA DOS GUIMARAES</SimpleData>
		<SimpleData name="precipitac">0.0</SimpleData>
		<SimpleData name="satelite">AQUA_M-T</SimpleData>
		<SimpleData name="bioma">Cerrado</SimpleData>
		<SimpleData name="datahora">2019/08/13 17:20:00</SimpleData>
		<SimpleData name="diasemchuv">19</SimpleData>
		<SimpleData name="pais">Brasil</SimpleData>
		<SimpleData name="areaproteg">PARNA DA CHAPADA DOS GUIMARAES</SimpleData>
	</SchemaData></ExtendedData>
      <Point><coordinates>-55.8469989279438,-15.2850002321239</coordinates></Point>
  </Placemark>
  <Placemark>
	<ExtendedData><SchemaData schemaUrl="#focos_inpe">
		<SimpleData name="estado">MATO GROSSO</SimpleData>
		<SimpleData name="riscofogo">1.0</SimpleData>
		<SimpleData name="frp">28.500</SimpleData>
		<SimpleData name="municipio">CHAPADA DOS GUIMARAES</SimpleData>
		<SimpleData name="precipitac">0.0</SimpleData>
		<SimpleData name="satelite">AQUA_M-T</SimpleData>
		<SimpleData name="bioma">Cerrado</SimpleData>
		<SimpleData name="datahora">2019/08/13 17:20:00</SimpleData>
		<SimpleData name="diasemchuv">19</SimpleData>
		<SimpleData name="pais">Brasil</SimpleData>
		<SimpleData name="areaproteg">PARNA DA CHAPADA DOS GUIMARAES</SimpleData>
	</SchemaData></ExtendedData>
      <Point><coordinates>-55.8709978098134,-15.2599980525172</coordinates></Point>
  </Placemark>
  <Placemark>
	<ExtendedData><SchemaData schemaUrl="#focos_inpe">
		<SimpleData name="estado">MATO GROSSO</SimpleData>
		<SimpleData name="riscofogo">1.0</SimpleData>
		<SimpleData name="frp">14.400</SimpleData>
		<SimpleData name="municipio">CHAPADA DOS GUIMARAES</SimpleData>
		<SimpleData name="precipitac">0.0</SimpleData>
		<SimpleData name="satelite">AQUA_M-T</SimpleData>
		<SimpleData name="bioma">Cerrado</SimpleData>
		<SimpleData name="datahora">2019/08/13 17:20:00</SimpleData>
		<SimpleData name="diasemchuv">19</SimpleData>
		<SimpleData name="pais">Brasil</SimpleData>
		<SimpleData name="areaproteg">PARNA DA CHAPADA DOS GUIMARAES</SimpleData>
	</SchemaData></ExtendedData>
      <Point><coordinates>-55.8739987848224,-15.2420011206655</coordinates></Point>
  </Placemark>
  <Placemark>
	<ExtendedData><SchemaData schemaUrl="#focos_inpe">
		<SimpleData name="estado">MATO GROSSO</SimpleData>
		<SimpleData name="riscofogo">1.0</SimpleData>
		<SimpleData name="frp">250.500</SimpleData>
		<SimpleData name="municipio">CHAPADA DOS GUIMARAES</SimpleData>
		<SimpleData name="precipitac">0.0</SimpleData>
		<SimpleData name="satelite">AQUA_M-T</SimpleData>
		<SimpleData name="bioma">Cerrado</SimpleData>
		<SimpleData name="datahora">2019/08/15 17:05:00</SimpleData>
		<SimpleData name="diasemchuv">21</SimpleData>
		<SimpleData name="pais">Brasil</SimpleData>
		<SimpleData name="areaproteg">PARNA DA CHAPADA DOS GUIMARAES</SimpleData>
	</SchemaData></ExtendedData>
      <Point><coordinates>-55.8499999029527,-15.2979985116947</coordinates></Point>
  </Placemark>
  <Placemark>
	<ExtendedData><SchemaData schemaUrl="#focos_inpe">
		<SimpleData name="estado">MATO GROSSO</SimpleData>
		<SimpleData name="riscofogo">1.0</SimpleData>
		<SimpleData name="frp">52.900</SimpleData>
		<SimpleData name="municipio">CHAPADA DOS GUIMARAES</SimpleData>
		<SimpleData name="precipitac">0.0</SimpleData>
		<SimpleData name="satelite">AQUA_M-T</SimpleData>
		<SimpleData name="bioma">Cerrado</SimpleData>
		<SimpleData name="datahora">2019/08/15 17:05:00</SimpleData>
		<SimpleData name="diasemchuv">21</SimpleData>
		<SimpleData name="pais">Brasil</SimpleData>
		<SimpleData name="areaproteg">PARNA DA CHAPADA DOS GUIMARAES</SimpleData>
	</SchemaData></ExtendedData>
      <Point><coordinates>-55.834999487009,-15.2960008344228</coordinates></Point>
  </Placemark>
  <Placemark>
	<ExtendedData><SchemaData schemaUrl="#focos_inpe">
		<SimpleData name="estado">MATO GROSSO</SimpleData>
		<SimpleData name="riscofogo">1.0</SimpleData>
		<SimpleData name="frp">54.000</SimpleData>
		<SimpleData name="municipio">CHAPADA DOS GUIMARAES</SimpleData>
		<SimpleData name="precipitac">0.0</SimpleData>
		<SimpleData name="satelite">AQUA_M-T</SimpleData>
		<SimpleData name="bioma">Cerrado</SimpleData>
		<SimpleData name="datahora">2019/08/16 17:50:00</SimpleData>
		<SimpleData name="diasemchuv">21</SimpleData>
		<SimpleData name="pais">Brasil</SimpleData>
		<SimpleData name="areaproteg">PARNA DA CHAPADA DOS GUIMARAES</SimpleData>
	</SchemaData></ExtendedData>
      <Point><coordinates>-55.8089984687663,-15.2880012071329</coordinates></Point>
  </Placemark>
  <Placemark>
	<ExtendedData><SchemaData schemaUrl="#focos_inpe">
		<SimpleData name="estado">MATO GROSSO</SimpleData>
		<SimpleData name="riscofogo">1.0</SimpleData>
		<SimpleData name="frp">161.000</SimpleData>
		<SimpleData name="municipio">CHAPADA DOS GUIMARAES</SimpleData>
		<SimpleData name="precipitac">0.0</SimpleData>
		<SimpleData name="satelite">AQUA_M-T</SimpleData>
		<SimpleData name="bioma">Cerrado</SimpleData>
		<SimpleData name="datahora">2019/08/16 17:50:00</SimpleData>
		<SimpleData name="diasemchuv">21</SimpleData>
		<SimpleData name="pais">Brasil</SimpleData>
		<SimpleData name="areaproteg">PARNA DA CHAPADA DOS GUIMARAES</SimpleData>
	</SchemaData></ExtendedData>
      <Point><coordinates>-55.8170025551572,-15.2859990707599</coordinates></Point>
  </Placemark>
  <Placemark>
	<ExtendedData><SchemaData schemaUrl="#focos_inpe">
		<SimpleData name="estado">MATO GROSSO</SimpleData>
		<SimpleData name="riscofogo">1.0</SimpleData>
		<SimpleData name="frp">132.400</SimpleData>
		<SimpleData name="municipio">CHAPADA DOS GUIMARAES</SimpleData>
		<SimpleData name="precipitac">0.0</SimpleData>
		<SimpleData name="satelite">AQUA_M-T</SimpleData>
		<SimpleData name="bioma">Cerrado</SimpleData>
		<SimpleData name="datahora">2019/08/16 17:50:00</SimpleData>
		<SimpleData name="diasemchuv">22</SimpleData>
		<SimpleData name="pais">Brasil</SimpleData>
		<SimpleData name="areaproteg">PARNA DA CHAPADA DOS GUIMARAES</SimpleData>
	</SchemaData></ExtendedData>
      <Point><coordinates>-55.8359983256449,-15.2890000457688</coordinates></Point>
  </Placemark>
  <Placemark>
	<ExtendedData><SchemaData schemaUrl="#focos_inpe">
		<SimpleData name="estado">MATO GROSSO</SimpleData>
		<SimpleData name="riscofogo">1.0</SimpleData>
		<SimpleData name="frp">27.700</SimpleData>
		<SimpleData name="municipio">CHAPADA DOS GUIMARAES</SimpleData>
		<SimpleData name="precipitac">0.0</SimpleData>
		<SimpleData name="satelite">AQUA_M-T</SimpleData>
		<SimpleData name="bioma">Cerrado</SimpleData>
		<SimpleData name="datahora">2019/08/16 17:50:00</SimpleData>
		<SimpleData name="diasemchuv">22</SimpleData>
		<SimpleData name="pais">Brasil</SimpleData>
		<SimpleData name="areaproteg">PARNA DA CHAPADA DOS GUIMARAES</SimpleData>
	</SchemaData></ExtendedData>
      <Point><coordinates>-55.8150004187843,-15.2990018094317</coordinates></Point>
  </Placemark>
  <Placemark>
	<ExtendedData><SchemaData schemaUrl="#focos_inpe">
		<SimpleData name="estado">MATO GROSSO</SimpleData>
		<SimpleData name="riscofogo">1.0</SimpleData>
		<SimpleData name="frp">278.600</SimpleData>
		<SimpleData name="municipio">CHAPADA DOS GUIMARAES</SimpleData>
		<SimpleData name="precipitac">0.0</SimpleData>
		<SimpleData name="satelite">AQUA_M-T</SimpleData>
		<SimpleData name="bioma">Cerrado</SimpleData>
		<SimpleData name="datahora">2019/08/16 17:50:00</SimpleData>
		<SimpleData name="diasemchuv">22</SimpleData>
		<SimpleData name="pais">Brasil</SimpleData>
		<SimpleData name="areaproteg">PARNA DA CHAPADA DOS GUIMARAES</SimpleData>
	</SchemaData></ExtendedData>
      <Point><coordinates>-55.827998698355,-15.2920010207778</coordinates></Point>
  </Placemark>
  <Placemark>
	<ExtendedData><SchemaData schemaUrl="#focos_inpe">
		<SimpleData name="estado">MATO GROSSO</SimpleData>
		<SimpleData name="riscofogo">1.0</SimpleData>
		<SimpleData name="frp">0.000</SimpleData>
		<SimpleData name="municipio">CHAPADA DOS GUIMARAES</SimpleData>
		<SimpleData name="precipitac">0.0</SimpleData>
		<SimpleData name="satelite">MSG-03</SimpleData>
		<SimpleData name="bioma">Cerrado</SimpleData>
		<SimpleData name="datahora">2019/08/12 16:33:58</SimpleData>
		<SimpleData name="diasemchuv">17</SimpleData>
		<SimpleData name="pais">Brasil</SimpleData>
		<SimpleData name="areaproteg">PARNA DA CHAPADA DOS GUIMARAES</SimpleData>
	</SchemaData></ExtendedData>
      <Point><coordinates>-55.830000834728,-15.280001579843</coordinates></Point>
  </Placemark>
  <Placemark>
	<ExtendedData><SchemaData schemaUrl="#focos_inpe">
		<SimpleData name="estado">MATO GROSSO</SimpleData>
		<SimpleData name="riscofogo">1.0</SimpleData>
		<SimpleData name="frp">0.000</SimpleData>
		<SimpleData name="municipio">CUIABA</SimpleData>
		<SimpleData name="precipitac">0.0</SimpleData>
		<SimpleData name="satelite">MSG-03</SimpleData>
		<SimpleData name="bioma">Cerrado</SimpleData>
		<SimpleData name="datahora">2019/08/12 16:33:58</SimpleData>
		<SimpleData name="diasemchuv">19</SimpleData>
		<SimpleData name="pais">Brasil</SimpleData>
		<SimpleData name="areaproteg">PARNA DA CHAPADA DOS GUIMARAES</SimpleData>
	</SchemaData></ExtendedData>
      <Point><coordinates>-55.899999803065,-15.280001579843</coordinates></Point>
  </Placemark>
  <Placemark>
	<ExtendedData><SchemaData schemaUrl="#focos_inpe">
		<SimpleData name="estado">MATO GROSSO</SimpleData>
		<SimpleData name="riscofogo">1.0</SimpleData>
		<SimpleData name="frp">0.000</SimpleData>
		<SimpleData name="municipio">CUIABA</SimpleData>
		<SimpleData name="precipitac">0.0</SimpleData>
		<SimpleData name="satelite">GOES-16</SimpleData>
		<SimpleData name="bioma">Cerrado</SimpleData>
		<SimpleData name="datahora">2019/08/08 22:33:49</SimpleData>
		<SimpleData name="diasemchuv">16</SimpleData>
		<SimpleData name="pais">Brasil</SimpleData>
		<SimpleData name="areaproteg">PARNA DA CHAPADA DOS GUIMARAES</SimpleData>
	</SchemaData></ExtendedData>
      <Point><coordinates>-55.9599970077391,-15.3599978527418</coordinates></Point>
  </Placemark>
  <Placemark>
	<ExtendedData><SchemaData schemaUrl="#focos_inpe">
		<SimpleData name="estado">MATO GROSSO</SimpleData>
		<SimpleData name="riscofogo">1.0</SimpleData>
		<SimpleData name="frp">0.000</SimpleData>
		<SimpleData name="municipio">CHAPADA DOS GUIMARAES</SimpleData>
		<SimpleData name="precipitac">0.0</SimpleData>
		<SimpleData name="satelite">GOES-16</SimpleData>
		<SimpleData name="bioma">Cerrado</SimpleData>
		<SimpleData name="datahora">2019/08/11 18:03:49</SimpleData>
		<SimpleData name="diasemchuv">16</SimpleData>
		<SimpleData name="pais">Brasil</SimpleData>
		<SimpleData name="areaproteg">PARNA DA CHAPADA DOS GUIMARAES</SimpleData>
	</SchemaData></ExtendedData>
      <Point><coordinates>-55.8499999029527,-15.2500007479554</coordinates></Point>
  </Placemark>
  <Placemark>
	<ExtendedData><SchemaData schemaUrl="#focos_inpe">
		<SimpleData name="estado">MATO GROSSO</SimpleData>
		<SimpleData name="riscofogo">1.0</SimpleData>
		<SimpleData name="frp">0.000</SimpleData>
		<SimpleData name="municipio">CHAPADA DOS GUIMARAES</SimpleData>
		<SimpleData name="precipitac">0.0</SimpleData>
		<SimpleData name="satelite">GOES-16</SimpleData>
		<SimpleData name="bioma">Cerrado</SimpleData>
		<SimpleData name="datahora">2019/08/11 18:33:50</SimpleData>
		<SimpleData name="diasemchuv">16</SimpleData>
		<SimpleData name="pais">Brasil</SimpleData>
		<SimpleData name="areaproteg">PARNA DA CHAPADA DOS GUIMARAES</SimpleData>
	</SchemaData></ExtendedData>
      <Point><coordinates>-55.8499999029527,-15.2500007479554</coordinates></Point>
  </Placemark>
  <Placemark>
	<ExtendedData><SchemaData schemaUrl="#focos_inpe">
		<SimpleData name="estado">MATO GROSSO</SimpleData>
		<SimpleData name="riscofogo">1.0</SimpleData>
		<SimpleData name="frp">0.000</SimpleData>
		<SimpleData name="municipio">CHAPADA DOS GUIMARAES</SimpleData>
		<SimpleData name="precipitac">0.0</SimpleData>
		<SimpleData name="satelite">GOES-16</SimpleData>
		<SimpleData name="bioma">Cerrado</SimpleData>
		<SimpleData name="datahora">2019/08/11 19:33:49</SimpleData>
		<SimpleData name="diasemchuv">16</SimpleData>
		<SimpleData name="pais">Brasil</SimpleData>
		<SimpleData name="areaproteg">PARNA DA CHAPADA DOS GUIMARAES</SimpleData>
	</SchemaData></ExtendedData>
      <Point><coordinates>-55.830000834728,-15.2699998161801</coordinates></Point>
  </Placemark>
  <Placemark>
	<ExtendedData><SchemaData schemaUrl="#focos_inpe">
		<SimpleData name="estado">MATO GROSSO</SimpleData>
		<SimpleData name="riscofogo">1.0</SimpleData>
		<SimpleData name="frp">0.000</SimpleData>
		<SimpleData name="municipio">CHAPADA DOS GUIMARAES</SimpleData>
		<SimpleData name="precipitac">0.0</SimpleData>
		<SimpleData name="satelite">GOES-16</SimpleData>
		<SimpleData name="bioma">Cerrado</SimpleData>
		<SimpleData name="datahora">2019/08/11 19:33:49</SimpleData>
		<SimpleData name="diasemchuv">16</SimpleData>
		<SimpleData name="pais">Brasil</SimpleData>
		<SimpleData name="areaproteg">PARNA DA CHAPADA DOS GUIMARAES</SimpleData>
	</SchemaData></ExtendedData>
      <Point><coordinates>-55.8499999029527,-15.2699998161801</coordinates></Point>
  </Placemark>
  <Placemark>
	<ExtendedData><SchemaData schemaUrl="#focos_inpe">
		<SimpleData name="estado">MATO GROSSO</SimpleData>
		<SimpleData name="riscofogo">1.0</SimpleData>
		<SimpleData name="frp">0.000</SimpleData>
		<SimpleData name="municipio">CHAPADA DOS GUIMARAES</SimpleData>
		<SimpleData name="precipitac">0.0</SimpleData>
		<SimpleData name="satelite">GOES-16</SimpleData>
		<SimpleData name="bioma">Cerrado</SimpleData>
		<SimpleData name="datahora">2019/08/11 20:03:50</SimpleData>
		<SimpleData name="diasemchuv">16</SimpleData>
		<SimpleData name="pais">Brasil</SimpleData>
		<SimpleData name="areaproteg">PARNA DA CHAPADA DOS GUIMARAES</SimpleData>
	</SchemaData></ExtendedData>
      <Point><coordinates>-55.8499999029527,-15.2699998161801</coordinates></Point>
  </Placemark>
  <Placemark>
	<ExtendedData><SchemaData schemaUrl="#focos_inpe">
		<SimpleData name="estado">MATO GROSSO</SimpleData>
		<SimpleData name="riscofogo">1.0</SimpleData>
		<SimpleData name="frp">0.000</SimpleData>
		<SimpleData name="municipio">CHAPADA DOS GUIMARAES</SimpleData>
		<SimpleData name="precipitac">0.0</SimpleData>
		<SimpleData name="satelite">GOES-16</SimpleData>
		<SimpleData name="bioma">Cerrado</SimpleData>
		<SimpleData name="datahora">2019/08/11 20:33:49</SimpleData>
		<SimpleData name="diasemchuv">16</SimpleData>
		<SimpleData name="pais">Brasil</SimpleData>
		<SimpleData name="areaproteg">PARNA DA CHAPADA DOS GUIMARAES</SimpleData>
	</SchemaData></ExtendedData>
      <Point><coordinates>-55.8499999029527,-15.2500007479554</coordinates></Point>
  </Placemark>
  <Placemark>
	<ExtendedData><SchemaData schemaUrl="#focos_inpe">
		<SimpleData name="estado">MATO GROSSO</SimpleData>
		<SimpleData name="riscofogo">1.0</SimpleData>
		<SimpleData name="frp">0.000</SimpleData>
		<SimpleData name="municipio">CHAPADA DOS GUIMARAES</SimpleData>
		<SimpleData name="precipitac">0.0</SimpleData>
		<SimpleData name="satelite">GOES-16</SimpleData>
		<SimpleData name="bioma">Cerrado</SimpleData>
		<SimpleData name="datahora">2019/08/11 21:03:49</SimpleData>
		<SimpleData name="diasemchuv">16</SimpleData>
		<SimpleData name="pais">Brasil</SimpleData>
		<SimpleData name="areaproteg">PARNA DA CHAPADA DOS GUIMARAES</SimpleData>
	</SchemaData></ExtendedData>
      <Point><coordinates>-55.830000834728,-15.2699998161801</coordinates></Point>
  </Placemark>
  <Placemark>
	<ExtendedData><SchemaData schemaUrl="#focos_inpe">
		<SimpleData name="estado">MATO GROSSO</SimpleData>
		<SimpleData name="riscofogo">1.0</SimpleData>
		<SimpleData name="frp">0.000</SimpleData>
		<SimpleData name="municipio">CUIABA</SimpleData>
		<SimpleData name="precipitac">0.0</SimpleData>
		<SimpleData name="satelite">GOES-16</SimpleData>
		<SimpleData name="bioma">Cerrado</SimpleData>
		<SimpleData name="datahora">2019/08/08 22:03:49</SimpleData>
		<SimpleData name="diasemchuv">17</SimpleData>
		<SimpleData name="pais">Brasil</SimpleData>
		<SimpleData name="areaproteg">PARNA DA CHAPADA DOS GUIMARAES</SimpleData>
	</SchemaData></ExtendedData>
      <Point><coordinates>-55.9599970077391,-15.3399987845171</coordinates></Point>
  </Placemark>
  <Placemark>
	<ExtendedData><SchemaData schemaUrl="#focos_inpe">
		<SimpleData name="estado">MATO GROSSO</SimpleData>
		<SimpleData name="riscofogo">1.0</SimpleData>
		<SimpleData name="frp">0.000</SimpleData>
		<SimpleData name="municipio">CUIABA</SimpleData>
		<SimpleData name="precipitac">0.0</SimpleData>
		<SimpleData name="satelite">GOES-16</SimpleData>
		<SimpleData name="bioma">Cerrado</SimpleData>
		<SimpleData name="datahora">2019/08/09 14:03:48</SimpleData>
		<SimpleData name="diasemchuv">17</SimpleData>
		<SimpleData name="pais">Brasil</SimpleData>
		<SimpleData name="areaproteg">PARNA DA CHAPADA DOS GUIMARAES</SimpleData>
	</SchemaData></ExtendedData>
      <Point><coordinates>-55.9599970077391,-15.3599978527418</coordinates></Point>
  </Placemark>
  <Placemark>
	<ExtendedData><SchemaData schemaUrl="#focos_inpe">
		<SimpleData name="estado">MATO GROSSO</SimpleData>
		<SimpleData name="riscofogo">1.0</SimpleData>
		<SimpleData name="frp">0.000</SimpleData>
		<SimpleData name="municipio">CUIABA</SimpleData>
		<SimpleData name="precipitac">0.0</SimpleData>
		<SimpleData name="satelite">GOES-16</SimpleData>
		<SimpleData name="bioma">Cerrado</SimpleData>
		<SimpleData name="datahora">2019/08/09 21:43:48</SimpleData>
		<SimpleData name="diasemchuv">17</SimpleData>
		<SimpleData name="pais">Brasil</SimpleData>
		<SimpleData name="areaproteg">PARNA DA CHAPADA DOS GUIMARAES</SimpleData>
	</SchemaData></ExtendedData>
      <Point><coordinates>-55.9599970077391,-15.3599978527418</coordinates></Point>
  </Placemark>
  <Placemark>
	<ExtendedData><SchemaData schemaUrl="#focos_inpe">
		<SimpleData name="estado">MATO GROSSO</SimpleData>
		<SimpleData name="riscofogo">1.0</SimpleData>
		<SimpleData name="frp">0.000</SimpleData>
		<SimpleData name="municipio">CHAPADA DOS GUIMARAES</SimpleData>
		<SimpleData name="precipitac">0.0</SimpleData>
		<SimpleData name="satelite">GOES-16</SimpleData>
		<SimpleData name="bioma">Cerrado</SimpleData>
		<SimpleData name="datahora">2019/08/11 21:03:49</SimpleData>
		<SimpleData name="diasemchuv">17</SimpleData>
		<SimpleData name="pais">Brasil</SimpleData>
		<SimpleData name="areaproteg">PARNA DA CHAPADA DOS GUIMARAES</SimpleData>
	</SchemaData></ExtendedData>
      <Point><coordinates>-55.8699989711774,-15.2699998161801</coordinates></Point>
  </Placemark>
  <Placemark>
	<ExtendedData><SchemaData schemaUrl="#focos_inpe">
		<SimpleData name="estado">MATO GROSSO</SimpleData>
		<SimpleData name="riscofogo">1.0</SimpleData>
		<SimpleData name="frp">0.000</SimpleData>
		<SimpleData name="municipio">CHAPADA DOS GUIMARAES</SimpleData>
		<SimpleData name="precipitac">0.0</SimpleData>
		<SimpleData name="satelite">GOES-16</SimpleData>
		<SimpleData name="bioma">Cerrado</SimpleData>
		<SimpleData name="datahora">2019/08/12 14:03:50</SimpleData>
		<SimpleData name="diasemchuv">17</SimpleData>
		<SimpleData name="pais">Brasil</SimpleData>
		<SimpleData name="areaproteg">PARNA DA CHAPADA DOS GUIMARAES</SimpleData>
	</SchemaData></ExtendedData>
      <Point><coordinates>-55.8499999029527,-15.2699998161801</coordinates></Point>
  </Placemark>
  <Placemark>
	<ExtendedData><SchemaData schemaUrl="#focos_inpe">
		<SimpleData name="estado">MATO GROSSO</SimpleData>
		<SimpleData name="riscofogo">1.0</SimpleData>
		<SimpleData name="frp">0.000</SimpleData>
		<SimpleData name="municipio">CHAPADA DOS GUIMARAES</SimpleData>
		<SimpleData name="precipitac">0.0</SimpleData>
		<SimpleData name="satelite">GOES-16</SimpleData>
		<SimpleData name="bioma">Cerrado</SimpleData>
		<SimpleData name="datahora">2019/08/12 14:33:49</SimpleData>
		<SimpleData name="diasemchuv">17</SimpleData>
		<SimpleData name="pais">Brasil</SimpleData>
		<SimpleData name="areaproteg">PARNA DA CHAPADA DOS GUIMARAES</SimpleData>
	</SchemaData></ExtendedData>
      <Point><coordinates>-55.8499999029527,-15.2500007479554</coordinates></Point>
  </Placemark>
  <Placemark>
	<ExtendedData><SchemaData schemaUrl="#focos_inpe">
		<SimpleData name="estado">MATO GROSSO</SimpleData>
		<SimpleData name="riscofogo">1.0</SimpleData>
		<SimpleData name="frp">0.000</SimpleData>
		<SimpleData name="municipio">CHAPADA DOS GUIMARAES</SimpleData>
		<SimpleData name="precipitac">0.0</SimpleData>
		<SimpleData name="satelite">GOES-16</SimpleData>
		<SimpleData name="bioma">Cerrado</SimpleData>
		<SimpleData name="datahora">2019/08/12 19:33:49</SimpleData>
		<SimpleData name="diasemchuv">17</SimpleData>
		<SimpleData name="pais">Brasil</SimpleData>
		<SimpleData name="areaproteg">PARNA DA CHAPADA DOS GUIMARAES</SimpleData>
	</SchemaData></ExtendedData>
      <Point><coordinates>-55.8499999029527,-15.2699998161801</coordinates></Point>
  </Placemark>
  <Placemark>
	<ExtendedData><SchemaData schemaUrl="#focos_inpe">
		<SimpleData name="estado">MATO GROSSO</SimpleData>
		<SimpleData name="riscofogo">1.0</SimpleData>
		<SimpleData name="frp">0.000</SimpleData>
		<SimpleData name="municipio">CHAPADA DOS GUIMARAES</SimpleData>
		<SimpleData name="precipitac">0.0</SimpleData>
		<SimpleData name="satelite">GOES-16</SimpleData>
		<SimpleData name="bioma">Cerrado</SimpleData>
		<SimpleData name="datahora">2019/08/12 20:03:50</SimpleData>
		<SimpleData name="diasemchuv">17</SimpleData>
		<SimpleData name="pais">Brasil</SimpleData>
		<SimpleData name="areaproteg">PARNA DA CHAPADA DOS GUIMARAES</SimpleData>
	</SchemaData></ExtendedData>
      <Point><coordinates>-55.8499999029527,-15.2699998161801</coordinates></Point>
  </Placemark>
  <Placemark>
	<ExtendedData><SchemaData schemaUrl="#focos_inpe">
		<SimpleData name="estado">MATO GROSSO</SimpleData>
		<SimpleData name="riscofogo">1.0</SimpleData>
		<SimpleData name="frp">0.000</SimpleData>
		<SimpleData name="municipio">CHAPADA DOS GUIMARAES</SimpleData>
		<SimpleData name="precipitac">0.0</SimpleData>
		<SimpleData name="satelite">GOES-16</SimpleData>
		<SimpleData name="bioma">Cerrado</SimpleData>
		<SimpleData name="datahora">2019/08/12 20:33:49</SimpleData>
		<SimpleData name="diasemchuv">17</SimpleData>
		<SimpleData name="pais">Brasil</SimpleData>
		<SimpleData name="areaproteg">PARNA DA CHAPADA DOS GUIMARAES</SimpleData>
	</SchemaData></ExtendedData>
      <Point><coordinates>-55.8499999029527,-15.2699998161801</coordinates></Point>
  </Placemark>
  <Placemark>
	<ExtendedData><SchemaData schemaUrl="#focos_inpe">
		<SimpleData name="estado">MATO GROSSO</SimpleData>
		<SimpleData name="riscofogo">1.0</SimpleData>
		<SimpleData name="frp">0.000</SimpleData>
		<SimpleData name="municipio">CUIABA</SimpleData>
		<SimpleData name="precipitac">0.0</SimpleData>
		<SimpleData name="satelite">GOES-16</SimpleData>
		<SimpleData name="bioma">Cerrado</SimpleData>
		<SimpleData name="datahora">2019/08/10 15:03:49</SimpleData>
		<SimpleData name="diasemchuv">18</SimpleData>
		<SimpleData name="pais">Brasil</SimpleData>
		<SimpleData name="areaproteg">PARNA DA CHAPADA DOS GUIMARAES</SimpleData>
	</SchemaData></ExtendedData>
      <Point><coordinates>-55.9399979395144,-15.3399987845171</coordinates></Point>
  </Placemark>
  <Placemark>
	<ExtendedData><SchemaData schemaUrl="#focos_inpe">
		<SimpleData name="estado">MATO GROSSO</SimpleData>
		<SimpleData name="riscofogo">1.0</SimpleData>
		<SimpleData name="frp">0.000</SimpleData>
		<SimpleData name="municipio">CHAPADA DOS GUIMARAES</SimpleData>
		<SimpleData name="precipitac">0.0</SimpleData>
		<SimpleData name="satelite">GOES-16</SimpleData>
		<SimpleData name="bioma">Cerrado</SimpleData>
		<SimpleData name="datahora">2019/08/12 18:33:50</SimpleData>
		<SimpleData name="diasemchuv">18</SimpleData>
		<SimpleData name="pais">Brasil</SimpleData>
		<SimpleData name="areaproteg">PARNA DA CHAPADA DOS GUIMARAES</SimpleData>
	</SchemaData></ExtendedData>
      <Point><coordinates>-55.8499999029527,-15.2899988844048</coordinates></Point>
  </Placemark>
  <Placemark>
	<ExtendedData><SchemaData schemaUrl="#focos_inpe">
		<SimpleData name="estado">MATO GROSSO</SimpleData>
		<SimpleData name="riscofogo">1.0</SimpleData>
		<SimpleData name="frp">0.000</SimpleData>
		<SimpleData name="municipio">CHAPADA DOS GUIMARAES</SimpleData>
		<SimpleData name="precipitac">0.0</SimpleData>
		<SimpleData name="satelite">GOES-16</SimpleData>
		<SimpleData name="bioma">Cerrado</SimpleData>
		<SimpleData name="datahora">2019/08/12 19:03:49</SimpleData>
		<SimpleData name="diasemchuv">18</SimpleData>
		<SimpleData name="pais">Brasil</SimpleData>
		<SimpleData name="areaproteg">PARNA DA CHAPADA DOS GUIMARAES</SimpleData>
	</SchemaData></ExtendedData>
      <Point><coordinates>-55.8499999029527,-15.2899988844048</coordinates></Point>
  </Placemark>
  <Placemark>
	<ExtendedData><SchemaData schemaUrl="#focos_inpe">
		<SimpleData name="estado">MATO GROSSO</SimpleData>
		<SimpleData name="riscofogo">1.0</SimpleData>
		<SimpleData name="frp">0.000</SimpleData>
		<SimpleData name="municipio">CHAPADA DOS GUIMARAES</SimpleData>
		<SimpleData name="precipitac">0.0</SimpleData>
		<SimpleData name="satelite">GOES-16</SimpleData>
		<SimpleData name="bioma">Cerrado</SimpleData>
		<SimpleData name="datahora">2019/08/12 20:33:49</SimpleData>
		<SimpleData name="diasemchuv">18</SimpleData>
		<SimpleData name="pais">Brasil</SimpleData>
		<SimpleData name="areaproteg">PARNA DA CHAPADA DOS GUIMARAES</SimpleData>
	</SchemaData></ExtendedData>
      <Point><coordinates>-55.8699989711774,-15.2699998161801</coordinates></Point>
  </Placemark>
  <Placemark>
	<ExtendedData><SchemaData schemaUrl="#focos_inpe">
		<SimpleData name="estado">MATO GROSSO</SimpleData>
		<SimpleData name="riscofogo">1.0</SimpleData>
		<SimpleData name="frp">0.000</SimpleData>
		<SimpleData name="municipio">CHAPADA DOS GUIMARAES</SimpleData>
		<SimpleData name="precipitac">0.0</SimpleData>
		<SimpleData name="satelite">GOES-16</SimpleData>
		<SimpleData name="bioma">Cerrado</SimpleData>
		<SimpleData name="datahora">2019/08/12 23:53:49</SimpleData>
		<SimpleData name="diasemchuv">18</SimpleData>
		<SimpleData name="pais">Brasil</SimpleData>
		<SimpleData name="areaproteg">PARNA DA CHAPADA DOS GUIMARAES</SimpleData>
	</SchemaData></ExtendedData>
      <Point><coordinates>-55.8499999029527,-15.2899988844048</coordinates></Point>
  </Placemark>
  <Placemark>
	<ExtendedData><SchemaData schemaUrl="#focos_inpe">
		<SimpleData name="estado">MATO GROSSO</SimpleData>
		<SimpleData name="riscofogo">1.0</SimpleData>
		<SimpleData name="frp">0.000</SimpleData>
		<SimpleData name="municipio">CHAPADA DOS GUIMARAES</SimpleData>
		<SimpleData name="precipitac">0.0</SimpleData>
		<SimpleData name="satelite">GOES-16</SimpleData>
		<SimpleData name="bioma">Cerrado</SimpleData>
		<SimpleData name="datahora">2019/08/13 16:03:49</SimpleData>
		<SimpleData name="diasemchuv">18</SimpleData>
		<SimpleData name="pais">Brasil</SimpleData>
		<SimpleData name="areaproteg">PARNA DA CHAPADA DOS GUIMARAES</SimpleData>
	</SchemaData></ExtendedData>
      <Point><coordinates>-55.8499999029527,-15.2500007479554</coordinates></Point>
  </Placemark>
  <Placemark>
	<ExtendedData><SchemaData schemaUrl="#focos_inpe">
		<SimpleData name="estado">MATO GROSSO</SimpleData>
		<SimpleData name="riscofogo">1.0</SimpleData>
		<SimpleData name="frp">0.000</SimpleData>
		<SimpleData name="municipio">CHAPADA DOS GUIMARAES</SimpleData>
		<SimpleData name="precipitac">0.0</SimpleData>
		<SimpleData name="satelite">GOES-16</SimpleData>
		<SimpleData name="bioma">Cerrado</SimpleData>
		<SimpleData name="datahora">2019/08/13 16:03:49</SimpleData>
		<SimpleData name="diasemchuv">18</SimpleData>
		<SimpleData name="pais">Brasil</SimpleData>
		<SimpleData name="areaproteg">PARNA DA CHAPADA DOS GUIMARAES</SimpleData>
	</SchemaData></ExtendedData>
      <Point><coordinates>-55.830000834728,-15.2699998161801</coordinates></Point>
  </Placemark>
  <Placemark>
	<ExtendedData><SchemaData schemaUrl="#focos_inpe">
		<SimpleData name="estado">MATO GROSSO</SimpleData>
		<SimpleData name="riscofogo">1.0</SimpleData>
		<SimpleData name="frp">0.000</SimpleData>
		<SimpleData name="municipio">CHAPADA DOS GUIMARAES</SimpleData>
		<SimpleData name="precipitac">0.0</SimpleData>
		<SimpleData name="satelite">GOES-16</SimpleData>
		<SimpleData name="bioma">Cerrado</SimpleData>
		<SimpleData name="datahora">2019/08/13 18:03:49</SimpleData>
		<SimpleData name="diasemchuv">18</SimpleData>
		<SimpleData name="pais">Brasil</SimpleData>
		<SimpleData name="areaproteg">PARNA DA CHAPADA DOS GUIMARAES</SimpleData>
	</SchemaData></ExtendedData>
      <Point><coordinates>-55.8499999029527,-15.2500007479554</coordinates></Point>
  </Placemark>
  <Placemark>
	<ExtendedData><SchemaData schemaUrl="#focos_inpe">
		<SimpleData name="estado">MATO GROSSO</SimpleData>
		<SimpleData name="riscofogo">1.0</SimpleData>
		<SimpleData name="frp">0.000</SimpleData>
		<SimpleData name="municipio">CHAPADA DOS GUIMARAES</SimpleData>
		<SimpleData name="precipitac">0.0</SimpleData>
		<SimpleData name="satelite">GOES-16</SimpleData>
		<SimpleData name="bioma">Cerrado</SimpleData>
		<SimpleData name="datahora">2019/08/13 19:03:49</SimpleData>
		<SimpleData name="diasemchuv">18</SimpleData>
		<SimpleData name="pais">Brasil</SimpleData>
		<SimpleData name="areaproteg">PARNA DA CHAPADA DOS GUIMARAES</SimpleData>
	</SchemaData></ExtendedData>
      <Point><coordinates>-55.8499999029527,-15.2500007479554</coordinates></Point>
  </Placemark>
  <Placemark>
	<ExtendedData><SchemaData schemaUrl="#focos_inpe">
		<SimpleData name="estado">MATO GROSSO</SimpleData>
		<SimpleData name="riscofogo">1.0</SimpleData>
		<SimpleData name="frp">0.000</SimpleData>
		<SimpleData name="municipio">CHAPADA DOS GUIMARAES</SimpleData>
		<SimpleData name="precipitac">0.0</SimpleData>
		<SimpleData name="satelite">GOES-16</SimpleData>
		<SimpleData name="bioma">Cerrado</SimpleData>
		<SimpleData name="datahora">2019/08/13 23:53:49</SimpleData>
		<SimpleData name="diasemchuv">18</SimpleData>
		<SimpleData name="pais">Brasil</SimpleData>
		<SimpleData name="areaproteg">PARNA DA CHAPADA DOS GUIMARAES</SimpleData>
	</SchemaData></ExtendedData>
      <Point><coordinates>-55.8100017665033,-15.2699998161801</coordinates></Point>
  </Placemark>
  <Placemark>
	<ExtendedData><SchemaData schemaUrl="#focos_inpe">
		<SimpleData name="estado">MATO GROSSO</SimpleData>
		<SimpleData name="riscofogo">1.0</SimpleData>
		<SimpleData name="frp">0.000</SimpleData>
		<SimpleData name="municipio">CHAPADA DOS GUIMARAES</SimpleData>
		<SimpleData name="precipitac">0.0</SimpleData>
		<SimpleData name="satelite">GOES-16</SimpleData>
		<SimpleData name="bioma">Cerrado</SimpleData>
		<SimpleData name="datahora">2019/08/12 17:03:50</SimpleData>
		<SimpleData name="diasemchuv">19</SimpleData>
		<SimpleData name="pais">Brasil</SimpleData>
		<SimpleData name="areaproteg">PARNA DA CHAPADA DOS GUIMARAES</SimpleData>
	</SchemaData></ExtendedData>
      <Point><coordinates>-55.8699989711774,-15.2899988844048</coordinates></Point>
  </Placemark>
  <Placemark>
	<ExtendedData><SchemaData schemaUrl="#focos_inpe">
		<SimpleData name="estado">MATO GROSSO</SimpleData>
		<SimpleData name="riscofogo">1.0</SimpleData>
		<SimpleData name="frp">0.000</SimpleData>
		<SimpleData name="municipio">CHAPADA DOS GUIMARAES</SimpleData>
		<SimpleData name="precipitac">0.0</SimpleData>
		<SimpleData name="satelite">GOES-16</SimpleData>
		<SimpleData name="bioma">Cerrado</SimpleData>
		<SimpleData name="datahora">2019/08/12 18:33:50</SimpleData>
		<SimpleData name="diasemchuv">19</SimpleData>
		<SimpleData name="pais">Brasil</SimpleData>
		<SimpleData name="areaproteg">PARNA DA CHAPADA DOS GUIMARAES</SimpleData>
	</SchemaData></ExtendedData>
      <Point><coordinates>-55.8899980394022,-15.2699998161801</coordinates></Point>
  </Placemark>
  <Placemark>
	<ExtendedData><SchemaData schemaUrl="#focos_inpe">
		<SimpleData name="estado">MATO GROSSO</SimpleData>
		<SimpleData name="riscofogo">1.0</SimpleData>
		<SimpleData name="frp">0.000</SimpleData>
		<SimpleData name="municipio">CHAPADA DOS GUIMARAES</SimpleData>
		<SimpleData name="precipitac">0.0</SimpleData>
		<SimpleData name="satelite">GOES-16</SimpleData>
		<SimpleData name="bioma">Cerrado</SimpleData>
		<SimpleData name="datahora">2019/08/12 19:03:49</SimpleData>
		<SimpleData name="diasemchuv">19</SimpleData>
		<SimpleData name="pais">Brasil</SimpleData>
		<SimpleData name="areaproteg">PARNA DA CHAPADA DOS GUIMARAES</SimpleData>
	</SchemaData></ExtendedData>
      <Point><coordinates>-55.8699989711774,-15.2899988844048</coordinates></Point>
  </Placemark>
  <Placemark>
	<ExtendedData><SchemaData schemaUrl="#focos_inpe">
		<SimpleData name="estado">MATO GROSSO</SimpleData>
		<SimpleData name="riscofogo">1.0</SimpleData>
		<SimpleData name="frp">0.000</SimpleData>
		<SimpleData name="municipio">CHAPADA DOS GUIMARAES</SimpleData>
		<SimpleData name="precipitac">0.0</SimpleData>
		<SimpleData name="satelite">GOES-16</SimpleData>
		<SimpleData name="bioma">Cerrado</SimpleData>
		<SimpleData name="datahora">2019/08/12 19:33:49</SimpleData>
		<SimpleData name="diasemchuv">19</SimpleData>
		<SimpleData name="pais">Brasil</SimpleData>
		<SimpleData name="areaproteg">PARNA DA CHAPADA DOS GUIMARAES</SimpleData>
	</SchemaData></ExtendedData>
      <Point><coordinates>-55.8699989711774,-15.2899988844048</coordinates></Point>
  </Placemark>
  <Placemark>
	<ExtendedData><SchemaData schemaUrl="#focos_inpe">
		<SimpleData name="estado">MATO GROSSO</SimpleData>
		<SimpleData name="riscofogo">1.0</SimpleData>
		<SimpleData name="frp">0.000</SimpleData>
		<SimpleData name="municipio">CHAPADA DOS GUIMARAES</SimpleData>
		<SimpleData name="precipitac">0.0</SimpleData>
		<SimpleData name="satelite">GOES-16</SimpleData>
		<SimpleData name="bioma">Cerrado</SimpleData>
		<SimpleData name="datahora">2019/08/14 00:03:49</SimpleData>
		<SimpleData name="diasemchuv">19</SimpleData>
		<SimpleData name="pais">Brasil</SimpleData>
		<SimpleData name="areaproteg">PARNA DA CHAPADA DOS GUIMARAES</SimpleData>
	</SchemaData></ExtendedData>
      <Point><coordinates>-55.8100017665033,-15.2699998161801</coordinates></Point>
  </Placemark>
  <Placemark>
	<ExtendedData><SchemaData schemaUrl="#focos_inpe">
		<SimpleData name="estado">MATO GROSSO</SimpleData>
		<SimpleData name="riscofogo">1.0</SimpleData>
		<SimpleData name="frp">0.000</SimpleData>
		<SimpleData name="municipio">CHAPADA DOS GUIMARAES</SimpleData>
		<SimpleData name="precipitac">0.0</SimpleData>
		<SimpleData name="satelite">GOES-16</SimpleData>
		<SimpleData name="bioma">Cerrado</SimpleData>
		<SimpleData name="datahora">2019/08/15 15:33:50</SimpleData>
		<SimpleData name="diasemchuv">20</SimpleData>
		<SimpleData name="pais">Brasil</SimpleData>
		<SimpleData name="areaproteg">PARNA DA CHAPADA DOS GUIMARAES</SimpleData>
	</SchemaData></ExtendedData>
      <Point><coordinates>-55.830000834728,-15.2699998161801</coordinates></Point>
  </Placemark>
  <Placemark>
	<ExtendedData><SchemaData schemaUrl="#focos_inpe">
		<SimpleData name="estado">MATO GROSSO</SimpleData>
		<SimpleData name="riscofogo">1.0</SimpleData>
		<SimpleData name="frp">0.000</SimpleData>
		<SimpleData name="municipio">CHAPADA DOS GUIMARAES</SimpleData>
		<SimpleData name="precipitac">0.0</SimpleData>
		<SimpleData name="satelite">GOES-16</SimpleData>
		<SimpleData name="bioma">Cerrado</SimpleData>
		<SimpleData name="datahora">2019/08/15 21:33:50</SimpleData>
		<SimpleData name="diasemchuv">20</SimpleData>
		<SimpleData name="pais">Brasil</SimpleData>
		<SimpleData name="areaproteg">PARNA DA CHAPADA DOS GUIMARAES</SimpleData>
	</SchemaData></ExtendedData>
      <Point><coordinates>-55.8100017665033,-15.2899988844048</coordinates></Point>
  </Placemark>
  <Placemark>
	<ExtendedData><SchemaData schemaUrl="#focos_inpe">
		<SimpleData name="estado">MATO GROSSO</SimpleData>
		<SimpleData name="riscofogo">1.0</SimpleData>
		<SimpleData name="frp">0.000</SimpleData>
		<SimpleData name="municipio">CHAPADA DOS GUIMARAES</SimpleData>
		<SimpleData name="precipitac">0.0</SimpleData>
		<SimpleData name="satelite">GOES-16</SimpleData>
		<SimpleData name="bioma">Cerrado</SimpleData>
		<SimpleData name="datahora">2019/08/15 21:43:50</SimpleData>
		<SimpleData name="diasemchuv">20</SimpleData>
		<SimpleData name="pais">Brasil</SimpleData>
		<SimpleData name="areaproteg">PARNA DA CHAPADA DOS GUIMARAES</SimpleData>
	</SchemaData></ExtendedData>
      <Point><coordinates>-55.8100017665033,-15.2899988844048</coordinates></Point>
  </Placemark>
  <Placemark>
	<ExtendedData><SchemaData schemaUrl="#focos_inpe">
		<SimpleData name="estado">MATO GROSSO</SimpleData>
		<SimpleData name="riscofogo">1.0</SimpleData>
		<SimpleData name="frp">0.000</SimpleData>
		<SimpleData name="municipio">CHAPADA DOS GUIMARAES</SimpleData>
		<SimpleData name="precipitac">0.0</SimpleData>
		<SimpleData name="satelite">GOES-16</SimpleData>
		<SimpleData name="bioma">Cerrado</SimpleData>
		<SimpleData name="datahora">2019/08/15 22:03:49</SimpleData>
		<SimpleData name="diasemchuv">20</SimpleData>
		<SimpleData name="pais">Brasil</SimpleData>
		<SimpleData name="areaproteg">PARNA DA CHAPADA DOS GUIMARAES</SimpleData>
	</SchemaData></ExtendedData>
      <Point><coordinates>-55.8100017665033,-15.2899988844048</coordinates></Point>
  </Placemark>
  <Placemark>
	<ExtendedData><SchemaData schemaUrl="#focos_inpe">
		<SimpleData name="estado">MATO GROSSO</SimpleData>
		<SimpleData name="riscofogo">1.0</SimpleData>
		<SimpleData name="frp">0.000</SimpleData>
		<SimpleData name="municipio">CHAPADA DOS GUIMARAES</SimpleData>
		<SimpleData name="precipitac">0.0</SimpleData>
		<SimpleData name="satelite">GOES-16</SimpleData>
		<SimpleData name="bioma">Cerrado</SimpleData>
		<SimpleData name="datahora">2019/08/15 23:33:49</SimpleData>
		<SimpleData name="diasemchuv">20</SimpleData>
		<SimpleData name="pais">Brasil</SimpleData>
		<SimpleData name="areaproteg">PARNA DA CHAPADA DOS GUIMARAES</SimpleData>
	</SchemaData></ExtendedData>
      <Point><coordinates>-55.8100017665033,-15.2899988844048</coordinates></Point>
  </Placemark>
  <Placemark>
	<ExtendedData><SchemaData schemaUrl="#focos_inpe">
		<SimpleData name="estado">MATO GROSSO</SimpleData>
		<SimpleData name="riscofogo">1.0</SimpleData>
		<SimpleData name="frp">0.000</SimpleData>
		<SimpleData name="municipio">CHAPADA DOS GUIMARAES</SimpleData>
		<SimpleData name="precipitac">0.0</SimpleData>
		<SimpleData name="satelite">GOES-16</SimpleData>
		<SimpleData name="bioma">Cerrado</SimpleData>
		<SimpleData name="datahora">2019/08/15 17:03:50</SimpleData>
		<SimpleData name="diasemchuv">21</SimpleData>
		<SimpleData name="pais">Brasil</SimpleData>
		<SimpleData name="areaproteg">PARNA DA CHAPADA DOS GUIMARAES</SimpleData>
	</SchemaData></ExtendedData>
      <Point><coordinates>-55.8499999029527,-15.2899988844048</coordinates></Point>
  </Placemark>
  <Placemark>
	<ExtendedData><SchemaData schemaUrl="#focos_inpe">
		<SimpleData name="estado">MATO GROSSO</SimpleData>
		<SimpleData name="riscofogo">1.0</SimpleData>
		<SimpleData name="frp">0.000</SimpleData>
		<SimpleData name="municipio">CUIABA</SimpleData>
		<SimpleData name="precipitac">0.0</SimpleData>
		<SimpleData name="satelite">GOES-16</SimpleData>
		<SimpleData name="bioma">Cerrado</SimpleData>
		<SimpleData name="datahora">2019/08/15 17:33:49</SimpleData>
		<SimpleData name="diasemchuv">21</SimpleData>
		<SimpleData name="pais">Brasil</SimpleData>
		<SimpleData name="areaproteg">PARNA DA CHAPADA DOS GUIMARAES</SimpleData>
	</SchemaData></ExtendedData>
      <Point><coordinates>-55.8199990710652,-15.3100024117306</coordinates></Point>
  </Placemark>
  <Placemark>
	<ExtendedData><SchemaData schemaUrl="#focos_inpe">
		<SimpleData name="estado">MATO GROSSO</SimpleData>
		<SimpleData name="riscofogo">1.0</SimpleData>
		<SimpleData name="frp">0.000</SimpleData>
		<SimpleData name="municipio">CHAPADA DOS GUIMARAES</SimpleData>
		<SimpleData name="precipitac">0.0</SimpleData>
		<SimpleData name="satelite">GOES-16</SimpleData>
		<SimpleData name="bioma">Cerrado</SimpleData>
		<SimpleData name="datahora">2019/08/15 21:33:48</SimpleData>
		<SimpleData name="diasemchuv">21</SimpleData>
		<SimpleData name="pais">Brasil</SimpleData>
		<SimpleData name="areaproteg">PARNA DA CHAPADA DOS GUIMARAES</SimpleData>
	</SchemaData></ExtendedData>
      <Point><coordinates>-55.8000000028404,-15.3100024117306</coordinates></Point>
  </Placemark>
  <Placemark>
	<ExtendedData><SchemaData schemaUrl="#focos_inpe">
		<SimpleData name="estado">MATO GROSSO</SimpleData>
		<SimpleData name="riscofogo">1.0</SimpleData>
		<SimpleData name="frp">0.000</SimpleData>
		<SimpleData name="municipio">CUIABA</SimpleData>
		<SimpleData name="precipitac">0.0</SimpleData>
		<SimpleData name="satelite">GOES-16</SimpleData>
		<SimpleData name="bioma">Cerrado</SimpleData>
		<SimpleData name="datahora">2019/08/15 21:33:48</SimpleData>
		<SimpleData name="diasemchuv">21</SimpleData>
		<SimpleData name="pais">Brasil</SimpleData>
		<SimpleData name="areaproteg">PARNA DA CHAPADA DOS GUIMARAES</SimpleData>
	</SchemaData></ExtendedData>
      <Point><coordinates>-55.8199990710652,-15.3100024117306</coordinates></Point>
  </Placemark>
  <Placemark>
	<ExtendedData><SchemaData schemaUrl="#focos_inpe">
		<SimpleData name="estado">MATO GROSSO</SimpleData>
		<SimpleData name="riscofogo">1.0</SimpleData>
		<SimpleData name="frp">0.000</SimpleData>
		<SimpleData name="municipio">CHAPADA DOS GUIMARAES</SimpleData>
		<SimpleData name="precipitac">0.0</SimpleData>
		<SimpleData name="satelite">GOES-16</SimpleData>
		<SimpleData name="bioma">Cerrado</SimpleData>
		<SimpleData name="datahora">2019/08/15 21:33:50</SimpleData>
		<SimpleData name="diasemchuv">21</SimpleData>
		<SimpleData name="pais">Brasil</SimpleData>
		<SimpleData name="areaproteg">PARNA DA CHAPADA DOS GUIMARAES</SimpleData>
	</SchemaData></ExtendedData>
      <Point><coordinates>-55.830000834728,-15.2899988844048</coordinates></Point>
  </Placemark>
  <Placemark>
	<ExtendedData><SchemaData schemaUrl="#focos_inpe">
		<SimpleData name="estado">MATO GROSSO</SimpleData>
		<SimpleData name="riscofogo">1.0</SimpleData>
		<SimpleData name="frp">0.000</SimpleData>
		<SimpleData name="municipio">CUIABA</SimpleData>
		<SimpleData name="precipitac">0.0</SimpleData>
		<SimpleData name="satelite">GOES-16</SimpleData>
		<SimpleData name="bioma">Cerrado</SimpleData>
		<SimpleData name="datahora">2019/08/15 21:43:50</SimpleData>
		<SimpleData name="diasemchuv">21</SimpleData>
		<SimpleData name="pais">Brasil</SimpleData>
		<SimpleData name="areaproteg">PARNA DA CHAPADA DOS GUIMARAES</SimpleData>
	</SchemaData></ExtendedData>
      <Point><coordinates>-55.8199990710652,-15.3100024117306</coordinates></Point>
  </Placemark>
  <Placemark>
	<ExtendedData><SchemaData schemaUrl="#focos_inpe">
		<SimpleData name="estado">MATO GROSSO</SimpleData>
		<SimpleData name="riscofogo">1.0</SimpleData>
		<SimpleData name="frp">0.000</SimpleData>
		<SimpleData name="municipio">CHAPADA DOS GUIMARAES</SimpleData>
		<SimpleData name="precipitac">0.0</SimpleData>
		<SimpleData name="satelite">GOES-16</SimpleData>
		<SimpleData name="bioma">Cerrado</SimpleData>
		<SimpleData name="datahora">2019/08/15 21:43:50</SimpleData>
		<SimpleData name="diasemchuv">21</SimpleData>
		<SimpleData name="pais">Brasil</SimpleData>
		<SimpleData name="areaproteg">PARNA DA CHAPADA DOS GUIMARAES</SimpleData>
	</SchemaData></ExtendedData>
      <Point><coordinates>-55.830000834728,-15.2899988844048</coordinates></Point>
  </Placemark>
  <Placemark>
	<ExtendedData><SchemaData schemaUrl="#focos_inpe">
		<SimpleData name="estado">MATO GROSSO</SimpleData>
		<SimpleData name="riscofogo">1.0</SimpleData>
		<SimpleData name="frp">0.000</SimpleData>
		<SimpleData name="municipio">CHAPADA DOS GUIMARAES</SimpleData>
		<SimpleData name="precipitac">0.0</SimpleData>
		<SimpleData name="satelite">GOES-16</SimpleData>
		<SimpleData name="bioma">Cerrado</SimpleData>
		<SimpleData name="datahora">2019/08/15 21:43:50</SimpleData>
		<SimpleData name="diasemchuv">21</SimpleData>
		<SimpleData name="pais">Brasil</SimpleData>
		<SimpleData name="areaproteg">PARNA DA CHAPADA DOS GUIMARAES</SimpleData>
	</SchemaData></ExtendedData>
      <Point><coordinates>-55.8000000028404,-15.3100024117306</coordinates></Point>
  </Placemark>
  <Placemark>
	<ExtendedData><SchemaData schemaUrl="#focos_inpe">
		<SimpleData name="estado">MATO GROSSO</SimpleData>
		<SimpleData name="riscofogo">1.0</SimpleData>
		<SimpleData name="frp">0.000</SimpleData>
		<SimpleData name="municipio">CHAPADA DOS GUIMARAES</SimpleData>
		<SimpleData name="precipitac">0.0</SimpleData>
		<SimpleData name="satelite">GOES-16</SimpleData>
		<SimpleData name="bioma">Cerrado</SimpleData>
		<SimpleData name="datahora">2019/08/15 22:03:49</SimpleData>
		<SimpleData name="diasemchuv">21</SimpleData>
		<SimpleData name="pais">Brasil</SimpleData>
		<SimpleData name="areaproteg">PARNA DA CHAPADA DOS GUIMARAES</SimpleData>
	</SchemaData></ExtendedData>
      <Point><coordinates>-55.8000000028404,-15.3100024117306</coordinates></Point>
  </Placemark>
  <Placemark>
	<ExtendedData><SchemaData schemaUrl="#focos_inpe">
		<SimpleData name="estado">MATO GROSSO</SimpleData>
		<SimpleData name="riscofogo">1.0</SimpleData>
		<SimpleData name="frp">0.000</SimpleData>
		<SimpleData name="municipio">CUIABA</SimpleData>
		<SimpleData name="precipitac">0.0</SimpleData>
		<SimpleData name="satelite">GOES-16</SimpleData>
		<SimpleData name="bioma">Cerrado</SimpleData>
		<SimpleData name="datahora">2019/08/15 22:03:49</SimpleData>
		<SimpleData name="diasemchuv">21</SimpleData>
		<SimpleData name="pais">Brasil</SimpleData>
		<SimpleData name="areaproteg">PARNA DA CHAPADA DOS GUIMARAES</SimpleData>
	</SchemaData></ExtendedData>
      <Point><coordinates>-55.8199990710652,-15.3100024117306</coordinates></Point>
  </Placemark>
  <Placemark>
	<ExtendedData><SchemaData schemaUrl="#focos_inpe">
		<SimpleData name="estado">MATO GROSSO</SimpleData>
		<SimpleData name="riscofogo">1.0</SimpleData>
		<SimpleData name="frp">0.000</SimpleData>
		<SimpleData name="municipio">CHAPADA DOS GUIMARAES</SimpleData>
		<SimpleData name="precipitac">0.0</SimpleData>
		<SimpleData name="satelite">GOES-16</SimpleData>
		<SimpleData name="bioma">Cerrado</SimpleData>
		<SimpleData name="datahora">2019/08/15 22:13:49</SimpleData>
		<SimpleData name="diasemchuv">21</SimpleData>
		<SimpleData name="pais">Brasil</SimpleData>
		<SimpleData name="areaproteg">PARNA DA CHAPADA DOS GUIMARAES</SimpleData>
	</SchemaData></ExtendedData>
      <Point><coordinates>-55.830000834728,-15.2899988844048</coordinates></Point>
  </Placemark>
  <Placemark>
	<ExtendedData><SchemaData schemaUrl="#focos_inpe">
		<SimpleData name="estado">MATO GROSSO</SimpleData>
		<SimpleData name="riscofogo">1.0</SimpleData>
		<SimpleData name="frp">0.000</SimpleData>
		<SimpleData name="municipio">CHAPADA DOS GUIMARAES</SimpleData>
		<SimpleData name="precipitac">0.0</SimpleData>
		<SimpleData name="satelite">GOES-16</SimpleData>
		<SimpleData name="bioma">Cerrado</SimpleData>
		<SimpleData name="datahora">2019/08/15 22:43:49</SimpleData>
		<SimpleData name="diasemchuv">21</SimpleData>
		<SimpleData name="pais">Brasil</SimpleData>
		<SimpleData name="areaproteg">PARNA DA CHAPADA DOS GUIMARAES</SimpleData>
	</SchemaData></ExtendedData>
      <Point><coordinates>-55.830000834728,-15.2899988844048</coordinates></Point>
  </Placemark>
  <Placemark>
	<ExtendedData><SchemaData schemaUrl="#focos_inpe">
		<SimpleData name="estado">MATO GROSSO</SimpleData>
		<SimpleData name="riscofogo">1.0</SimpleData>
		<SimpleData name="frp">0.000</SimpleData>
		<SimpleData name="municipio">CHAPADA DOS GUIMARAES</SimpleData>
		<SimpleData name="precipitac">0.0</SimpleData>
		<SimpleData name="satelite">GOES-16</SimpleData>
		<SimpleData name="bioma">Cerrado</SimpleData>
		<SimpleData name="datahora">2019/08/15 23:13:50</SimpleData>
		<SimpleData name="diasemchuv">21</SimpleData>
		<SimpleData name="pais">Brasil</SimpleData>
		<SimpleData name="areaproteg">PARNA DA CHAPADA DOS GUIMARAES</SimpleData>
	</SchemaData></ExtendedData>
      <Point><coordinates>-55.830000834728,-15.2899988844048</coordinates></Point>
  </Placemark>
  <Placemark>
	<ExtendedData><SchemaData schemaUrl="#focos_inpe">
		<SimpleData name="estado">MATO GROSSO</SimpleData>
		<SimpleData name="riscofogo">1.0</SimpleData>
		<SimpleData name="frp">0.000</SimpleData>
		<SimpleData name="municipio">CHAPADA DOS GUIMARAES</SimpleData>
		<SimpleData name="precipitac">0.0</SimpleData>
		<SimpleData name="satelite">GOES-16</SimpleData>
		<SimpleData name="bioma">Cerrado</SimpleData>
		<SimpleData name="datahora">2019/08/15 23:33:49</SimpleData>
		<SimpleData name="diasemchuv">21</SimpleData>
		<SimpleData name="pais">Brasil</SimpleData>
		<SimpleData name="areaproteg">PARNA DA CHAPADA DOS GUIMARAES</SimpleData>
	</SchemaData></ExtendedData>
      <Point><coordinates>-55.830000834728,-15.2899988844048</coordinates></Point>
  </Placemark>
  <Placemark>
	<ExtendedData><SchemaData schemaUrl="#focos_inpe">
		<SimpleData name="estado">MATO GROSSO</SimpleData>
		<SimpleData name="riscofogo">1.0</SimpleData>
		<SimpleData name="frp">0.000</SimpleData>
		<SimpleData name="municipio">CHAPADA DOS GUIMARAES</SimpleData>
		<SimpleData name="precipitac">0.0</SimpleData>
		<SimpleData name="satelite">GOES-16</SimpleData>
		<SimpleData name="bioma">Cerrado</SimpleData>
		<SimpleData name="datahora">2019/08/16 00:13:49</SimpleData>
		<SimpleData name="diasemchuv">21</SimpleData>
		<SimpleData name="pais">Brasil</SimpleData>
		<SimpleData name="areaproteg">PARNA DA CHAPADA DOS GUIMARAES</SimpleData>
	</SchemaData></ExtendedData>
      <Point><coordinates>-55.8100017665033,-15.2899988844048</coordinates></Point>
  </Placemark>
  <Placemark>
	<ExtendedData><SchemaData schemaUrl="#focos_inpe">
		<SimpleData name="estado">MATO GROSSO</SimpleData>
		<SimpleData name="riscofogo">1.0</SimpleData>
		<SimpleData name="frp">0.000</SimpleData>
		<SimpleData name="municipio">CHAPADA DOS GUIMARAES</SimpleData>
		<SimpleData name="precipitac">0.0</SimpleData>
		<SimpleData name="satelite">GOES-16</SimpleData>
		<SimpleData name="bioma">Cerrado</SimpleData>
		<SimpleData name="datahora">2019/08/16 00:43:50</SimpleData>
		<SimpleData name="diasemchuv">21</SimpleData>
		<SimpleData name="pais">Brasil</SimpleData>
		<SimpleData name="areaproteg">PARNA DA CHAPADA DOS GUIMARAES</SimpleData>
	</SchemaData></ExtendedData>
      <Point><coordinates>-55.8100017665033,-15.2899988844048</coordinates></Point>
  </Placemark>
  <Placemark>
	<ExtendedData><SchemaData schemaUrl="#focos_inpe">
		<SimpleData name="estado">MATO GROSSO</SimpleData>
		<SimpleData name="riscofogo">1.0</SimpleData>
		<SimpleData name="frp">0.000</SimpleData>
		<SimpleData name="municipio">CHAPADA DOS GUIMARAES</SimpleData>
		<SimpleData name="precipitac">0.0</SimpleData>
		<SimpleData name="satelite">GOES-16</SimpleData>
		<SimpleData name="bioma">Cerrado</SimpleData>
		<SimpleData name="datahora">2019/08/16 01:03:49</SimpleData>
		<SimpleData name="diasemchuv">21</SimpleData>
		<SimpleData name="pais">Brasil</SimpleData>
		<SimpleData name="areaproteg">PARNA DA CHAPADA DOS GUIMARAES</SimpleData>
	</SchemaData></ExtendedData>
      <Point><coordinates>-55.8100017665033,-15.2899988844048</coordinates></Point>
  </Placemark>
  <Placemark>
	<ExtendedData><SchemaData schemaUrl="#focos_inpe">
		<SimpleData name="estado">MATO GROSSO</SimpleData>
		<SimpleData name="riscofogo">1.0</SimpleData>
		<SimpleData name="frp">0.000</SimpleData>
		<SimpleData name="municipio">CHAPADA DOS GUIMARAES</SimpleData>
		<SimpleData name="precipitac">0.0</SimpleData>
		<SimpleData name="satelite">GOES-16</SimpleData>
		<SimpleData name="bioma">Cerrado</SimpleData>
		<SimpleData name="datahora">2019/08/16 01:43:49</SimpleData>
		<SimpleData name="diasemchuv">21</SimpleData>
		<SimpleData name="pais">Brasil</SimpleData>
		<SimpleData name="areaproteg">PARNA DA CHAPADA DOS GUIMARAES</SimpleData>
	</SchemaData></ExtendedData>
      <Point><coordinates>-55.8100017665033,-15.2899988844048</coordinates></Point>
  </Placemark>
  <Placemark>
	<ExtendedData><SchemaData schemaUrl="#focos_inpe">
		<SimpleData name="estado">MATO GROSSO</SimpleData>
		<SimpleData name="riscofogo">1.0</SimpleData>
		<SimpleData name="frp">0.000</SimpleData>
		<SimpleData name="municipio">CHAPADA DOS GUIMARAES</SimpleData>
		<SimpleData name="precipitac">0.0</SimpleData>
		<SimpleData name="satelite">GOES-16</SimpleData>
		<SimpleData name="bioma">Cerrado</SimpleData>
		<SimpleData name="datahora">2019/08/16 17:53:49</SimpleData>
		<SimpleData name="diasemchuv">21</SimpleData>
		<SimpleData name="pais">Brasil</SimpleData>
		<SimpleData name="areaproteg">PARNA DA CHAPADA DOS GUIMARAES</SimpleData>
	</SchemaData></ExtendedData>
      <Point><coordinates>-55.830000834728,-15.2699998161801</coordinates></Point>
  </Placemark>
  <Placemark>
	<ExtendedData><SchemaData schemaUrl="#focos_inpe">
		<SimpleData name="estado">MATO GROSSO</SimpleData>
		<SimpleData name="riscofogo">1.0</SimpleData>
		<SimpleData name="frp">0.000</SimpleData>
		<SimpleData name="municipio">CHAPADA DOS GUIMARAES</SimpleData>
		<SimpleData name="precipitac">0.0</SimpleData>
		<SimpleData name="satelite">GOES-16</SimpleData>
		<SimpleData name="bioma">Cerrado</SimpleData>
		<SimpleData name="datahora">2019/08/16 18:33:50</SimpleData>
		<SimpleData name="diasemchuv">21</SimpleData>
		<SimpleData name="pais">Brasil</SimpleData>
		<SimpleData name="areaproteg">PARNA DA CHAPADA DOS GUIMARAES</SimpleData>
	</SchemaData></ExtendedData>
      <Point><coordinates>-55.8100017665033,-15.2899988844048</coordinates></Point>
  </Placemark>
  <Placemark>
	<ExtendedData><SchemaData schemaUrl="#focos_inpe">
		<SimpleData name="estado">MATO GROSSO</SimpleData>
		<SimpleData name="riscofogo">1.0</SimpleData>
		<SimpleData name="frp">0.000</SimpleData>
		<SimpleData name="municipio">CHAPADA DOS GUIMARAES</SimpleData>
		<SimpleData name="precipitac">0.0</SimpleData>
		<SimpleData name="satelite">GOES-16</SimpleData>
		<SimpleData name="bioma">Cerrado</SimpleData>
		<SimpleData name="datahora">2019/08/16 00:13:49</SimpleData>
		<SimpleData name="diasemchuv">22</SimpleData>
		<SimpleData name="pais">Brasil</SimpleData>
		<SimpleData name="areaproteg">PARNA DA CHAPADA DOS GUIMARAES</SimpleData>
	</SchemaData></ExtendedData>
      <Point><coordinates>-55.8000000028404,-15.3100024117306</coordinates></Point>
  </Placemark>
  <Placemark>
	<ExtendedData><SchemaData schemaUrl="#focos_inpe">
		<SimpleData name="estado">MATO GROSSO</SimpleData>
		<SimpleData name="riscofogo">1.0</SimpleData>
		<SimpleData name="frp">0.000</SimpleData>
		<SimpleData name="municipio">CHAPADA DOS GUIMARAES</SimpleData>
		<SimpleData name="precipitac">0.0</SimpleData>
		<SimpleData name="satelite">GOES-16</SimpleData>
		<SimpleData name="bioma">Cerrado</SimpleData>
		<SimpleData name="datahora">2019/08/16 00:43:50</SimpleData>
		<SimpleData name="diasemchuv">22</SimpleData>
		<SimpleData name="pais">Brasil</SimpleData>
		<SimpleData name="areaproteg">PARNA DA CHAPADA DOS GUIMARAES</SimpleData>
	</SchemaData></ExtendedData>
      <Point><coordinates>-55.8000000028404,-15.3100024117306</coordinates></Point>
  </Placemark>
  <Placemark>
	<ExtendedData><SchemaData schemaUrl="#focos_inpe">
		<SimpleData name="estado">MATO GROSSO</SimpleData>
		<SimpleData name="riscofogo">1.0</SimpleData>
		<SimpleData name="frp">0.000</SimpleData>
		<SimpleData name="municipio">CHAPADA DOS GUIMARAES</SimpleData>
		<SimpleData name="precipitac">0.0</SimpleData>
		<SimpleData name="satelite">GOES-16</SimpleData>
		<SimpleData name="bioma">Cerrado</SimpleData>
		<SimpleData name="datahora">2019/08/16 01:03:49</SimpleData>
		<SimpleData name="diasemchuv">22</SimpleData>
		<SimpleData name="pais">Brasil</SimpleData>
		<SimpleData name="areaproteg">PARNA DA CHAPADA DOS GUIMARAES</SimpleData>
	</SchemaData></ExtendedData>
      <Point><coordinates>-55.8000000028404,-15.3100024117306</coordinates></Point>
  </Placemark>
  <Placemark>
	<ExtendedData><SchemaData schemaUrl="#focos_inpe">
		<SimpleData name="estado">MATO GROSSO</SimpleData>
		<SimpleData name="riscofogo">1.0</SimpleData>
		<SimpleData name="frp">0.000</SimpleData>
		<SimpleData name="municipio">CHAPADA DOS GUIMARAES</SimpleData>
		<SimpleData name="precipitac">0.0</SimpleData>
		<SimpleData name="satelite">GOES-16</SimpleData>
		<SimpleData name="bioma">Cerrado</SimpleData>
		<SimpleData name="datahora">2019/08/16 01:03:49</SimpleData>
		<SimpleData name="diasemchuv">22</SimpleData>
		<SimpleData name="pais">Brasil</SimpleData>
		<SimpleData name="areaproteg">PARNA DA CHAPADA DOS GUIMARAES</SimpleData>
	</SchemaData></ExtendedData>
      <Point><coordinates>-55.830000834728,-15.2899988844048</coordinates></Point>
  </Placemark>
  <Placemark>
	<ExtendedData><SchemaData schemaUrl="#focos_inpe">
		<SimpleData name="estado">MATO GROSSO</SimpleData>
		<SimpleData name="riscofogo">1.0</SimpleData>
		<SimpleData name="frp">0.000</SimpleData>
		<SimpleData name="municipio">CHAPADA DOS GUIMARAES</SimpleData>
		<SimpleData name="precipitac">0.0</SimpleData>
		<SimpleData name="satelite">GOES-16</SimpleData>
		<SimpleData name="bioma">Cerrado</SimpleData>
		<SimpleData name="datahora">2019/08/16 01:43:49</SimpleData>
		<SimpleData name="diasemchuv">22</SimpleData>
		<SimpleData name="pais">Brasil</SimpleData>
		<SimpleData name="areaproteg">PARNA DA CHAPADA DOS GUIMARAES</SimpleData>
	</SchemaData></ExtendedData>
      <Point><coordinates>-55.8000000028404,-15.3100024117306</coordinates></Point>
  </Placemark>
  <Placemark>
	<ExtendedData><SchemaData schemaUrl="#focos_inpe">
		<SimpleData name="estado">MATO GROSSO</SimpleData>
		<SimpleData name="riscofogo">1.0</SimpleData>
		<SimpleData name="frp">0.000</SimpleData>
		<SimpleData name="municipio">CHAPADA DOS GUIMARAES</SimpleData>
		<SimpleData name="precipitac">0.0</SimpleData>
		<SimpleData name="satelite">GOES-16</SimpleData>
		<SimpleData name="bioma">Cerrado</SimpleData>
		<SimpleData name="datahora">2019/08/16 01:43:49</SimpleData>
		<SimpleData name="diasemchuv">22</SimpleData>
		<SimpleData name="pais">Brasil</SimpleData>
		<SimpleData name="areaproteg">PARNA DA CHAPADA DOS GUIMARAES</SimpleData>
	</SchemaData></ExtendedData>
      <Point><coordinates>-55.830000834728,-15.2899988844048</coordinates></Point>
  </Placemark>
  <Placemark>
	<ExtendedData><SchemaData schemaUrl="#focos_inpe">
		<SimpleData name="estado">MATO GROSSO</SimpleData>
		<SimpleData name="riscofogo">1.0</SimpleData>
		<SimpleData name="frp">0.000</SimpleData>
		<SimpleData name="municipio">CUIABA</SimpleData>
		<SimpleData name="precipitac">0.0</SimpleData>
		<SimpleData name="satelite">GOES-16</SimpleData>
		<SimpleData name="bioma">Cerrado</SimpleData>
		<SimpleData name="datahora">2019/08/16 01:43:49</SimpleData>
		<SimpleData name="diasemchuv">22</SimpleData>
		<SimpleData name="pais">Brasil</SimpleData>
		<SimpleData name="areaproteg">PARNA DA CHAPADA DOS GUIMARAES</SimpleData>
	</SchemaData></ExtendedData>
      <Point><coordinates>-55.8199990710652,-15.3100024117306</coordinates></Point>
  </Placemark>
  <Placemark>
	<ExtendedData><SchemaData schemaUrl="#focos_inpe">
		<SimpleData name="estado">MATO GROSSO</SimpleData>
		<SimpleData name="riscofogo">1.0</SimpleData>
		<SimpleData name="frp">0.000</SimpleData>
		<SimpleData name="municipio">CHAPADA DOS GUIMARAES</SimpleData>
		<SimpleData name="precipitac">0.0</SimpleData>
		<SimpleData name="satelite">GOES-16</SimpleData>
		<SimpleData name="bioma">Cerrado</SimpleData>
		<SimpleData name="datahora">2019/08/16 17:33:49</SimpleData>
		<SimpleData name="diasemchuv">22</SimpleData>
		<SimpleData name="pais">Brasil</SimpleData>
		<SimpleData name="areaproteg">PARNA DA CHAPADA DOS GUIMARAES</SimpleData>
	</SchemaData></ExtendedData>
      <Point><coordinates>-55.8000000028404,-15.3100024117306</coordinates></Point>
  </Placemark>
  <Placemark>
	<ExtendedData><SchemaData schemaUrl="#focos_inpe">
		<SimpleData name="estado">MATO GROSSO</SimpleData>
		<SimpleData name="riscofogo">1.0</SimpleData>
		<SimpleData name="frp">0.000</SimpleData>
		<SimpleData name="municipio">CHAPADA DOS GUIMARAES</SimpleData>
		<SimpleData name="precipitac">0.0</SimpleData>
		<SimpleData name="satelite">GOES-16</SimpleData>
		<SimpleData name="bioma">Cerrado</SimpleData>
		<SimpleData name="datahora">2019/08/16 17:53:49</SimpleData>
		<SimpleData name="diasemchuv">22</SimpleData>
		<SimpleData name="pais">Brasil</SimpleData>
		<SimpleData name="areaproteg">PARNA DA CHAPADA DOS GUIMARAES</SimpleData>
	</SchemaData></ExtendedData>
      <Point><coordinates>-55.8000000028404,-15.3100024117306</coordinates></Point>
  </Placemark>
  <Placemark>
	<ExtendedData><SchemaData schemaUrl="#focos_inpe">
		<SimpleData name="estado">MATO GROSSO</SimpleData>
		<SimpleData name="riscofogo">1.0</SimpleData>
		<SimpleData name="frp">0.000</SimpleData>
		<SimpleData name="municipio">CHAPADA DOS GUIMARAES</SimpleData>
		<SimpleData name="precipitac">0.0</SimpleData>
		<SimpleData name="satelite">METOP-B</SimpleData>
		<SimpleData name="bioma">Cerrado</SimpleData>
		<SimpleData name="datahora">2019/08/12 01:26:33</SimpleData>
		<SimpleData name="diasemchuv">17</SimpleData>
		<SimpleData name="pais">Brasil</SimpleData>
		<SimpleData name="areaproteg">PARNA DA CHAPADA DOS GUIMARAES</SimpleData>
	</SchemaData></ExtendedData>
      <Point><coordinates>-55.8412020965743,-15.2629990275262</coordinates></Point>
  </Placemark>
  <Placemark>
	<ExtendedData><SchemaData schemaUrl="#focos_inpe">
		<SimpleData name="estado">MATO GROSSO</SimpleData>
		<SimpleData name="riscofogo">1.0</SimpleData>
		<SimpleData name="frp">0.000</SimpleData>
		<SimpleData name="municipio">CHAPADA DOS GUIMARAES</SimpleData>
		<SimpleData name="precipitac">0.0</SimpleData>
		<SimpleData name="satelite">METOP-B</SimpleData>
		<SimpleData name="bioma">Cerrado</SimpleData>
		<SimpleData name="datahora">2019/08/12 01:26:33</SimpleData>
		<SimpleData name="diasemchuv">17</SimpleData>
		<SimpleData name="pais">Brasil</SimpleData>
		<SimpleData name="areaproteg">PARNA DA CHAPADA DOS GUIMARAES</SimpleData>
	</SchemaData></ExtendedData>
      <Point><coordinates>-55.8339025481498,-15.261398210248</coordinates></Point>
  </Placemark>
  <Placemark>
	<ExtendedData><SchemaData schemaUrl="#focos_inpe">
		<SimpleData name="estado">MATO GROSSO</SimpleData>
		<SimpleData name="riscofogo">1.0</SimpleData>
		<SimpleData name="frp">0.000</SimpleData>
		<SimpleData name="municipio">CHAPADA DOS GUIMARAES</SimpleData>
		<SimpleData name="precipitac">0.0</SimpleData>
		<SimpleData name="satelite">METOP-B</SimpleData>
		<SimpleData name="bioma">Cerrado</SimpleData>
		<SimpleData name="datahora">2019/08/13 01:05:52</SimpleData>
		<SimpleData name="diasemchuv">19</SimpleData>
		<SimpleData name="pais">Brasil</SimpleData>
		<SimpleData name="areaproteg">PARNA DA CHAPADA DOS GUIMARAES</SimpleData>
	</SchemaData></ExtendedData>
      <Point><coordinates>-55.834000648373,-15.2911983825882</coordinates></Point>
  </Placemark>
  <Placemark>
	<ExtendedData><SchemaData schemaUrl="#focos_inpe">
		<SimpleData name="estado">MATO GROSSO</SimpleData>
		<SimpleData name="riscofogo">1.0</SimpleData>
		<SimpleData name="frp">0.000</SimpleData>
		<SimpleData name="municipio">CHAPADA DOS GUIMARAES</SimpleData>
		<SimpleData name="precipitac">0.0</SimpleData>
		<SimpleData name="satelite">METOP-B</SimpleData>
		<SimpleData name="bioma">Cerrado</SimpleData>
		<SimpleData name="datahora">2019/08/16 01:43:03</SimpleData>
		<SimpleData name="diasemchuv">21</SimpleData>
		<SimpleData name="pais">Brasil</SimpleData>
		<SimpleData name="areaproteg">PARNA DA CHAPADA DOS GUIMARAES</SimpleData>
	</SchemaData></ExtendedData>
      <Point><coordinates>-55.8129982824112,-15.2875998880381</coordinates></Point>
  </Placemark>
  <Placemark>
	<ExtendedData><SchemaData schemaUrl="#focos_inpe">
		<SimpleData name="estado">MATO GROSSO</SimpleData>
		<SimpleData name="riscofogo">1.0</SimpleData>
		<SimpleData name="frp">0.000</SimpleData>
		<SimpleData name="municipio">CHAPADA DOS GUIMARAES</SimpleData>
		<SimpleData name="precipitac">0.0</SimpleData>
		<SimpleData name="satelite">METOP-B</SimpleData>
		<SimpleData name="bioma">Cerrado</SimpleData>
		<SimpleData name="datahora">2019/08/16 01:43:03</SimpleData>
		<SimpleData name="diasemchuv">21</SimpleData>
		<SimpleData name="pais">Brasil</SimpleData>
		<SimpleData name="areaproteg">PARNA DA CHAPADA DOS GUIMARAES</SimpleData>
	</SchemaData></ExtendedData>
      <Point><coordinates>-55.7990992644277,-15.2944000171446</coordinates></Point>
  </Placemark>
  <Placemark>
	<ExtendedData><SchemaData schemaUrl="#focos_inpe">
		<SimpleData name="estado">MATO GROSSO</SimpleData>
		<SimpleData name="riscofogo">1.0</SimpleData>
		<SimpleData name="frp">0.000</SimpleData>
		<SimpleData name="municipio">CHAPADA DOS GUIMARAES</SimpleData>
		<SimpleData name="precipitac">0.0</SimpleData>
		<SimpleData name="satelite">METOP-B</SimpleData>
		<SimpleData name="bioma">Cerrado</SimpleData>
		<SimpleData name="datahora">2019/08/16 01:43:03</SimpleData>
		<SimpleData name="diasemchuv">22</SimpleData>
		<SimpleData name="pais">Brasil</SimpleData>
		<SimpleData name="areaproteg">PARNA DA CHAPADA DOS GUIMARAES</SimpleData>
	</SchemaData></ExtendedData>
      <Point><coordinates>-55.8241995442575,-15.2903021032765</coordinates></Point>
  </Placemark>
  <Placemark>
	<ExtendedData><SchemaData schemaUrl="#focos_inpe">
		<SimpleData name="estado">MATO GROSSO</SimpleData>
		<SimpleData name="riscofogo">1.0</SimpleData>
		<SimpleData name="frp">0.000</SimpleData>
		<SimpleData name="municipio">CHAPADA DOS GUIMARAES</SimpleData>
		<SimpleData name="precipitac">0.0</SimpleData>
		<SimpleData name="satelite">METOP-B</SimpleData>
		<SimpleData name="bioma">Cerrado</SimpleData>
		<SimpleData name="datahora">2019/08/16 01:43:03</SimpleData>
		<SimpleData name="diasemchuv">22</SimpleData>
		<SimpleData name="pais">Brasil</SimpleData>
		<SimpleData name="areaproteg">PARNA DA CHAPADA DOS GUIMARAES</SimpleData>
	</SchemaData></ExtendedData>
      <Point><coordinates>-55.8217024476676,-15.3000006480677</coordinates></Point>
  </Placemark>
  <Placemark>
	<ExtendedData><SchemaData schemaUrl="#focos_inpe">
		<SimpleData name="estado">MATO GROSSO</SimpleData>
		<SimpleData name="riscofogo">1.0</SimpleData>
		<SimpleData name="frp">0.000</SimpleData>
		<SimpleData name="municipio">CHAPADA DOS GUIMARAES</SimpleData>
		<SimpleData name="precipitac">0.0</SimpleData>
		<SimpleData name="satelite">METOP-B</SimpleData>
		<SimpleData name="bioma">Cerrado</SimpleData>
		<SimpleData name="datahora">2019/08/16 01:43:03</SimpleData>
		<SimpleData name="diasemchuv">22</SimpleData>
		<SimpleData name="pais">Brasil</SimpleData>
		<SimpleData name="areaproteg">PARNA DA CHAPADA DOS GUIMARAES</SimpleData>
	</SchemaData></ExtendedData>
      <Point><coordinates>-55.8103005262739,-15.2972984328293</coordinates></Point>
  </Placemark>
  <Placemark>
	<ExtendedData><SchemaData schemaUrl="#focos_inpe">
		<SimpleData name="estado">MATO GROSSO</SimpleData>
		<SimpleData name="riscofogo">1.0</SimpleData>
		<SimpleData name="frp">0.000</SimpleData>
		<SimpleData name="municipio">CHAPADA DOS GUIMARAES</SimpleData>
		<SimpleData name="precipitac">0.0</SimpleData>
		<SimpleData name="satelite">NOAA-19</SimpleData>
		<SimpleData name="bioma">Cerrado</SimpleData>
		<SimpleData name="datahora">2019/08/09 21:31:05</SimpleData>
		<SimpleData name="diasemchuv">15</SimpleData>
		<SimpleData name="pais">Brasil</SimpleData>
		<SimpleData name="areaproteg">PARNA DA CHAPADA DOS GUIMARAES</SimpleData>
	</SchemaData></ExtendedData>
      <Point><coordinates>-55.8328992504128,-15.2887993862214</coordinates></Point>
  </Placemark>
  <Placemark>
	<ExtendedData><SchemaData schemaUrl="#focos_inpe">
		<SimpleData name="estado">MATO GROSSO</SimpleData>
		<SimpleData name="riscofogo">1.0</SimpleData>
		<SimpleData name="frp">0.000</SimpleData>
		<SimpleData name="municipio">CHAPADA DOS GUIMARAES</SimpleData>
		<SimpleData name="precipitac">0.0</SimpleData>
		<SimpleData name="satelite">NOAA-19</SimpleData>
		<SimpleData name="bioma">Cerrado</SimpleData>
		<SimpleData name="datahora">2019/08/10 21:19:25</SimpleData>
		<SimpleData name="diasemchuv">16</SimpleData>
		<SimpleData name="pais">Brasil</SimpleData>
		<SimpleData name="areaproteg">PARNA DA CHAPADA DOS GUIMARAES</SimpleData>
	</SchemaData></ExtendedData>
      <Point><coordinates>-55.8224961676551,-15.2974009921535</coordinates></Point>
  </Placemark>
  <Placemark>
	<ExtendedData><SchemaData schemaUrl="#focos_inpe">
		<SimpleData name="estado">MATO GROSSO</SimpleData>
		<SimpleData name="riscofogo">1.0</SimpleData>
		<SimpleData name="frp">0.000</SimpleData>
		<SimpleData name="municipio">CHAPADA DOS GUIMARAES</SimpleData>
		<SimpleData name="precipitac">0.0</SimpleData>
		<SimpleData name="satelite">NOAA-19</SimpleData>
		<SimpleData name="bioma">Cerrado</SimpleData>
		<SimpleData name="datahora">2019/08/10 21:19:25</SimpleData>
		<SimpleData name="diasemchuv">16</SimpleData>
		<SimpleData name="pais">Brasil</SimpleData>
		<SimpleData name="areaproteg">PARNA DA CHAPADA DOS GUIMARAES</SimpleData>
	</SchemaData></ExtendedData>
      <Point><coordinates>-55.8251002826703,-15.2878005475855</coordinates></Point>
  </Placemark>
  <Placemark>
	<ExtendedData><SchemaData schemaUrl="#focos_inpe">
		<SimpleData name="estado">MATO GROSSO</SimpleData>
		<SimpleData name="riscofogo">1.0</SimpleData>
		<SimpleData name="frp">0.000</SimpleData>
		<SimpleData name="municipio">CHAPADA DOS GUIMARAES</SimpleData>
		<SimpleData name="precipitac">0.0</SimpleData>
		<SimpleData name="satelite">NOAA-19</SimpleData>
		<SimpleData name="bioma">Cerrado</SimpleData>
		<SimpleData name="datahora">2019/08/11 21:07:45</SimpleData>
		<SimpleData name="diasemchuv">16</SimpleData>
		<SimpleData name="pais">Brasil</SimpleData>
		<SimpleData name="areaproteg">PARNA DA CHAPADA DOS GUIMARAES</SimpleData>
	</SchemaData></ExtendedData>
      <Point><coordinates>-55.8520020393257,-15.2699017159569</coordinates></Point>
  </Placemark>
  <Placemark>
	<ExtendedData><SchemaData schemaUrl="#focos_inpe">
		<SimpleData name="estado">MATO GROSSO</SimpleData>
		<SimpleData name="riscofogo">1.0</SimpleData>
		<SimpleData name="frp">0.000</SimpleData>
		<SimpleData name="municipio">CHAPADA DOS GUIMARAES</SimpleData>
		<SimpleData name="precipitac">0.0</SimpleData>
		<SimpleData name="satelite">NOAA-19</SimpleData>
		<SimpleData name="bioma">Cerrado</SimpleData>
		<SimpleData name="datahora">2019/08/11 21:07:45</SimpleData>
		<SimpleData name="diasemchuv">16</SimpleData>
		<SimpleData name="pais">Brasil</SimpleData>
		<SimpleData name="areaproteg">PARNA DA CHAPADA DOS GUIMARAES</SimpleData>
	</SchemaData></ExtendedData>
      <Point><coordinates>-55.8438017524885,-15.2683989989019</coordinates></Point>
  </Placemark>
  <Placemark>
	<ExtendedData><SchemaData schemaUrl="#focos_inpe">
		<SimpleData name="estado">MATO GROSSO</SimpleData>
		<SimpleData name="riscofogo">1.0</SimpleData>
		<SimpleData name="frp">0.000</SimpleData>
		<SimpleData name="municipio">CUIABA</SimpleData>
		<SimpleData name="precipitac">0.0</SimpleData>
		<SimpleData name="satelite">NOAA-19</SimpleData>
		<SimpleData name="bioma">Cerrado</SimpleData>
		<SimpleData name="datahora">2019/08/11 21:07:45</SimpleData>
		<SimpleData name="diasemchuv">17</SimpleData>
		<SimpleData name="pais">Brasil</SimpleData>
		<SimpleData name="areaproteg">PARNA DA CHAPADA DOS GUIMARAES</SimpleData>
	</SchemaData></ExtendedData>
      <Point><coordinates>-55.8633995016183,-15.292099121001</coordinates></Point>
  </Placemark>
  <Placemark>
	<ExtendedData><SchemaData schemaUrl="#focos_inpe">
		<SimpleData name="estado">MATO GROSSO</SimpleData>
		<SimpleData name="riscofogo">1.0</SimpleData>
		<SimpleData name="frp">0.000</SimpleData>
		<SimpleData name="municipio">CHAPADA DOS GUIMARAES</SimpleData>
		<SimpleData name="precipitac">0.0</SimpleData>
		<SimpleData name="satelite">NOAA-19</SimpleData>
		<SimpleData name="bioma">Cerrado</SimpleData>
		<SimpleData name="datahora">2019/08/11 21:07:45</SimpleData>
		<SimpleData name="diasemchuv">17</SimpleData>
		<SimpleData name="pais">Brasil</SimpleData>
		<SimpleData name="areaproteg">PARNA DA CHAPADA DOS GUIMARAES</SimpleData>
	</SchemaData></ExtendedData>
      <Point><coordinates>-55.8495004836348,-15.279502160525</coordinates></Point>
  </Placemark>
  <Placemark>
	<ExtendedData><SchemaData schemaUrl="#focos_inpe">
		<SimpleData name="estado">MATO GROSSO</SimpleData>
		<SimpleData name="riscofogo">1.0</SimpleData>
		<SimpleData name="frp">0.000</SimpleData>
		<SimpleData name="municipio">CHAPADA DOS GUIMARAES</SimpleData>
		<SimpleData name="precipitac">0.0</SimpleData>
		<SimpleData name="satelite">NOAA-19</SimpleData>
		<SimpleData name="bioma">Cerrado</SimpleData>
		<SimpleData name="datahora">2019/08/11 21:07:45</SimpleData>
		<SimpleData name="diasemchuv">17</SimpleData>
		<SimpleData name="pais">Brasil</SimpleData>
		<SimpleData name="areaproteg">PARNA DA CHAPADA DOS GUIMARAES</SimpleData>
	</SchemaData></ExtendedData>
      <Point><coordinates>-55.857700770472,-15.281000418479</coordinates></Point>
  </Placemark>
  <Placemark>
	<ExtendedData><SchemaData schemaUrl="#focos_inpe">
		<SimpleData name="estado">MATO GROSSO</SimpleData>
		<SimpleData name="riscofogo">1.0</SimpleData>
		<SimpleData name="frp">0.000</SimpleData>
		<SimpleData name="municipio">CHAPADA DOS GUIMARAES</SimpleData>
		<SimpleData name="precipitac">0.0</SimpleData>
		<SimpleData name="satelite">NOAA-19</SimpleData>
		<SimpleData name="bioma">Cerrado</SimpleData>
		<SimpleData name="datahora">2019/08/11 21:07:45</SimpleData>
		<SimpleData name="diasemchuv">17</SimpleData>
		<SimpleData name="pais">Brasil</SimpleData>
		<SimpleData name="areaproteg">PARNA DA CHAPADA DOS GUIMARAES</SimpleData>
	</SchemaData></ExtendedData>
      <Point><coordinates>-55.8552036738821,-15.290600863047</coordinates></Point>
  </Placemark>
  <Placemark>
	<ExtendedData><SchemaData schemaUrl="#focos_inpe">
		<SimpleData name="estado">MATO GROSSO</SimpleData>
		<SimpleData name="riscofogo">1.0</SimpleData>
		<SimpleData name="frp">0.000</SimpleData>
		<SimpleData name="municipio">CHAPADA DOS GUIMARAES</SimpleData>
		<SimpleData name="precipitac">0.0</SimpleData>
		<SimpleData name="satelite">NOAA-19</SimpleData>
		<SimpleData name="bioma">Cerrado</SimpleData>
		<SimpleData name="datahora">2019/08/11 21:07:45</SimpleData>
		<SimpleData name="diasemchuv">17</SimpleData>
		<SimpleData name="pais">Brasil</SimpleData>
		<SimpleData name="areaproteg">PARNA DA CHAPADA DOS GUIMARAES</SimpleData>
	</SchemaData></ExtendedData>
      <Point><coordinates>-55.8469989279438,-15.2892007053162</coordinates></Point>
  </Placemark>
  <Placemark>
	<ExtendedData><SchemaData schemaUrl="#focos_inpe">
		<SimpleData name="estado">MATO GROSSO</SimpleData>
		<SimpleData name="riscofogo">1.0</SimpleData>
		<SimpleData name="frp">0.000</SimpleData>
		<SimpleData name="municipio">CHAPADA DOS GUIMARAES</SimpleData>
		<SimpleData name="precipitac">0.0</SimpleData>
		<SimpleData name="satelite">NOAA-19</SimpleData>
		<SimpleData name="bioma">Cerrado</SimpleData>
		<SimpleData name="datahora">2019/08/11 21:07:45</SimpleData>
		<SimpleData name="diasemchuv">17</SimpleData>
		<SimpleData name="pais">Brasil</SimpleData>
		<SimpleData name="areaproteg">PARNA DA CHAPADA DOS GUIMARAES</SimpleData>
	</SchemaData></ExtendedData>
      <Point><coordinates>-55.8413001967975,-15.2781020027942</coordinates></Point>
  </Placemark>
  <Placemark>
	<ExtendedData><SchemaData schemaUrl="#focos_inpe">
		<SimpleData name="estado">MATO GROSSO</SimpleData>
		<SimpleData name="riscofogo">1.0</SimpleData>
		<SimpleData name="frp">0.000</SimpleData>
		<SimpleData name="municipio">CHAPADA DOS GUIMARAES</SimpleData>
		<SimpleData name="precipitac">0.0</SimpleData>
		<SimpleData name="satelite">NOAA-19</SimpleData>
		<SimpleData name="bioma">Cerrado</SimpleData>
		<SimpleData name="datahora">2019/08/11 21:07:45</SimpleData>
		<SimpleData name="diasemchuv">17</SimpleData>
		<SimpleData name="pais">Brasil</SimpleData>
		<SimpleData name="areaproteg">PARNA DA CHAPADA DOS GUIMARAES</SimpleData>
	</SchemaData></ExtendedData>
      <Point><coordinates>-55.8658965982083,-15.2824005762097</coordinates></Point>
  </Placemark>
  <Placemark>
	<ExtendedData><SchemaData schemaUrl="#focos_inpe">
		<SimpleData name="estado">MATO GROSSO</SimpleData>
		<SimpleData name="riscofogo">1.0</SimpleData>
		<SimpleData name="frp">0.000</SimpleData>
		<SimpleData name="municipio">CHAPADA DOS GUIMARAES</SimpleData>
		<SimpleData name="precipitac">0.0</SimpleData>
		<SimpleData name="satelite">NOAA-19</SimpleData>
		<SimpleData name="bioma">Cerrado</SimpleData>
		<SimpleData name="datahora">2019/08/11 21:07:45</SimpleData>
		<SimpleData name="diasemchuv">17</SimpleData>
		<SimpleData name="pais">Brasil</SimpleData>
		<SimpleData name="areaproteg">PARNA DA CHAPADA DOS GUIMARAES</SimpleData>
	</SchemaData></ExtendedData>
      <Point><coordinates>-55.8387986411065,-15.2878005475855</coordinates></Point>
  </Placemark>
  <Placemark>
	<ExtendedData><SchemaData schemaUrl="#focos_inpe">
		<SimpleData name="estado">MATO GROSSO</SimpleData>
		<SimpleData name="riscofogo">1.0</SimpleData>
		<SimpleData name="frp">0.000</SimpleData>
		<SimpleData name="municipio">CHAPADA DOS GUIMARAES</SimpleData>
		<SimpleData name="precipitac">0.0</SimpleData>
		<SimpleData name="satelite">NOAA-19</SimpleData>
		<SimpleData name="bioma">Cerrado</SimpleData>
		<SimpleData name="datahora">2019/08/11 21:07:45</SimpleData>
		<SimpleData name="diasemchuv">17</SimpleData>
		<SimpleData name="pais">Brasil</SimpleData>
		<SimpleData name="areaproteg">PARNA DA CHAPADA DOS GUIMARAES</SimpleData>
	</SchemaData></ExtendedData>
      <Point><coordinates>-55.860197867062,-15.2713018736877</coordinates></Point>
  </Placemark>
  <Placemark>
	<ExtendedData><SchemaData schemaUrl="#focos_inpe">
		<SimpleData name="estado">MATO GROSSO</SimpleData>
		<SimpleData name="riscofogo">1.0</SimpleData>
		<SimpleData name="frp">0.000</SimpleData>
		<SimpleData name="municipio">CUIABA</SimpleData>
		<SimpleData name="precipitac">0.0</SimpleData>
		<SimpleData name="satelite">NOAA-19</SimpleData>
		<SimpleData name="bioma">Cerrado</SimpleData>
		<SimpleData name="datahora">2019/08/11 21:07:45</SimpleData>
		<SimpleData name="diasemchuv">18</SimpleData>
		<SimpleData name="pais">Brasil</SimpleData>
		<SimpleData name="areaproteg">PARNA DA CHAPADA DOS GUIMARAES</SimpleData>
	</SchemaData></ExtendedData>
      <Point><coordinates>-55.8690982327646,-15.3030997232998</coordinates></Point>
  </Placemark>
  <Placemark>
	<ExtendedData><SchemaData schemaUrl="#focos_inpe">
		<SimpleData name="estado">MATO GROSSO</SimpleData>
		<SimpleData name="riscofogo">1.0</SimpleData>
		<SimpleData name="frp">0.000</SimpleData>
		<SimpleData name="municipio">CUIABA</SimpleData>
		<SimpleData name="precipitac">0.0</SimpleData>
		<SimpleData name="satelite">NOAA-19</SimpleData>
		<SimpleData name="bioma">Cerrado</SimpleData>
		<SimpleData name="datahora">2019/08/11 21:07:45</SimpleData>
		<SimpleData name="diasemchuv">18</SimpleData>
		<SimpleData name="pais">Brasil</SimpleData>
		<SimpleData name="areaproteg">PARNA DA CHAPADA DOS GUIMARAES</SimpleData>
	</SchemaData></ExtendedData>
      <Point><coordinates>-55.8714972291314,-15.2934992787318</coordinates></Point>
  </Placemark>
  <Placemark>
	<ExtendedData><SchemaData schemaUrl="#focos_inpe">
		<SimpleData name="estado">MATO GROSSO</SimpleData>
		<SimpleData name="riscofogo">1.0</SimpleData>
		<SimpleData name="frp">0.000</SimpleData>
		<SimpleData name="municipio">CHAPADA DOS GUIMARAES</SimpleData>
		<SimpleData name="precipitac">0.0</SimpleData>
		<SimpleData name="satelite">NOAA-19</SimpleData>
		<SimpleData name="bioma">Cerrado</SimpleData>
		<SimpleData name="datahora">2019/08/11 21:07:45</SimpleData>
		<SimpleData name="diasemchuv">18</SimpleData>
		<SimpleData name="pais">Brasil</SimpleData>
		<SimpleData name="areaproteg">PARNA DA CHAPADA DOS GUIMARAES</SimpleData>
	</SchemaData></ExtendedData>
      <Point><coordinates>-55.8526976590901,-15.3002994078383</coordinates></Point>
  </Placemark>
  <Placemark>
	<ExtendedData><SchemaData schemaUrl="#focos_inpe">
		<SimpleData name="estado">MATO GROSSO</SimpleData>
		<SimpleData name="riscofogo">1.0</SimpleData>
		<SimpleData name="frp">0.000</SimpleData>
		<SimpleData name="municipio">CUIABA</SimpleData>
		<SimpleData name="precipitac">0.0</SimpleData>
		<SimpleData name="satelite">NOAA-19</SimpleData>
		<SimpleData name="bioma">Cerrado</SimpleData>
		<SimpleData name="datahora">2019/08/11 21:07:45</SimpleData>
		<SimpleData name="diasemchuv">18</SimpleData>
		<SimpleData name="pais">Brasil</SimpleData>
		<SimpleData name="areaproteg">PARNA DA CHAPADA DOS GUIMARAES</SimpleData>
	</SchemaData></ExtendedData>
      <Point><coordinates>-55.8609024050284,-15.3016995655691</coordinates></Point>
  </Placemark>
  <Placemark>
	<ExtendedData><SchemaData schemaUrl="#focos_inpe">
		<SimpleData name="estado">MATO GROSSO</SimpleData>
		<SimpleData name="riscofogo">1.0</SimpleData>
		<SimpleData name="frp">0.000</SimpleData>
		<SimpleData name="municipio">CUIABA</SimpleData>
		<SimpleData name="precipitac">0.0</SimpleData>
		<SimpleData name="satelite">NOAA-19</SimpleData>
		<SimpleData name="bioma">Cerrado</SimpleData>
		<SimpleData name="datahora">2019/08/12 20:56:04</SimpleData>
		<SimpleData name="diasemchuv">19</SimpleData>
		<SimpleData name="pais">Brasil</SimpleData>
		<SimpleData name="areaproteg">PARNA DA CHAPADA DOS GUIMARAES</SimpleData>
	</SchemaData></ExtendedData>
      <Point><coordinates>-55.8783999175621,-15.3002013076151</coordinates></Point>
  </Placemark>
  <Placemark>
	<ExtendedData><SchemaData schemaUrl="#focos_inpe">
		<SimpleData name="estado">MATO GROSSO</SimpleData>
		<SimpleData name="riscofogo">1.0</SimpleData>
		<SimpleData name="frp">0.000</SimpleData>
		<SimpleData name="municipio">CUIABA</SimpleData>
		<SimpleData name="precipitac">0.0</SimpleData>
		<SimpleData name="satelite">NOAA-19</SimpleData>
		<SimpleData name="bioma">Cerrado</SimpleData>
		<SimpleData name="datahora">2019/08/12 20:56:04</SimpleData>
		<SimpleData name="diasemchuv">19</SimpleData>
		<SimpleData name="pais">Brasil</SimpleData>
		<SimpleData name="areaproteg">PARNA DA CHAPADA DOS GUIMARAES</SimpleData>
	</SchemaData></ExtendedData>
      <Point><coordinates>-55.8708016093671,-15.2990018094317</coordinates></Point>
  </Placemark>
  <Placemark>
	<ExtendedData><SchemaData schemaUrl="#focos_inpe">
		<SimpleData name="estado">MATO GROSSO</SimpleData>
		<SimpleData name="riscofogo">1.0</SimpleData>
		<SimpleData name="frp">0.000</SimpleData>
		<SimpleData name="municipio">CHAPADA DOS GUIMARAES</SimpleData>
		<SimpleData name="precipitac">0.0</SimpleData>
		<SimpleData name="satelite">NOAA-19</SimpleData>
		<SimpleData name="bioma">Cerrado</SimpleData>
		<SimpleData name="datahora">2019/08/12 20:56:04</SimpleData>
		<SimpleData name="diasemchuv">19</SimpleData>
		<SimpleData name="pais">Brasil</SimpleData>
		<SimpleData name="areaproteg">PARNA DA CHAPADA DOS GUIMARAES</SimpleData>
	</SchemaData></ExtendedData>
      <Point><coordinates>-55.8732006057338,-15.2892988055394</coordinates></Point>
  </Placemark>
  <Placemark>
	<ExtendedData><SchemaData schemaUrl="#focos_inpe">
		<SimpleData name="estado">MATO GROSSO</SimpleData>
		<SimpleData name="riscofogo">1.0</SimpleData>
		<SimpleData name="frp">0.000</SimpleData>
		<SimpleData name="municipio">CUIABA</SimpleData>
		<SimpleData name="precipitac">0.0</SimpleData>
		<SimpleData name="satelite">NOAA-19</SimpleData>
		<SimpleData name="bioma">Cerrado</SimpleData>
		<SimpleData name="datahora">2019/08/12 20:56:04</SimpleData>
		<SimpleData name="diasemchuv">19</SimpleData>
		<SimpleData name="pais">Brasil</SimpleData>
		<SimpleData name="areaproteg">PARNA DA CHAPADA DOS GUIMARAES</SimpleData>
	</SchemaData></ExtendedData>
      <Point><coordinates>-55.885900125534,-15.3014008057985</coordinates></Point>
  </Placemark>
  <Placemark>
	<ExtendedData><SchemaData schemaUrl="#focos_inpe">
		<SimpleData name="estado">MATO GROSSO</SimpleData>
		<SimpleData name="riscofogo">0.7</SimpleData>
		<SimpleData name="frp">0.000</SimpleData>
		<SimpleData name="municipio">CUIABA</SimpleData>
		<SimpleData name="precipitac">0.0</SimpleData>
		<SimpleData name="satelite">NOAA-20</SimpleData>
		<SimpleData name="bioma">Cerrado</SimpleData>
		<SimpleData name="datahora">2019/07/10 04:49:22</SimpleData>
		<SimpleData name="diasemchuv">61</SimpleData>
		<SimpleData name="pais">Brasil</SimpleData>
		<SimpleData name="areaproteg">PARNA DA CHAPADA DOS GUIMARAES</SimpleData>
	</SchemaData></ExtendedData>
      <Point><coordinates>-55.847101487268,-15.460800291156</coordinates></Point>
  </Placemark>
  <Placemark>
	<ExtendedData><SchemaData schemaUrl="#focos_inpe">
		<SimpleData name="estado">MATO GROSSO</SimpleData>
		<SimpleData name="riscofogo">1.0</SimpleData>
		<SimpleData name="frp">0.000</SimpleData>
		<SimpleData name="municipio">CHAPADA DOS GUIMARAES</SimpleData>
		<SimpleData name="precipitac">0.0</SimpleData>
		<SimpleData name="satelite">NOAA-20</SimpleData>
		<SimpleData name="bioma">Cerrado</SimpleData>
		<SimpleData name="datahora">2019/08/12 04:29:29</SimpleData>
		<SimpleData name="diasemchuv">17</SimpleData>
		<SimpleData name="pais">Brasil</SimpleData>
		<SimpleData name="areaproteg">PARNA DA CHAPADA DOS GUIMARAES</SimpleData>
	</SchemaData></ExtendedData>
      <Point><coordinates>-55.8498973436285,-15.2615007695722</coordinates></Point>
  </Placemark>
  <Placemark>
	<ExtendedData><SchemaData schemaUrl="#focos_inpe">
		<SimpleData name="estado">MATO GROSSO</SimpleData>
		<SimpleData name="riscofogo">1.0</SimpleData>
		<SimpleData name="frp">0.000</SimpleData>
		<SimpleData name="municipio">CHAPADA DOS GUIMARAES</SimpleData>
		<SimpleData name="precipitac">0.0</SimpleData>
		<SimpleData name="satelite">NOAA-20</SimpleData>
		<SimpleData name="bioma">Cerrado</SimpleData>
		<SimpleData name="datahora">2019/08/12 04:29:29</SimpleData>
		<SimpleData name="diasemchuv">17</SimpleData>
		<SimpleData name="pais">Brasil</SimpleData>
		<SimpleData name="areaproteg">PARNA DA CHAPADA DOS GUIMARAES</SimpleData>
	</SchemaData></ExtendedData>
      <Point><coordinates>-55.8401006986141,-15.2544999809183</coordinates></Point>
  </Placemark>
  <Placemark>
	<ExtendedData><SchemaData schemaUrl="#focos_inpe">
		<SimpleData name="estado">MATO GROSSO</SimpleData>
		<SimpleData name="riscofogo">1.0</SimpleData>
		<SimpleData name="frp">0.000</SimpleData>
		<SimpleData name="municipio">CHAPADA DOS GUIMARAES</SimpleData>
		<SimpleData name="precipitac">0.0</SimpleData>
		<SimpleData name="satelite">NOAA-20</SimpleData>
		<SimpleData name="bioma">Cerrado</SimpleData>
		<SimpleData name="datahora">2019/08/12 04:29:29</SimpleData>
		<SimpleData name="diasemchuv">17</SimpleData>
		<SimpleData name="pais">Brasil</SimpleData>
		<SimpleData name="areaproteg">PARNA DA CHAPADA DOS GUIMARAES</SimpleData>
	</SchemaData></ExtendedData>
      <Point><coordinates>-55.8443011718064,-15.2537018018298</coordinates></Point>
  </Placemark>
  <Placemark>
	<ExtendedData><SchemaData schemaUrl="#focos_inpe">
		<SimpleData name="estado">MATO GROSSO</SimpleData>
		<SimpleData name="riscofogo">1.0</SimpleData>
		<SimpleData name="frp">0.000</SimpleData>
		<SimpleData name="municipio">CHAPADA DOS GUIMARAES</SimpleData>
		<SimpleData name="precipitac">0.0</SimpleData>
		<SimpleData name="satelite">NOAA-20</SimpleData>
		<SimpleData name="bioma">Cerrado</SimpleData>
		<SimpleData name="datahora">2019/08/12 04:29:29</SimpleData>
		<SimpleData name="diasemchuv">17</SimpleData>
		<SimpleData name="pais">Brasil</SimpleData>
		<SimpleData name="areaproteg">PARNA DA CHAPADA DOS GUIMARAES</SimpleData>
	</SchemaData></ExtendedData>
      <Point><coordinates>-55.845598770213,-15.2658974432109</coordinates></Point>
  </Placemark>
  <Placemark>
	<ExtendedData><SchemaData schemaUrl="#focos_inpe">
		<SimpleData name="estado">MATO GROSSO</SimpleData>
		<SimpleData name="riscofogo">1.0</SimpleData>
		<SimpleData name="frp">0.000</SimpleData>
		<SimpleData name="municipio">CHAPADA DOS GUIMARAES</SimpleData>
		<SimpleData name="precipitac">0.0</SimpleData>
		<SimpleData name="satelite">NOAA-20</SimpleData>
		<SimpleData name="bioma">Cerrado</SimpleData>
		<SimpleData name="datahora">2019/08/12 04:29:29</SimpleData>
		<SimpleData name="diasemchuv">17</SimpleData>
		<SimpleData name="pais">Brasil</SimpleData>
		<SimpleData name="areaproteg">PARNA DA CHAPADA DOS GUIMARAES</SimpleData>
	</SchemaData></ExtendedData>
      <Point><coordinates>-55.846597608849,-15.2664994218532</coordinates></Point>
  </Placemark>
  <Placemark>
	<ExtendedData><SchemaData schemaUrl="#focos_inpe">
		<SimpleData name="estado">MATO GROSSO</SimpleData>
		<SimpleData name="riscofogo">1.0</SimpleData>
		<SimpleData name="frp">0.000</SimpleData>
		<SimpleData name="municipio">CHAPADA DOS GUIMARAES</SimpleData>
		<SimpleData name="precipitac">0.0</SimpleData>
		<SimpleData name="satelite">NOAA-20</SimpleData>
		<SimpleData name="bioma">Cerrado</SimpleData>
		<SimpleData name="datahora">2019/08/12 04:29:29</SimpleData>
		<SimpleData name="diasemchuv">17</SimpleData>
		<SimpleData name="pais">Brasil</SimpleData>
		<SimpleData name="areaproteg">PARNA DA CHAPADA DOS GUIMARAES</SimpleData>
	</SchemaData></ExtendedData>
      <Point><coordinates>-55.8504012220476,-15.2693978375379</coordinates></Point>
  </Placemark>
  <Placemark>
	<ExtendedData><SchemaData schemaUrl="#focos_inpe">
		<SimpleData name="estado">MATO GROSSO</SimpleData>
		<SimpleData name="riscofogo">1.0</SimpleData>
		<SimpleData name="frp">0.000</SimpleData>
		<SimpleData name="municipio">CHAPADA DOS GUIMARAES</SimpleData>
		<SimpleData name="precipitac">0.0</SimpleData>
		<SimpleData name="satelite">NOAA-20</SimpleData>
		<SimpleData name="bioma">Cerrado</SimpleData>
		<SimpleData name="datahora">2019/08/12 04:29:29</SimpleData>
		<SimpleData name="diasemchuv">17</SimpleData>
		<SimpleData name="pais">Brasil</SimpleData>
		<SimpleData name="areaproteg">PARNA DA CHAPADA DOS GUIMARAES</SimpleData>
	</SchemaData></ExtendedData>
      <Point><coordinates>-55.850601881595,-15.2657012427646</coordinates></Point>
  </Placemark>
  <Placemark>
	<ExtendedData><SchemaData schemaUrl="#focos_inpe">
		<SimpleData name="estado">MATO GROSSO</SimpleData>
		<SimpleData name="riscofogo">1.0</SimpleData>
		<SimpleData name="frp">0.000</SimpleData>
		<SimpleData name="municipio">CHAPADA DOS GUIMARAES</SimpleData>
		<SimpleData name="precipitac">0.0</SimpleData>
		<SimpleData name="satelite">NOAA-20</SimpleData>
		<SimpleData name="bioma">Cerrado</SimpleData>
		<SimpleData name="datahora">2019/08/12 04:29:29</SimpleData>
		<SimpleData name="diasemchuv">17</SimpleData>
		<SimpleData name="pais">Brasil</SimpleData>
		<SimpleData name="areaproteg">PARNA DA CHAPADA DOS GUIMARAES</SimpleData>
	</SchemaData></ExtendedData>
      <Point><coordinates>-55.8415008563449,-15.2667000814006</coordinates></Point>
  </Placemark>
  <Placemark>
	<ExtendedData><SchemaData schemaUrl="#focos_inpe">
		<SimpleData name="estado">MATO GROSSO</SimpleData>
		<SimpleData name="riscofogo">1.0</SimpleData>
		<SimpleData name="frp">0.000</SimpleData>
		<SimpleData name="municipio">CHAPADA DOS GUIMARAES</SimpleData>
		<SimpleData name="precipitac">0.0</SimpleData>
		<SimpleData name="satelite">NOAA-20</SimpleData>
		<SimpleData name="bioma">Cerrado</SimpleData>
		<SimpleData name="datahora">2019/08/12 04:29:29</SimpleData>
		<SimpleData name="diasemchuv">17</SimpleData>
		<SimpleData name="pais">Brasil</SimpleData>
		<SimpleData name="areaproteg">PARNA DA CHAPADA DOS GUIMARAES</SimpleData>
	</SchemaData></ExtendedData>
      <Point><coordinates>-55.849603042959,-15.2652018234466</coordinates></Point>
  </Placemark>
  <Placemark>
	<ExtendedData><SchemaData schemaUrl="#focos_inpe">
		<SimpleData name="estado">MATO GROSSO</SimpleData>
		<SimpleData name="riscofogo">1.0</SimpleData>
		<SimpleData name="frp">0.000</SimpleData>
		<SimpleData name="municipio">CHAPADA DOS GUIMARAES</SimpleData>
		<SimpleData name="precipitac">0.0</SimpleData>
		<SimpleData name="satelite">NOAA-20</SimpleData>
		<SimpleData name="bioma">Cerrado</SimpleData>
		<SimpleData name="datahora">2019/08/12 16:57:43</SimpleData>
		<SimpleData name="diasemchuv">17</SimpleData>
		<SimpleData name="pais">Brasil</SimpleData>
		<SimpleData name="areaproteg">PARNA DA CHAPADA DOS GUIMARAES</SimpleData>
	</SchemaData></ExtendedData>
      <Point><coordinates>-55.8408988777027,-15.2615007695722</coordinates></Point>
  </Placemark>
  <Placemark>
	<ExtendedData><SchemaData schemaUrl="#focos_inpe">
		<SimpleData name="estado">MATO GROSSO</SimpleData>
		<SimpleData name="riscofogo">1.0</SimpleData>
		<SimpleData name="frp">0.000</SimpleData>
		<SimpleData name="municipio">CHAPADA DOS GUIMARAES</SimpleData>
		<SimpleData name="precipitac">0.0</SimpleData>
		<SimpleData name="satelite">NOAA-20</SimpleData>
		<SimpleData name="bioma">Cerrado</SimpleData>
		<SimpleData name="datahora">2019/08/12 16:57:43</SimpleData>
		<SimpleData name="diasemchuv">17</SimpleData>
		<SimpleData name="pais">Brasil</SimpleData>
		<SimpleData name="areaproteg">PARNA DA CHAPADA DOS GUIMARAES</SimpleData>
	</SchemaData></ExtendedData>
      <Point><coordinates>-55.8612992650222,-15.2643010850338</coordinates></Point>
  </Placemark>
  <Placemark>
	<ExtendedData><SchemaData schemaUrl="#focos_inpe">
		<SimpleData name="estado">MATO GROSSO</SimpleData>
		<SimpleData name="riscofogo">1.0</SimpleData>
		<SimpleData name="frp">0.000</SimpleData>
		<SimpleData name="municipio">CHAPADA DOS GUIMARAES</SimpleData>
		<SimpleData name="precipitac">0.0</SimpleData>
		<SimpleData name="satelite">NOAA-20</SimpleData>
		<SimpleData name="bioma">Cerrado</SimpleData>
		<SimpleData name="datahora">2019/08/12 16:57:43</SimpleData>
		<SimpleData name="diasemchuv">17</SimpleData>
		<SimpleData name="pais">Brasil</SimpleData>
		<SimpleData name="areaproteg">PARNA DA CHAPADA DOS GUIMARAES</SimpleData>
	</SchemaData></ExtendedData>
      <Point><coordinates>-55.8490010643168,-15.2626021675324</coordinates></Point>
  </Placemark>
  <Placemark>
	<ExtendedData><SchemaData schemaUrl="#focos_inpe">
		<SimpleData name="estado">MATO GROSSO</SimpleData>
		<SimpleData name="riscofogo">1.0</SimpleData>
		<SimpleData name="frp">0.000</SimpleData>
		<SimpleData name="municipio">CHAPADA DOS GUIMARAES</SimpleData>
		<SimpleData name="precipitac">0.0</SimpleData>
		<SimpleData name="satelite">NOAA-20</SimpleData>
		<SimpleData name="bioma">Cerrado</SimpleData>
		<SimpleData name="datahora">2019/08/12 16:57:43</SimpleData>
		<SimpleData name="diasemchuv">17</SimpleData>
		<SimpleData name="pais">Brasil</SimpleData>
		<SimpleData name="areaproteg">PARNA DA CHAPADA DOS GUIMARAES</SimpleData>
	</SchemaData></ExtendedData>
      <Point><coordinates>-55.8432978740694,-15.2725994720943</coordinates></Point>
  </Placemark>
  <Placemark>
	<ExtendedData><SchemaData schemaUrl="#focos_inpe">
		<SimpleData name="estado">MATO GROSSO</SimpleData>
		<SimpleData name="riscofogo">1.0</SimpleData>
		<SimpleData name="frp">0.000</SimpleData>
		<SimpleData name="municipio">CHAPADA DOS GUIMARAES</SimpleData>
		<SimpleData name="precipitac">0.0</SimpleData>
		<SimpleData name="satelite">NOAA-20</SimpleData>
		<SimpleData name="bioma">Cerrado</SimpleData>
		<SimpleData name="datahora">2019/08/12 16:57:43</SimpleData>
		<SimpleData name="diasemchuv">17</SimpleData>
		<SimpleData name="pais">Brasil</SimpleData>
		<SimpleData name="areaproteg">PARNA DA CHAPADA DOS GUIMARAES</SimpleData>
	</SchemaData></ExtendedData>
      <Point><coordinates>-55.8398019388435,-15.2685015582262</coordinates></Point>
  </Placemark>
  <Placemark>
	<ExtendedData><SchemaData schemaUrl="#focos_inpe">
		<SimpleData name="estado">MATO GROSSO</SimpleData>
		<SimpleData name="riscofogo">1.0</SimpleData>
		<SimpleData name="frp">0.000</SimpleData>
		<SimpleData name="municipio">CHAPADA DOS GUIMARAES</SimpleData>
		<SimpleData name="precipitac">0.0</SimpleData>
		<SimpleData name="satelite">NOAA-20</SimpleData>
		<SimpleData name="bioma">Cerrado</SimpleData>
		<SimpleData name="datahora">2019/08/12 16:57:43</SimpleData>
		<SimpleData name="diasemchuv">17</SimpleData>
		<SimpleData name="pais">Brasil</SimpleData>
		<SimpleData name="areaproteg">PARNA DA CHAPADA DOS GUIMARAES</SimpleData>
	</SchemaData></ExtendedData>
      <Point><coordinates>-55.8618031434412,-15.2608006907069</coordinates></Point>
  </Placemark>
  <Placemark>
	<ExtendedData><SchemaData schemaUrl="#focos_inpe">
		<SimpleData name="estado">MATO GROSSO</SimpleData>
		<SimpleData name="riscofogo">1.0</SimpleData>
		<SimpleData name="frp">0.000</SimpleData>
		<SimpleData name="municipio">CHAPADA DOS GUIMARAES</SimpleData>
		<SimpleData name="precipitac">0.0</SimpleData>
		<SimpleData name="satelite">NOAA-20</SimpleData>
		<SimpleData name="bioma">Cerrado</SimpleData>
		<SimpleData name="datahora">2019/08/12 16:57:43</SimpleData>
		<SimpleData name="diasemchuv">17</SimpleData>
		<SimpleData name="pais">Brasil</SimpleData>
		<SimpleData name="areaproteg">PARNA DA CHAPADA DOS GUIMARAES</SimpleData>
	</SchemaData></ExtendedData>
      <Point><coordinates>-55.8426022543051,-15.2509014863682</coordinates></Point>
  </Placemark>
  <Placemark>
	<ExtendedData><SchemaData schemaUrl="#focos_inpe">
		<SimpleData name="estado">MATO GROSSO</SimpleData>
		<SimpleData name="riscofogo">1.0</SimpleData>
		<SimpleData name="frp">0.000</SimpleData>
		<SimpleData name="municipio">CHAPADA DOS GUIMARAES</SimpleData>
		<SimpleData name="precipitac">0.0</SimpleData>
		<SimpleData name="satelite">NOAA-20</SimpleData>
		<SimpleData name="bioma">Cerrado</SimpleData>
		<SimpleData name="datahora">2019/08/12 16:57:43</SimpleData>
		<SimpleData name="diasemchuv">17</SimpleData>
		<SimpleData name="pais">Brasil</SimpleData>
		<SimpleData name="areaproteg">PARNA DA CHAPADA DOS GUIMARAES</SimpleData>
	</SchemaData></ExtendedData>
      <Point><coordinates>-55.8443992720296,-15.2655986834404</coordinates></Point>
  </Placemark>
  <Placemark>
	<ExtendedData><SchemaData schemaUrl="#focos_inpe">
		<SimpleData name="estado">MATO GROSSO</SimpleData>
		<SimpleData name="riscofogo">1.0</SimpleData>
		<SimpleData name="frp">0.000</SimpleData>
		<SimpleData name="municipio">CHAPADA DOS GUIMARAES</SimpleData>
		<SimpleData name="precipitac">0.0</SimpleData>
		<SimpleData name="satelite">NOAA-20</SimpleData>
		<SimpleData name="bioma">Cerrado</SimpleData>
		<SimpleData name="datahora">2019/08/12 16:57:43</SimpleData>
		<SimpleData name="diasemchuv">17</SimpleData>
		<SimpleData name="pais">Brasil</SimpleData>
		<SimpleData name="areaproteg">PARNA DA CHAPADA DOS GUIMARAES</SimpleData>
	</SchemaData></ExtendedData>
      <Point><coordinates>-55.8629981825235,-15.2537999020529</coordinates></Point>
  </Placemark>
  <Placemark>
	<ExtendedData><SchemaData schemaUrl="#focos_inpe">
		<SimpleData name="estado">MATO GROSSO</SimpleData>
		<SimpleData name="riscofogo">1.0</SimpleData>
		<SimpleData name="frp">0.000</SimpleData>
		<SimpleData name="municipio">CHAPADA DOS GUIMARAES</SimpleData>
		<SimpleData name="precipitac">0.0</SimpleData>
		<SimpleData name="satelite">NOAA-20</SimpleData>
		<SimpleData name="bioma">Cerrado</SimpleData>
		<SimpleData name="datahora">2019/08/12 16:57:43</SimpleData>
		<SimpleData name="diasemchuv">17</SimpleData>
		<SimpleData name="pais">Brasil</SimpleData>
		<SimpleData name="areaproteg">PARNA DA CHAPADA DOS GUIMARAES</SimpleData>
	</SchemaData></ExtendedData>
      <Point><coordinates>-55.8624006629824,-15.2573002963799</coordinates></Point>
  </Placemark>
  <Placemark>
	<ExtendedData><SchemaData schemaUrl="#focos_inpe">
		<SimpleData name="estado">MATO GROSSO</SimpleData>
		<SimpleData name="riscofogo">1.0</SimpleData>
		<SimpleData name="frp">0.000</SimpleData>
		<SimpleData name="municipio">CHAPADA DOS GUIMARAES</SimpleData>
		<SimpleData name="precipitac">0.0</SimpleData>
		<SimpleData name="satelite">NOAA-20</SimpleData>
		<SimpleData name="bioma">Cerrado</SimpleData>
		<SimpleData name="datahora">2019/08/12 16:57:43</SimpleData>
		<SimpleData name="diasemchuv">17</SimpleData>
		<SimpleData name="pais">Brasil</SimpleData>
		<SimpleData name="areaproteg">PARNA DA CHAPADA DOS GUIMARAES</SimpleData>
	</SchemaData></ExtendedData>
      <Point><coordinates>-55.8455006699898,-15.2584997945633</coordinates></Point>
  </Placemark>
  <Placemark>
	<ExtendedData><SchemaData schemaUrl="#focos_inpe">
		<SimpleData name="estado">MATO GROSSO</SimpleData>
		<SimpleData name="riscofogo">1.0</SimpleData>
		<SimpleData name="frp">0.000</SimpleData>
		<SimpleData name="municipio">CHAPADA DOS GUIMARAES</SimpleData>
		<SimpleData name="precipitac">0.0</SimpleData>
		<SimpleData name="satelite">NOAA-20</SimpleData>
		<SimpleData name="bioma">Cerrado</SimpleData>
		<SimpleData name="datahora">2019/08/12 16:57:43</SimpleData>
		<SimpleData name="diasemchuv">17</SimpleData>
		<SimpleData name="pais">Brasil</SimpleData>
		<SimpleData name="areaproteg">PARNA DA CHAPADA DOS GUIMARAES</SimpleData>
	</SchemaData></ExtendedData>
      <Point><coordinates>-55.8403994583847,-15.2650011638992</coordinates></Point>
  </Placemark>
  <Placemark>
	<ExtendedData><SchemaData schemaUrl="#focos_inpe">
		<SimpleData name="estado">MATO GROSSO</SimpleData>
		<SimpleData name="riscofogo">1.0</SimpleData>
		<SimpleData name="frp">0.000</SimpleData>
		<SimpleData name="municipio">CHAPADA DOS GUIMARAES</SimpleData>
		<SimpleData name="precipitac">0.0</SimpleData>
		<SimpleData name="satelite">NOAA-20</SimpleData>
		<SimpleData name="bioma">Cerrado</SimpleData>
		<SimpleData name="datahora">2019/08/12 16:57:43</SimpleData>
		<SimpleData name="diasemchuv">17</SimpleData>
		<SimpleData name="pais">Brasil</SimpleData>
		<SimpleData name="areaproteg">PARNA DA CHAPADA DOS GUIMARAES</SimpleData>
	</SchemaData></ExtendedData>
      <Point><coordinates>-55.8392980604245,-15.2720019525531</coordinates></Point>
  </Placemark>
  <Placemark>
	<ExtendedData><SchemaData schemaUrl="#focos_inpe">
		<SimpleData name="estado">MATO GROSSO</SimpleData>
		<SimpleData name="riscofogo">1.0</SimpleData>
		<SimpleData name="frp">0.000</SimpleData>
		<SimpleData name="municipio">CHAPADA DOS GUIMARAES</SimpleData>
		<SimpleData name="precipitac">0.0</SimpleData>
		<SimpleData name="satelite">NOAA-20</SimpleData>
		<SimpleData name="bioma">Cerrado</SimpleData>
		<SimpleData name="datahora">2019/08/12 16:57:43</SimpleData>
		<SimpleData name="diasemchuv">17</SimpleData>
		<SimpleData name="pais">Brasil</SimpleData>
		<SimpleData name="areaproteg">PARNA DA CHAPADA DOS GUIMARAES</SimpleData>
	</SchemaData></ExtendedData>
      <Point><coordinates>-55.8378979026937,-15.2538980022761</coordinates></Point>
  </Placemark>
  <Placemark>
	<ExtendedData><SchemaData schemaUrl="#focos_inpe">
		<SimpleData name="estado">MATO GROSSO</SimpleData>
		<SimpleData name="riscofogo">1.0</SimpleData>
		<SimpleData name="frp">0.000</SimpleData>
		<SimpleData name="municipio">CHAPADA DOS GUIMARAES</SimpleData>
		<SimpleData name="precipitac">0.0</SimpleData>
		<SimpleData name="satelite">NOAA-20</SimpleData>
		<SimpleData name="bioma">Cerrado</SimpleData>
		<SimpleData name="datahora">2019/08/12 16:57:43</SimpleData>
		<SimpleData name="diasemchuv">17</SimpleData>
		<SimpleData name="pais">Brasil</SimpleData>
		<SimpleData name="areaproteg">PARNA DA CHAPADA DOS GUIMARAES</SimpleData>
	</SchemaData></ExtendedData>
      <Point><coordinates>-55.8589002686554,-15.2531979234107</coordinates></Point>
  </Placemark>
  <Placemark>
	<ExtendedData><SchemaData schemaUrl="#focos_inpe">
		<SimpleData name="estado">MATO GROSSO</SimpleData>
		<SimpleData name="riscofogo">1.0</SimpleData>
		<SimpleData name="frp">0.000</SimpleData>
		<SimpleData name="municipio">CHAPADA DOS GUIMARAES</SimpleData>
		<SimpleData name="precipitac">0.0</SimpleData>
		<SimpleData name="satelite">NOAA-20</SimpleData>
		<SimpleData name="bioma">Cerrado</SimpleData>
		<SimpleData name="datahora">2019/08/12 16:57:43</SimpleData>
		<SimpleData name="diasemchuv">17</SimpleData>
		<SimpleData name="pais">Brasil</SimpleData>
		<SimpleData name="areaproteg">PARNA DA CHAPADA DOS GUIMARAES</SimpleData>
	</SchemaData></ExtendedData>
      <Point><coordinates>-55.8478996663566,-15.2695984970853</coordinates></Point>
  </Placemark>
  <Placemark>
	<ExtendedData><SchemaData schemaUrl="#focos_inpe">
		<SimpleData name="estado">MATO GROSSO</SimpleData>
		<SimpleData name="riscofogo">1.0</SimpleData>
		<SimpleData name="frp">0.000</SimpleData>
		<SimpleData name="municipio">CHAPADA DOS GUIMARAES</SimpleData>
		<SimpleData name="precipitac">0.0</SimpleData>
		<SimpleData name="satelite">NOAA-20</SimpleData>
		<SimpleData name="bioma">Cerrado</SimpleData>
		<SimpleData name="datahora">2019/08/12 16:57:43</SimpleData>
		<SimpleData name="diasemchuv">17</SimpleData>
		<SimpleData name="pais">Brasil</SimpleData>
		<SimpleData name="areaproteg">PARNA DA CHAPADA DOS GUIMARAES</SimpleData>
	</SchemaData></ExtendedData>
      <Point><coordinates>-55.8450012506718,-15.2620001888902</coordinates></Point>
  </Placemark>
  <Placemark>
	<ExtendedData><SchemaData schemaUrl="#focos_inpe">
		<SimpleData name="estado">MATO GROSSO</SimpleData>
		<SimpleData name="riscofogo">1.0</SimpleData>
		<SimpleData name="frp">0.000</SimpleData>
		<SimpleData name="municipio">CUIABA</SimpleData>
		<SimpleData name="precipitac">0.0</SimpleData>
		<SimpleData name="satelite">NOAA-20</SimpleData>
		<SimpleData name="bioma">Cerrado</SimpleData>
		<SimpleData name="datahora">2019/08/10 05:08:45</SimpleData>
		<SimpleData name="diasemchuv">18</SimpleData>
		<SimpleData name="pais">Brasil</SimpleData>
		<SimpleData name="areaproteg">PARNA DA CHAPADA DOS GUIMARAES</SimpleData>
	</SchemaData></ExtendedData>
      <Point><coordinates>-55.9502003627247,-15.3596009927481</coordinates></Point>
  </Placemark>
  <Placemark>
	<ExtendedData><SchemaData schemaUrl="#focos_inpe">
		<SimpleData name="estado">MATO GROSSO</SimpleData>
		<SimpleData name="riscofogo">1.0</SimpleData>
		<SimpleData name="frp">0.000</SimpleData>
		<SimpleData name="municipio">CUIABA</SimpleData>
		<SimpleData name="precipitac">0.0</SimpleData>
		<SimpleData name="satelite">NOAA-20</SimpleData>
		<SimpleData name="bioma">Cerrado</SimpleData>
		<SimpleData name="datahora">2019/08/10 05:08:45</SimpleData>
		<SimpleData name="diasemchuv">18</SimpleData>
		<SimpleData name="pais">Brasil</SimpleData>
		<SimpleData name="areaproteg">PARNA DA CHAPADA DOS GUIMARAES</SimpleData>
	</SchemaData></ExtendedData>
      <Point><coordinates>-55.9481982263517,-15.3596990929712</coordinates></Point>
  </Placemark>
  <Placemark>
	<ExtendedData><SchemaData schemaUrl="#focos_inpe">
		<SimpleData name="estado">MATO GROSSO</SimpleData>
		<SimpleData name="riscofogo">1.0</SimpleData>
		<SimpleData name="frp">0.000</SimpleData>
		<SimpleData name="municipio">CUIABA</SimpleData>
		<SimpleData name="precipitac">0.0</SimpleData>
		<SimpleData name="satelite">NOAA-20</SimpleData>
		<SimpleData name="bioma">Cerrado</SimpleData>
		<SimpleData name="datahora">2019/08/10 17:35:34</SimpleData>
		<SimpleData name="diasemchuv">18</SimpleData>
		<SimpleData name="pais">Brasil</SimpleData>
		<SimpleData name="areaproteg">PARNA DA CHAPADA DOS GUIMARAES</SimpleData>
	</SchemaData></ExtendedData>
      <Point><coordinates>-55.9323996313194,-15.349001709544</coordinates></Point>
  </Placemark>
  <Placemark>
	<ExtendedData><SchemaData schemaUrl="#focos_inpe">
		<SimpleData name="estado">MATO GROSSO</SimpleData>
		<SimpleData name="riscofogo">1.0</SimpleData>
		<SimpleData name="frp">0.000</SimpleData>
		<SimpleData name="municipio">CUIABA</SimpleData>
		<SimpleData name="precipitac">0.0</SimpleData>
		<SimpleData name="satelite">NOAA-20</SimpleData>
		<SimpleData name="bioma">Cerrado</SimpleData>
		<SimpleData name="datahora">2019/08/10 17:35:34</SimpleData>
		<SimpleData name="diasemchuv">18</SimpleData>
		<SimpleData name="pais">Brasil</SimpleData>
		<SimpleData name="areaproteg">PARNA DA CHAPADA DOS GUIMARAES</SimpleData>
	</SchemaData></ExtendedData>
      <Point><coordinates>-55.9424013949822,-15.3462994943056</coordinates></Point>
  </Placemark>
  <Placemark>
	<ExtendedData><SchemaData schemaUrl="#focos_inpe">
		<SimpleData name="estado">MATO GROSSO</SimpleData>
		<SimpleData name="riscofogo">1.0</SimpleData>
		<SimpleData name="frp">0.000</SimpleData>
		<SimpleData name="municipio">CUIABA</SimpleData>
		<SimpleData name="precipitac">0.0</SimpleData>
		<SimpleData name="satelite">NOAA-20</SimpleData>
		<SimpleData name="bioma">Cerrado</SimpleData>
		<SimpleData name="datahora">2019/08/10 17:35:34</SimpleData>
		<SimpleData name="diasemchuv">18</SimpleData>
		<SimpleData name="pais">Brasil</SimpleData>
		<SimpleData name="areaproteg">PARNA DA CHAPADA DOS GUIMARAES</SimpleData>
	</SchemaData></ExtendedData>
      <Point><coordinates>-55.9333003697322,-15.3446005768043</coordinates></Point>
  </Placemark>
  <Placemark>
	<ExtendedData><SchemaData schemaUrl="#focos_inpe">
		<SimpleData name="estado">MATO GROSSO</SimpleData>
		<SimpleData name="riscofogo">1.0</SimpleData>
		<SimpleData name="frp">0.000</SimpleData>
		<SimpleData name="municipio">CUIABA</SimpleData>
		<SimpleData name="precipitac">0.0</SimpleData>
		<SimpleData name="satelite">NOAA-20</SimpleData>
		<SimpleData name="bioma">Cerrado</SimpleData>
		<SimpleData name="datahora">2019/08/10 17:35:34</SimpleData>
		<SimpleData name="diasemchuv">18</SimpleData>
		<SimpleData name="pais">Brasil</SimpleData>
		<SimpleData name="areaproteg">PARNA DA CHAPADA DOS GUIMARAES</SimpleData>
	</SchemaData></ExtendedData>
      <Point><coordinates>-55.94179941634,-15.3476996520364</coordinates></Point>
  </Placemark>
  <Placemark>
	<ExtendedData><SchemaData schemaUrl="#focos_inpe">
		<SimpleData name="estado">MATO GROSSO</SimpleData>
		<SimpleData name="riscofogo">1.0</SimpleData>
		<SimpleData name="frp">0.000</SimpleData>
		<SimpleData name="municipio">CUIABA</SimpleData>
		<SimpleData name="precipitac">0.0</SimpleData>
		<SimpleData name="satelite">NOAA-20</SimpleData>
		<SimpleData name="bioma">Cerrado</SimpleData>
		<SimpleData name="datahora">2019/08/10 17:35:34</SimpleData>
		<SimpleData name="diasemchuv">18</SimpleData>
		<SimpleData name="pais">Brasil</SimpleData>
		<SimpleData name="areaproteg">PARNA DA CHAPADA DOS GUIMARAES</SimpleData>
	</SchemaData></ExtendedData>
      <Point><coordinates>-55.9450010508964,-15.3559980390969</coordinates></Point>
  </Placemark>
  <Placemark>
	<ExtendedData><SchemaData schemaUrl="#focos_inpe">
		<SimpleData name="estado">MATO GROSSO</SimpleData>
		<SimpleData name="riscofogo">1.0</SimpleData>
		<SimpleData name="frp">0.000</SimpleData>
		<SimpleData name="municipio">CUIABA</SimpleData>
		<SimpleData name="precipitac">0.0</SimpleData>
		<SimpleData name="satelite">NOAA-20</SimpleData>
		<SimpleData name="bioma">Cerrado</SimpleData>
		<SimpleData name="datahora">2019/08/10 17:35:34</SimpleData>
		<SimpleData name="diasemchuv">18</SimpleData>
		<SimpleData name="pais">Brasil</SimpleData>
		<SimpleData name="areaproteg">PARNA DA CHAPADA DOS GUIMARAES</SimpleData>
	</SchemaData></ExtendedData>
      <Point><coordinates>-55.9382009217899,-15.3423977808839</coordinates></Point>
  </Placemark>
  <Placemark>
	<ExtendedData><SchemaData schemaUrl="#focos_inpe">
		<SimpleData name="estado">MATO GROSSO</SimpleData>
		<SimpleData name="riscofogo">1.0</SimpleData>
		<SimpleData name="frp">0.000</SimpleData>
		<SimpleData name="municipio">CUIABA</SimpleData>
		<SimpleData name="precipitac">0.0</SimpleData>
		<SimpleData name="satelite">NOAA-20</SimpleData>
		<SimpleData name="bioma">Cerrado</SimpleData>
		<SimpleData name="datahora">2019/08/10 17:35:34</SimpleData>
		<SimpleData name="diasemchuv">18</SimpleData>
		<SimpleData name="pais">Brasil</SimpleData>
		<SimpleData name="areaproteg">PARNA DA CHAPADA DOS GUIMARAES</SimpleData>
	</SchemaData></ExtendedData>
      <Point><coordinates>-55.9404973588324,-15.3551017597851</coordinates></Point>
  </Placemark>
  <Placemark>
	<ExtendedData><SchemaData schemaUrl="#focos_inpe">
		<SimpleData name="estado">MATO GROSSO</SimpleData>
		<SimpleData name="riscofogo">1.0</SimpleData>
		<SimpleData name="frp">0.000</SimpleData>
		<SimpleData name="municipio">CUIABA</SimpleData>
		<SimpleData name="precipitac">0.0</SimpleData>
		<SimpleData name="satelite">NOAA-20</SimpleData>
		<SimpleData name="bioma">Cerrado</SimpleData>
		<SimpleData name="datahora">2019/08/10 17:35:34</SimpleData>
		<SimpleData name="diasemchuv">18</SimpleData>
		<SimpleData name="pais">Brasil</SimpleData>
		<SimpleData name="areaproteg">PARNA DA CHAPADA DOS GUIMARAES</SimpleData>
	</SchemaData></ExtendedData>
      <Point><coordinates>-55.9371976240529,-15.3469014729478</coordinates></Point>
  </Placemark>
  <Placemark>
	<ExtendedData><SchemaData schemaUrl="#focos_inpe">
		<SimpleData name="estado">MATO GROSSO</SimpleData>
		<SimpleData name="riscofogo">1.0</SimpleData>
		<SimpleData name="frp">0.000</SimpleData>
		<SimpleData name="municipio">CUIABA</SimpleData>
		<SimpleData name="precipitac">0.0</SimpleData>
		<SimpleData name="satelite">NOAA-20</SimpleData>
		<SimpleData name="bioma">Cerrado</SimpleData>
		<SimpleData name="datahora">2019/08/10 17:35:34</SimpleData>
		<SimpleData name="diasemchuv">18</SimpleData>
		<SimpleData name="pais">Brasil</SimpleData>
		<SimpleData name="areaproteg">PARNA DA CHAPADA DOS GUIMARAES</SimpleData>
	</SchemaData></ExtendedData>
      <Point><coordinates>-55.9360025849706,-15.3542991215955</coordinates></Point>
  </Placemark>
  <Placemark>
	<ExtendedData><SchemaData schemaUrl="#focos_inpe">
		<SimpleData name="estado">MATO GROSSO</SimpleData>
		<SimpleData name="riscofogo">1.0</SimpleData>
		<SimpleData name="frp">0.000</SimpleData>
		<SimpleData name="municipio">CUIABA</SimpleData>
		<SimpleData name="precipitac">0.0</SimpleData>
		<SimpleData name="satelite">NOAA-20</SimpleData>
		<SimpleData name="bioma">Cerrado</SimpleData>
		<SimpleData name="datahora">2019/08/10 17:35:34</SimpleData>
		<SimpleData name="diasemchuv">18</SimpleData>
		<SimpleData name="pais">Brasil</SimpleData>
		<SimpleData name="areaproteg">PARNA DA CHAPADA DOS GUIMARAES</SimpleData>
	</SchemaData></ExtendedData>
      <Point><coordinates>-55.9368988642823,-15.3497998886326</coordinates></Point>
  </Placemark>
  <Placemark>
	<ExtendedData><SchemaData schemaUrl="#focos_inpe">
		<SimpleData name="estado">MATO GROSSO</SimpleData>
		<SimpleData name="riscofogo">1.0</SimpleData>
		<SimpleData name="frp">0.000</SimpleData>
		<SimpleData name="municipio">CUIABA</SimpleData>
		<SimpleData name="precipitac">0.0</SimpleData>
		<SimpleData name="satelite">NOAA-20</SimpleData>
		<SimpleData name="bioma">Cerrado</SimpleData>
		<SimpleData name="datahora">2019/08/10 17:35:34</SimpleData>
		<SimpleData name="diasemchuv">18</SimpleData>
		<SimpleData name="pais">Brasil</SimpleData>
		<SimpleData name="areaproteg">PARNA DA CHAPADA DOS GUIMARAES</SimpleData>
	</SchemaData></ExtendedData>
      <Point><coordinates>-55.9413980972452,-15.3507006270454</coordinates></Point>
  </Placemark>
  <Placemark>
	<ExtendedData><SchemaData schemaUrl="#focos_inpe">
		<SimpleData name="estado">MATO GROSSO</SimpleData>
		<SimpleData name="riscofogo">1.0</SimpleData>
		<SimpleData name="frp">0.000</SimpleData>
		<SimpleData name="municipio">CUIABA</SimpleData>
		<SimpleData name="precipitac">0.0</SimpleData>
		<SimpleData name="satelite">NOAA-20</SimpleData>
		<SimpleData name="bioma">Cerrado</SimpleData>
		<SimpleData name="datahora">2019/08/10 17:35:34</SimpleData>
		<SimpleData name="diasemchuv">18</SimpleData>
		<SimpleData name="pais">Brasil</SimpleData>
		<SimpleData name="areaproteg">PARNA DA CHAPADA DOS GUIMARAES</SimpleData>
	</SchemaData></ExtendedData>
      <Point><coordinates>-55.9377996026951,-15.3453987558928</coordinates></Point>
  </Placemark>
  <Placemark>
	<ExtendedData><SchemaData schemaUrl="#focos_inpe">
		<SimpleData name="estado">MATO GROSSO</SimpleData>
		<SimpleData name="riscofogo">1.0</SimpleData>
		<SimpleData name="frp">0.000</SimpleData>
		<SimpleData name="municipio">CUIABA</SimpleData>
		<SimpleData name="precipitac">0.0</SimpleData>
		<SimpleData name="satelite">NOAA-20</SimpleData>
		<SimpleData name="bioma">Cerrado</SimpleData>
		<SimpleData name="datahora">2019/08/10 17:35:34</SimpleData>
		<SimpleData name="diasemchuv">18</SimpleData>
		<SimpleData name="pais">Brasil</SimpleData>
		<SimpleData name="areaproteg">PARNA DA CHAPADA DOS GUIMARAES</SimpleData>
	</SchemaData></ExtendedData>
      <Point><coordinates>-55.933701688827,-15.3415996017953</coordinates></Point>
  </Placemark>
  <Placemark>
	<ExtendedData><SchemaData schemaUrl="#focos_inpe">
		<SimpleData name="estado">MATO GROSSO</SimpleData>
		<SimpleData name="riscofogo">1.0</SimpleData>
		<SimpleData name="frp">0.000</SimpleData>
		<SimpleData name="municipio">CUIABA</SimpleData>
		<SimpleData name="precipitac">0.0</SimpleData>
		<SimpleData name="satelite">NOAA-20</SimpleData>
		<SimpleData name="bioma">Cerrado</SimpleData>
		<SimpleData name="datahora">2019/08/10 17:35:34</SimpleData>
		<SimpleData name="diasemchuv">18</SimpleData>
		<SimpleData name="pais">Brasil</SimpleData>
		<SimpleData name="areaproteg">PARNA DA CHAPADA DOS GUIMARAES</SimpleData>
	</SchemaData></ExtendedData>
      <Point><coordinates>-55.932702850191,-15.346000734535</coordinates></Point>
  </Placemark>
  <Placemark>
	<ExtendedData><SchemaData schemaUrl="#focos_inpe">
		<SimpleData name="estado">MATO GROSSO</SimpleData>
		<SimpleData name="riscofogo">1.0</SimpleData>
		<SimpleData name="frp">0.000</SimpleData>
		<SimpleData name="municipio">CHAPADA DOS GUIMARAES</SimpleData>
		<SimpleData name="precipitac">0.0</SimpleData>
		<SimpleData name="satelite">NOAA-20</SimpleData>
		<SimpleData name="bioma">Cerrado</SimpleData>
		<SimpleData name="datahora">2019/08/12 16:57:43</SimpleData>
		<SimpleData name="diasemchuv">18</SimpleData>
		<SimpleData name="pais">Brasil</SimpleData>
		<SimpleData name="areaproteg">PARNA DA CHAPADA DOS GUIMARAES</SimpleData>
	</SchemaData></ExtendedData>
      <Point><coordinates>-55.8509006413655,-15.2772012643814</coordinates></Point>
  </Placemark>
  <Placemark>
	<ExtendedData><SchemaData schemaUrl="#focos_inpe">
		<SimpleData name="estado">MATO GROSSO</SimpleData>
		<SimpleData name="riscofogo">1.0</SimpleData>
		<SimpleData name="frp">0.000</SimpleData>
		<SimpleData name="municipio">CHAPADA DOS GUIMARAES</SimpleData>
		<SimpleData name="precipitac">0.0</SimpleData>
		<SimpleData name="satelite">NOAA-20</SimpleData>
		<SimpleData name="bioma">Cerrado</SimpleData>
		<SimpleData name="datahora">2019/08/12 16:57:43</SimpleData>
		<SimpleData name="diasemchuv">18</SimpleData>
		<SimpleData name="pais">Brasil</SimpleData>
		<SimpleData name="areaproteg">PARNA DA CHAPADA DOS GUIMARAES</SimpleData>
	</SchemaData></ExtendedData>
      <Point><coordinates>-55.8629981825235,-15.278998282106</coordinates></Point>
  </Placemark>
  <Placemark>
	<ExtendedData><SchemaData schemaUrl="#focos_inpe">
		<SimpleData name="estado">MATO GROSSO</SimpleData>
		<SimpleData name="riscofogo">1.0</SimpleData>
		<SimpleData name="frp">0.000</SimpleData>
		<SimpleData name="municipio">CHAPADA DOS GUIMARAES</SimpleData>
		<SimpleData name="precipitac">0.0</SimpleData>
		<SimpleData name="satelite">NOAA-20</SimpleData>
		<SimpleData name="bioma">Cerrado</SimpleData>
		<SimpleData name="datahora">2019/08/12 16:57:43</SimpleData>
		<SimpleData name="diasemchuv">18</SimpleData>
		<SimpleData name="pais">Brasil</SimpleData>
		<SimpleData name="areaproteg">PARNA DA CHAPADA DOS GUIMARAES</SimpleData>
	</SchemaData></ExtendedData>
      <Point><coordinates>-55.8619993438876,-15.2859990707599</coordinates></Point>
  </Placemark>
  <Placemark>
	<ExtendedData><SchemaData schemaUrl="#focos_inpe">
		<SimpleData name="estado">MATO GROSSO</SimpleData>
		<SimpleData name="riscofogo">1.0</SimpleData>
		<SimpleData name="frp">0.000</SimpleData>
		<SimpleData name="municipio">CHAPADA DOS GUIMARAES</SimpleData>
		<SimpleData name="precipitac">0.0</SimpleData>
		<SimpleData name="satelite">NOAA-20</SimpleData>
		<SimpleData name="bioma">Cerrado</SimpleData>
		<SimpleData name="datahora">2019/08/12 16:57:43</SimpleData>
		<SimpleData name="diasemchuv">18</SimpleData>
		<SimpleData name="pais">Brasil</SimpleData>
		<SimpleData name="areaproteg">PARNA DA CHAPADA DOS GUIMARAES</SimpleData>
	</SchemaData></ExtendedData>
      <Point><coordinates>-55.8624987632056,-15.2824986764329</coordinates></Point>
  </Placemark>
  <Placemark>
	<ExtendedData><SchemaData schemaUrl="#focos_inpe">
		<SimpleData name="estado">MATO GROSSO</SimpleData>
		<SimpleData name="riscofogo">1.0</SimpleData>
		<SimpleData name="frp">0.000</SimpleData>
		<SimpleData name="municipio">CHAPADA DOS GUIMARAES</SimpleData>
		<SimpleData name="precipitac">0.0</SimpleData>
		<SimpleData name="satelite">NOAA-20</SimpleData>
		<SimpleData name="bioma">Cerrado</SimpleData>
		<SimpleData name="datahora">2019/08/12 16:57:43</SimpleData>
		<SimpleData name="diasemchuv">18</SimpleData>
		<SimpleData name="pais">Brasil</SimpleData>
		<SimpleData name="areaproteg">PARNA DA CHAPADA DOS GUIMARAES</SimpleData>
	</SchemaData></ExtendedData>
      <Point><coordinates>-55.8575001109246,-15.2890000457688</coordinates></Point>
  </Placemark>
  <Placemark>
	<ExtendedData><SchemaData schemaUrl="#focos_inpe">
		<SimpleData name="estado">MATO GROSSO</SimpleData>
		<SimpleData name="riscofogo">1.0</SimpleData>
		<SimpleData name="frp">0.000</SimpleData>
		<SimpleData name="municipio">CHAPADA DOS GUIMARAES</SimpleData>
		<SimpleData name="precipitac">0.0</SimpleData>
		<SimpleData name="satelite">NOAA-20</SimpleData>
		<SimpleData name="bioma">Cerrado</SimpleData>
		<SimpleData name="datahora">2019/08/12 16:57:43</SimpleData>
		<SimpleData name="diasemchuv">18</SimpleData>
		<SimpleData name="pais">Brasil</SimpleData>
		<SimpleData name="areaproteg">PARNA DA CHAPADA DOS GUIMARAES</SimpleData>
	</SchemaData></ExtendedData>
      <Point><coordinates>-55.8544010356925,-15.2812991782495</coordinates></Point>
  </Placemark>
  <Placemark>
	<ExtendedData><SchemaData schemaUrl="#focos_inpe">
		<SimpleData name="estado">MATO GROSSO</SimpleData>
		<SimpleData name="riscofogo">1.0</SimpleData>
		<SimpleData name="frp">0.000</SimpleData>
		<SimpleData name="municipio">CHAPADA DOS GUIMARAES</SimpleData>
		<SimpleData name="precipitac">0.0</SimpleData>
		<SimpleData name="satelite">NOAA-20</SimpleData>
		<SimpleData name="bioma">Cerrado</SimpleData>
		<SimpleData name="datahora">2019/08/12 16:57:43</SimpleData>
		<SimpleData name="diasemchuv">18</SimpleData>
		<SimpleData name="pais">Brasil</SimpleData>
		<SimpleData name="areaproteg">PARNA DA CHAPADA DOS GUIMARAES</SimpleData>
	</SchemaData></ExtendedData>
      <Point><coordinates>-55.8636001611657,-15.2753997875558</coordinates></Point>
  </Placemark>
  <Placemark>
	<ExtendedData><SchemaData schemaUrl="#focos_inpe">
		<SimpleData name="estado">MATO GROSSO</SimpleData>
		<SimpleData name="riscofogo">1.0</SimpleData>
		<SimpleData name="frp">0.000</SimpleData>
		<SimpleData name="municipio">CHAPADA DOS GUIMARAES</SimpleData>
		<SimpleData name="precipitac">0.0</SimpleData>
		<SimpleData name="satelite">NOAA-20</SimpleData>
		<SimpleData name="bioma">Cerrado</SimpleData>
		<SimpleData name="datahora">2019/08/12 16:57:43</SimpleData>
		<SimpleData name="diasemchuv">18</SimpleData>
		<SimpleData name="pais">Brasil</SimpleData>
		<SimpleData name="areaproteg">PARNA DA CHAPADA DOS GUIMARAES</SimpleData>
	</SchemaData></ExtendedData>
      <Point><coordinates>-55.8595022472976,-15.2749003682378</coordinates></Point>
  </Placemark>
  <Placemark>
	<ExtendedData><SchemaData schemaUrl="#focos_inpe">
		<SimpleData name="estado">MATO GROSSO</SimpleData>
		<SimpleData name="riscofogo">1.0</SimpleData>
		<SimpleData name="frp">0.000</SimpleData>
		<SimpleData name="municipio">CHAPADA DOS GUIMARAES</SimpleData>
		<SimpleData name="precipitac">0.0</SimpleData>
		<SimpleData name="satelite">NOAA-20</SimpleData>
		<SimpleData name="bioma">Cerrado</SimpleData>
		<SimpleData name="datahora">2019/08/12 16:57:43</SimpleData>
		<SimpleData name="diasemchuv">18</SimpleData>
		<SimpleData name="pais">Brasil</SimpleData>
		<SimpleData name="areaproteg">PARNA DA CHAPADA DOS GUIMARAES</SimpleData>
	</SchemaData></ExtendedData>
      <Point><coordinates>-55.8554979745516,-15.2742983895956</coordinates></Point>
  </Placemark>
  <Placemark>
	<ExtendedData><SchemaData schemaUrl="#focos_inpe">
		<SimpleData name="estado">MATO GROSSO</SimpleData>
		<SimpleData name="riscofogo">1.0</SimpleData>
		<SimpleData name="frp">0.000</SimpleData>
		<SimpleData name="municipio">CHAPADA DOS GUIMARAES</SimpleData>
		<SimpleData name="precipitac">0.0</SimpleData>
		<SimpleData name="satelite">NOAA-20</SimpleData>
		<SimpleData name="bioma">Cerrado</SimpleData>
		<SimpleData name="datahora">2019/08/12 16:57:43</SimpleData>
		<SimpleData name="diasemchuv">18</SimpleData>
		<SimpleData name="pais">Brasil</SimpleData>
		<SimpleData name="areaproteg">PARNA DA CHAPADA DOS GUIMARAES</SimpleData>
	</SchemaData></ExtendedData>
      <Point><coordinates>-55.8600997668388,-15.2713018736877</coordinates></Point>
  </Placemark>
  <Placemark>
	<ExtendedData><SchemaData schemaUrl="#focos_inpe">
		<SimpleData name="estado">MATO GROSSO</SimpleData>
		<SimpleData name="riscofogo">1.0</SimpleData>
		<SimpleData name="frp">0.000</SimpleData>
		<SimpleData name="municipio">CHAPADA DOS GUIMARAES</SimpleData>
		<SimpleData name="precipitac">0.0</SimpleData>
		<SimpleData name="satelite">NOAA-20</SimpleData>
		<SimpleData name="bioma">Cerrado</SimpleData>
		<SimpleData name="datahora">2019/08/12 16:57:43</SimpleData>
		<SimpleData name="diasemchuv">18</SimpleData>
		<SimpleData name="pais">Brasil</SimpleData>
		<SimpleData name="areaproteg">PARNA DA CHAPADA DOS GUIMARAES</SimpleData>
	</SchemaData></ExtendedData>
      <Point><coordinates>-55.8529027777385,-15.2918984614536</coordinates></Point>
  </Placemark>
  <Placemark>
	<ExtendedData><SchemaData schemaUrl="#focos_inpe">
		<SimpleData name="estado">MATO GROSSO</SimpleData>
		<SimpleData name="riscofogo">1.0</SimpleData>
		<SimpleData name="frp">0.000</SimpleData>
		<SimpleData name="municipio">CHAPADA DOS GUIMARAES</SimpleData>
		<SimpleData name="precipitac">0.0</SimpleData>
		<SimpleData name="satelite">NOAA-20</SimpleData>
		<SimpleData name="bioma">Cerrado</SimpleData>
		<SimpleData name="datahora">2019/08/12 16:57:43</SimpleData>
		<SimpleData name="diasemchuv">18</SimpleData>
		<SimpleData name="pais">Brasil</SimpleData>
		<SimpleData name="areaproteg">PARNA DA CHAPADA DOS GUIMARAES</SimpleData>
	</SchemaData></ExtendedData>
      <Point><coordinates>-55.8661017168567,-15.2866010494021</coordinates></Point>
  </Placemark>
  <Placemark>
	<ExtendedData><SchemaData schemaUrl="#focos_inpe">
		<SimpleData name="estado">MATO GROSSO</SimpleData>
		<SimpleData name="riscofogo">1.0</SimpleData>
		<SimpleData name="frp">0.000</SimpleData>
		<SimpleData name="municipio">CHAPADA DOS GUIMARAES</SimpleData>
		<SimpleData name="precipitac">0.0</SimpleData>
		<SimpleData name="satelite">NOAA-20</SimpleData>
		<SimpleData name="bioma">Cerrado</SimpleData>
		<SimpleData name="datahora">2019/08/12 16:57:43</SimpleData>
		<SimpleData name="diasemchuv">18</SimpleData>
		<SimpleData name="pais">Brasil</SimpleData>
		<SimpleData name="areaproteg">PARNA DA CHAPADA DOS GUIMARAES</SimpleData>
	</SchemaData></ExtendedData>
      <Point><coordinates>-55.8578969709184,-15.2854015512187</coordinates></Point>
  </Placemark>
  <Placemark>
	<ExtendedData><SchemaData schemaUrl="#focos_inpe">
		<SimpleData name="estado">MATO GROSSO</SimpleData>
		<SimpleData name="riscofogo">1.0</SimpleData>
		<SimpleData name="frp">0.000</SimpleData>
		<SimpleData name="municipio">CHAPADA DOS GUIMARAES</SimpleData>
		<SimpleData name="precipitac">0.0</SimpleData>
		<SimpleData name="satelite">NOAA-20</SimpleData>
		<SimpleData name="bioma">Cerrado</SimpleData>
		<SimpleData name="datahora">2019/08/12 16:57:43</SimpleData>
		<SimpleData name="diasemchuv">18</SimpleData>
		<SimpleData name="pais">Brasil</SimpleData>
		<SimpleData name="areaproteg">PARNA DA CHAPADA DOS GUIMARAES</SimpleData>
	</SchemaData></ExtendedData>
      <Point><coordinates>-55.8589002686554,-15.2784007625648</coordinates></Point>
  </Placemark>
  <Placemark>
	<ExtendedData><SchemaData schemaUrl="#focos_inpe">
		<SimpleData name="estado">MATO GROSSO</SimpleData>
		<SimpleData name="riscofogo">1.0</SimpleData>
		<SimpleData name="frp">0.000</SimpleData>
		<SimpleData name="municipio">CHAPADA DOS GUIMARAES</SimpleData>
		<SimpleData name="precipitac">0.0</SimpleData>
		<SimpleData name="satelite">NOAA-20</SimpleData>
		<SimpleData name="bioma">Cerrado</SimpleData>
		<SimpleData name="datahora">2019/08/12 16:57:43</SimpleData>
		<SimpleData name="diasemchuv">18</SimpleData>
		<SimpleData name="pais">Brasil</SimpleData>
		<SimpleData name="areaproteg">PARNA DA CHAPADA DOS GUIMARAES</SimpleData>
	</SchemaData></ExtendedData>
      <Point><coordinates>-55.8583963902364,-15.2819011568918</coordinates></Point>
  </Placemark>
  <Placemark>
	<ExtendedData><SchemaData schemaUrl="#focos_inpe">
		<SimpleData name="estado">MATO GROSSO</SimpleData>
		<SimpleData name="riscofogo">1.0</SimpleData>
		<SimpleData name="frp">0.000</SimpleData>
		<SimpleData name="municipio">CHAPADA DOS GUIMARAES</SimpleData>
		<SimpleData name="precipitac">0.0</SimpleData>
		<SimpleData name="satelite">NOAA-20</SimpleData>
		<SimpleData name="bioma">Cerrado</SimpleData>
		<SimpleData name="datahora">2019/08/12 16:57:43</SimpleData>
		<SimpleData name="diasemchuv">18</SimpleData>
		<SimpleData name="pais">Brasil</SimpleData>
		<SimpleData name="areaproteg">PARNA DA CHAPADA DOS GUIMARAES</SimpleData>
	</SchemaData></ExtendedData>
      <Point><coordinates>-55.8711984693608,-15.2800996800662</coordinates></Point>
  </Placemark>
  <Placemark>
	<ExtendedData><SchemaData schemaUrl="#focos_inpe">
		<SimpleData name="estado">MATO GROSSO</SimpleData>
		<SimpleData name="riscofogo">1.0</SimpleData>
		<SimpleData name="frp">0.000</SimpleData>
		<SimpleData name="municipio">CHAPADA DOS GUIMARAES</SimpleData>
		<SimpleData name="precipitac">0.0</SimpleData>
		<SimpleData name="satelite">NOAA-20</SimpleData>
		<SimpleData name="bioma">Cerrado</SimpleData>
		<SimpleData name="datahora">2019/08/12 16:57:43</SimpleData>
		<SimpleData name="diasemchuv">18</SimpleData>
		<SimpleData name="pais">Brasil</SimpleData>
		<SimpleData name="areaproteg">PARNA DA CHAPADA DOS GUIMARAES</SimpleData>
	</SchemaData></ExtendedData>
      <Point><coordinates>-55.8469008277206,-15.2767018450634</coordinates></Point>
  </Placemark>
  <Placemark>
	<ExtendedData><SchemaData schemaUrl="#focos_inpe">
		<SimpleData name="estado">MATO GROSSO</SimpleData>
		<SimpleData name="riscofogo">1.0</SimpleData>
		<SimpleData name="frp">0.000</SimpleData>
		<SimpleData name="municipio">CHAPADA DOS GUIMARAES</SimpleData>
		<SimpleData name="precipitac">0.0</SimpleData>
		<SimpleData name="satelite">NOAA-20</SimpleData>
		<SimpleData name="bioma">Cerrado</SimpleData>
		<SimpleData name="datahora">2019/08/12 16:57:43</SimpleData>
		<SimpleData name="diasemchuv">18</SimpleData>
		<SimpleData name="pais">Brasil</SimpleData>
		<SimpleData name="areaproteg">PARNA DA CHAPADA DOS GUIMARAES</SimpleData>
	</SchemaData></ExtendedData>
      <Point><coordinates>-55.8559973938696,-15.2707979952687</coordinates></Point>
  </Placemark>
  <Placemark>
	<ExtendedData><SchemaData schemaUrl="#focos_inpe">
		<SimpleData name="estado">MATO GROSSO</SimpleData>
		<SimpleData name="riscofogo">1.0</SimpleData>
		<SimpleData name="frp">0.000</SimpleData>
		<SimpleData name="municipio">CUIABA</SimpleData>
		<SimpleData name="precipitac">0.0</SimpleData>
		<SimpleData name="satelite">NOAA-20</SimpleData>
		<SimpleData name="bioma">Cerrado</SimpleData>
		<SimpleData name="datahora">2019/08/12 16:57:43</SimpleData>
		<SimpleData name="diasemchuv">18</SimpleData>
		<SimpleData name="pais">Brasil</SimpleData>
		<SimpleData name="areaproteg">PARNA DA CHAPADA DOS GUIMARAES</SimpleData>
	</SchemaData></ExtendedData>
      <Point><coordinates>-55.8755015018774,-15.2807016587084</coordinates></Point>
  </Placemark>
  <Placemark>
	<ExtendedData><SchemaData schemaUrl="#focos_inpe">
		<SimpleData name="estado">MATO GROSSO</SimpleData>
		<SimpleData name="riscofogo">1.0</SimpleData>
		<SimpleData name="frp">0.000</SimpleData>
		<SimpleData name="municipio">CHAPADA DOS GUIMARAES</SimpleData>
		<SimpleData name="precipitac">0.0</SimpleData>
		<SimpleData name="satelite">NOAA-20</SimpleData>
		<SimpleData name="bioma">Cerrado</SimpleData>
		<SimpleData name="datahora">2019/08/13 16:38:48</SimpleData>
		<SimpleData name="diasemchuv">18</SimpleData>
		<SimpleData name="pais">Brasil</SimpleData>
		<SimpleData name="areaproteg">PARNA DA CHAPADA DOS GUIMARAES</SimpleData>
	</SchemaData></ExtendedData>
      <Point><coordinates>-55.8653971788903,-15.2451001958977</coordinates></Point>
  </Placemark>
  <Placemark>
	<ExtendedData><SchemaData schemaUrl="#focos_inpe">
		<SimpleData name="estado">MATO GROSSO</SimpleData>
		<SimpleData name="riscofogo">1.0</SimpleData>
		<SimpleData name="frp">0.000</SimpleData>
		<SimpleData name="municipio">CHAPADA DOS GUIMARAES</SimpleData>
		<SimpleData name="precipitac">0.0</SimpleData>
		<SimpleData name="satelite">NOAA-20</SimpleData>
		<SimpleData name="bioma">Cerrado</SimpleData>
		<SimpleData name="datahora">2019/08/13 16:38:48</SimpleData>
		<SimpleData name="diasemchuv">18</SimpleData>
		<SimpleData name="pais">Brasil</SimpleData>
		<SimpleData name="areaproteg">PARNA DA CHAPADA DOS GUIMARAES</SimpleData>
	</SchemaData></ExtendedData>
      <Point><coordinates>-55.8432978740694,-15.2730007911891</coordinates></Point>
  </Placemark>
  <Placemark>
	<ExtendedData><SchemaData schemaUrl="#focos_inpe">
		<SimpleData name="estado">MATO GROSSO</SimpleData>
		<SimpleData name="riscofogo">1.0</SimpleData>
		<SimpleData name="frp">0.000</SimpleData>
		<SimpleData name="municipio">CHAPADA DOS GUIMARAES</SimpleData>
		<SimpleData name="precipitac">0.0</SimpleData>
		<SimpleData name="satelite">NOAA-20</SimpleData>
		<SimpleData name="bioma">Cerrado</SimpleData>
		<SimpleData name="datahora">2019/08/13 16:38:48</SimpleData>
		<SimpleData name="diasemchuv">18</SimpleData>
		<SimpleData name="pais">Brasil</SimpleData>
		<SimpleData name="areaproteg">PARNA DA CHAPADA DOS GUIMARAES</SimpleData>
	</SchemaData></ExtendedData>
      <Point><coordinates>-55.8647015591259,-15.249800088408</coordinates></Point>
  </Placemark>
  <Placemark>
	<ExtendedData><SchemaData schemaUrl="#focos_inpe">
		<SimpleData name="estado">MATO GROSSO</SimpleData>
		<SimpleData name="riscofogo">1.0</SimpleData>
		<SimpleData name="frp">0.000</SimpleData>
		<SimpleData name="municipio">CHAPADA DOS GUIMARAES</SimpleData>
		<SimpleData name="precipitac">0.0</SimpleData>
		<SimpleData name="satelite">NOAA-20</SimpleData>
		<SimpleData name="bioma">Cerrado</SimpleData>
		<SimpleData name="datahora">2019/08/13 16:38:48</SimpleData>
		<SimpleData name="diasemchuv">18</SimpleData>
		<SimpleData name="pais">Brasil</SimpleData>
		<SimpleData name="areaproteg">PARNA DA CHAPADA DOS GUIMARAES</SimpleData>
	</SchemaData></ExtendedData>
      <Point><coordinates>-55.8604029857104,-15.2444982172555</coordinates></Point>
  </Placemark>
  <Placemark>
	<ExtendedData><SchemaData schemaUrl="#focos_inpe">
		<SimpleData name="estado">MATO GROSSO</SimpleData>
		<SimpleData name="riscofogo">1.0</SimpleData>
		<SimpleData name="frp">0.000</SimpleData>
		<SimpleData name="municipio">CHAPADA DOS GUIMARAES</SimpleData>
		<SimpleData name="precipitac">0.0</SimpleData>
		<SimpleData name="satelite">NOAA-20</SimpleData>
		<SimpleData name="bioma">Cerrado</SimpleData>
		<SimpleData name="datahora">2019/08/13 16:38:48</SimpleData>
		<SimpleData name="diasemchuv">18</SimpleData>
		<SimpleData name="pais">Brasil</SimpleData>
		<SimpleData name="areaproteg">PARNA DA CHAPADA DOS GUIMARAES</SimpleData>
	</SchemaData></ExtendedData>
      <Point><coordinates>-55.8403013581615,-15.2753997875558</coordinates></Point>
  </Placemark>
  <Placemark>
	<ExtendedData><SchemaData schemaUrl="#focos_inpe">
		<SimpleData name="estado">MATO GROSSO</SimpleData>
		<SimpleData name="riscofogo">1.0</SimpleData>
		<SimpleData name="frp">0.000</SimpleData>
		<SimpleData name="municipio">CHAPADA DOS GUIMARAES</SimpleData>
		<SimpleData name="precipitac">0.0</SimpleData>
		<SimpleData name="satelite">NOAA-20</SimpleData>
		<SimpleData name="bioma">Cerrado</SimpleData>
		<SimpleData name="datahora">2019/08/13 16:38:48</SimpleData>
		<SimpleData name="diasemchuv">18</SimpleData>
		<SimpleData name="pais">Brasil</SimpleData>
		<SimpleData name="areaproteg">PARNA DA CHAPADA DOS GUIMARAES</SimpleData>
	</SchemaData></ExtendedData>
      <Point><coordinates>-55.8545972361388,-15.2484980309004</coordinates></Point>
  </Placemark>
  <Placemark>
	<ExtendedData><SchemaData schemaUrl="#focos_inpe">
		<SimpleData name="estado">MATO GROSSO</SimpleData>
		<SimpleData name="riscofogo">1.0</SimpleData>
		<SimpleData name="frp">0.000</SimpleData>
		<SimpleData name="municipio">CHAPADA DOS GUIMARAES</SimpleData>
		<SimpleData name="precipitac">0.0</SimpleData>
		<SimpleData name="satelite">NOAA-20</SimpleData>
		<SimpleData name="bioma">Cerrado</SimpleData>
		<SimpleData name="datahora">2019/08/13 16:38:48</SimpleData>
		<SimpleData name="diasemchuv">18</SimpleData>
		<SimpleData name="pais">Brasil</SimpleData>
		<SimpleData name="areaproteg">PARNA DA CHAPADA DOS GUIMARAES</SimpleData>
	</SchemaData></ExtendedData>
      <Point><coordinates>-55.859698447744,-15.2491981097658</coordinates></Point>
  </Placemark>
  <Placemark>
	<ExtendedData><SchemaData schemaUrl="#focos_inpe">
		<SimpleData name="estado">MATO GROSSO</SimpleData>
		<SimpleData name="riscofogo">1.0</SimpleData>
		<SimpleData name="frp">0.000</SimpleData>
		<SimpleData name="municipio">CHAPADA DOS GUIMARAES</SimpleData>
		<SimpleData name="precipitac">0.0</SimpleData>
		<SimpleData name="satelite">NOAA-20</SimpleData>
		<SimpleData name="bioma">Cerrado</SimpleData>
		<SimpleData name="datahora">2019/08/13 16:38:48</SimpleData>
		<SimpleData name="diasemchuv">18</SimpleData>
		<SimpleData name="pais">Brasil</SimpleData>
		<SimpleData name="areaproteg">PARNA DA CHAPADA DOS GUIMARAES</SimpleData>
	</SchemaData></ExtendedData>
      <Point><coordinates>-55.8690001325415,-15.2551019595605</coordinates></Point>
  </Placemark>
  <Placemark>
	<ExtendedData><SchemaData schemaUrl="#focos_inpe">
		<SimpleData name="estado">MATO GROSSO</SimpleData>
		<SimpleData name="riscofogo">1.0</SimpleData>
		<SimpleData name="frp">0.000</SimpleData>
		<SimpleData name="municipio">CHAPADA DOS GUIMARAES</SimpleData>
		<SimpleData name="precipitac">0.0</SimpleData>
		<SimpleData name="satelite">NOAA-20</SimpleData>
		<SimpleData name="bioma">Cerrado</SimpleData>
		<SimpleData name="datahora">2019/08/13 16:38:48</SimpleData>
		<SimpleData name="diasemchuv">18</SimpleData>
		<SimpleData name="pais">Brasil</SimpleData>
		<SimpleData name="areaproteg">PARNA DA CHAPADA DOS GUIMARAES</SimpleData>
	</SchemaData></ExtendedData>
      <Point><coordinates>-55.8363015445166,-15.265398023893</coordinates></Point>
  </Placemark>
  <Placemark>
	<ExtendedData><SchemaData schemaUrl="#focos_inpe">
		<SimpleData name="estado">MATO GROSSO</SimpleData>
		<SimpleData name="riscofogo">1.0</SimpleData>
		<SimpleData name="frp">0.000</SimpleData>
		<SimpleData name="municipio">CUIABA</SimpleData>
		<SimpleData name="precipitac">0.0</SimpleData>
		<SimpleData name="satelite">NOAA-20</SimpleData>
		<SimpleData name="bioma">Cerrado</SimpleData>
		<SimpleData name="datahora">2019/08/10 17:35:34</SimpleData>
		<SimpleData name="diasemchuv">19</SimpleData>
		<SimpleData name="pais">Brasil</SimpleData>
		<SimpleData name="areaproteg">PARNA DA CHAPADA DOS GUIMARAES</SimpleData>
	</SchemaData></ExtendedData>
      <Point><coordinates>-55.9644025995799,-15.3288019817719</coordinates></Point>
  </Placemark>
  <Placemark>
	<ExtendedData><SchemaData schemaUrl="#focos_inpe">
		<SimpleData name="estado">MATO GROSSO</SimpleData>
		<SimpleData name="riscofogo">1.0</SimpleData>
		<SimpleData name="frp">0.000</SimpleData>
		<SimpleData name="municipio">CUIABA</SimpleData>
		<SimpleData name="precipitac">0.0</SimpleData>
		<SimpleData name="satelite">NOAA-20</SimpleData>
		<SimpleData name="bioma">Cerrado</SimpleData>
		<SimpleData name="datahora">2019/08/10 17:35:34</SimpleData>
		<SimpleData name="diasemchuv">19</SimpleData>
		<SimpleData name="pais">Brasil</SimpleData>
		<SimpleData name="areaproteg">PARNA DA CHAPADA DOS GUIMARAES</SimpleData>
	</SchemaData></ExtendedData>
      <Point><coordinates>-55.9660970579803,-15.3429016593029</coordinates></Point>
  </Placemark>
  <Placemark>
	<ExtendedData><SchemaData schemaUrl="#focos_inpe">
		<SimpleData name="estado">MATO GROSSO</SimpleData>
		<SimpleData name="riscofogo">1.0</SimpleData>
		<SimpleData name="frp">0.000</SimpleData>
		<SimpleData name="municipio">CUIABA</SimpleData>
		<SimpleData name="precipitac">0.0</SimpleData>
		<SimpleData name="satelite">NOAA-20</SimpleData>
		<SimpleData name="bioma">Cerrado</SimpleData>
		<SimpleData name="datahora">2019/08/10 17:35:34</SimpleData>
		<SimpleData name="diasemchuv">19</SimpleData>
		<SimpleData name="pais">Brasil</SimpleData>
		<SimpleData name="areaproteg">PARNA DA CHAPADA DOS GUIMARAES</SimpleData>
	</SchemaData></ExtendedData>
      <Point><coordinates>-55.9653033379927,-15.3244008490322</coordinates></Point>
  </Placemark>
  <Placemark>
	<ExtendedData><SchemaData schemaUrl="#focos_inpe">
		<SimpleData name="estado">MATO GROSSO</SimpleData>
		<SimpleData name="riscofogo">1.0</SimpleData>
		<SimpleData name="frp">0.000</SimpleData>
		<SimpleData name="municipio">CHAPADA DOS GUIMARAES</SimpleData>
		<SimpleData name="precipitac">0.0</SimpleData>
		<SimpleData name="satelite">NOAA-20</SimpleData>
		<SimpleData name="bioma">Cerrado</SimpleData>
		<SimpleData name="datahora">2019/08/13 04:10:34</SimpleData>
		<SimpleData name="diasemchuv">19</SimpleData>
		<SimpleData name="pais">Brasil</SimpleData>
		<SimpleData name="areaproteg">PARNA DA CHAPADA DOS GUIMARAES</SimpleData>
	</SchemaData></ExtendedData>
      <Point><coordinates>-55.8493979243105,-15.2899007841816</coordinates></Point>
  </Placemark>
  <Placemark>
	<ExtendedData><SchemaData schemaUrl="#focos_inpe">
		<SimpleData name="estado">MATO GROSSO</SimpleData>
		<SimpleData name="riscofogo">1.0</SimpleData>
		<SimpleData name="frp">0.000</SimpleData>
		<SimpleData name="municipio">CHAPADA DOS GUIMARAES</SimpleData>
		<SimpleData name="precipitac">0.0</SimpleData>
		<SimpleData name="satelite">NOAA-20</SimpleData>
		<SimpleData name="bioma">Cerrado</SimpleData>
		<SimpleData name="datahora">2019/08/13 04:10:34</SimpleData>
		<SimpleData name="diasemchuv">19</SimpleData>
		<SimpleData name="pais">Brasil</SimpleData>
		<SimpleData name="areaproteg">PARNA DA CHAPADA DOS GUIMARAES</SimpleData>
	</SchemaData></ExtendedData>
      <Point><coordinates>-55.8521982397721,-15.2833994148457</coordinates></Point>
  </Placemark>
  <Placemark>
	<ExtendedData><SchemaData schemaUrl="#focos_inpe">
		<SimpleData name="estado">MATO GROSSO</SimpleData>
		<SimpleData name="riscofogo">1.0</SimpleData>
		<SimpleData name="frp">0.000</SimpleData>
		<SimpleData name="municipio">CHAPADA DOS GUIMARAES</SimpleData>
		<SimpleData name="precipitac">0.0</SimpleData>
		<SimpleData name="satelite">NOAA-20</SimpleData>
		<SimpleData name="bioma">Cerrado</SimpleData>
		<SimpleData name="datahora">2019/08/13 16:38:48</SimpleData>
		<SimpleData name="diasemchuv">19</SimpleData>
		<SimpleData name="pais">Brasil</SimpleData>
		<SimpleData name="areaproteg">PARNA DA CHAPADA DOS GUIMARAES</SimpleData>
	</SchemaData></ExtendedData>
      <Point><coordinates>-55.844599931577,-15.2807016587084</coordinates></Point>
  </Placemark>
  <Placemark>
	<ExtendedData><SchemaData schemaUrl="#focos_inpe">
		<SimpleData name="estado">MATO GROSSO</SimpleData>
		<SimpleData name="riscofogo">1.0</SimpleData>
		<SimpleData name="frp">0.000</SimpleData>
		<SimpleData name="municipio">CHAPADA DOS GUIMARAES</SimpleData>
		<SimpleData name="precipitac">0.0</SimpleData>
		<SimpleData name="satelite">NOAA-20</SimpleData>
		<SimpleData name="bioma">Cerrado</SimpleData>
		<SimpleData name="datahora">2019/08/13 16:38:48</SimpleData>
		<SimpleData name="diasemchuv">19</SimpleData>
		<SimpleData name="pais">Brasil</SimpleData>
		<SimpleData name="areaproteg">PARNA DA CHAPADA DOS GUIMARAES</SimpleData>
	</SchemaData></ExtendedData>
      <Point><coordinates>-55.8464014084026,-15.2876979882612</coordinates></Point>
  </Placemark>
  <Placemark>
	<ExtendedData><SchemaData schemaUrl="#focos_inpe">
		<SimpleData name="estado">MATO GROSSO</SimpleData>
		<SimpleData name="riscofogo">1.0</SimpleData>
		<SimpleData name="frp">0.000</SimpleData>
		<SimpleData name="municipio">CHAPADA DOS GUIMARAES</SimpleData>
		<SimpleData name="precipitac">0.0</SimpleData>
		<SimpleData name="satelite">NOAA-20</SimpleData>
		<SimpleData name="bioma">Cerrado</SimpleData>
		<SimpleData name="datahora">2019/08/13 16:38:48</SimpleData>
		<SimpleData name="diasemchuv">19</SimpleData>
		<SimpleData name="pais">Brasil</SimpleData>
		<SimpleData name="areaproteg">PARNA DA CHAPADA DOS GUIMARAES</SimpleData>
	</SchemaData></ExtendedData>
      <Point><coordinates>-55.8370997236051,-15.2819011568918</coordinates></Point>
  </Placemark>
  <Placemark>
	<ExtendedData><SchemaData schemaUrl="#focos_inpe">
		<SimpleData name="estado">MATO GROSSO</SimpleData>
		<SimpleData name="riscofogo">1.0</SimpleData>
		<SimpleData name="frp">0.000</SimpleData>
		<SimpleData name="municipio">CHAPADA DOS GUIMARAES</SimpleData>
		<SimpleData name="precipitac">0.0</SimpleData>
		<SimpleData name="satelite">NOAA-20</SimpleData>
		<SimpleData name="bioma">Cerrado</SimpleData>
		<SimpleData name="datahora">2019/08/13 16:38:48</SimpleData>
		<SimpleData name="diasemchuv">19</SimpleData>
		<SimpleData name="pais">Brasil</SimpleData>
		<SimpleData name="areaproteg">PARNA DA CHAPADA DOS GUIMARAES</SimpleData>
	</SchemaData></ExtendedData>
      <Point><coordinates>-55.8413001967975,-15.2871004687201</coordinates></Point>
  </Placemark>
  <Placemark>
	<ExtendedData><SchemaData schemaUrl="#focos_inpe">
		<SimpleData name="estado">MATO GROSSO</SimpleData>
		<SimpleData name="riscofogo">1.0</SimpleData>
		<SimpleData name="frp">0.000</SimpleData>
		<SimpleData name="municipio">CHAPADA DOS GUIMARAES</SimpleData>
		<SimpleData name="precipitac">0.0</SimpleData>
		<SimpleData name="satelite">NOAA-20</SimpleData>
		<SimpleData name="bioma">Cerrado</SimpleData>
		<SimpleData name="datahora">2019/08/13 16:38:48</SimpleData>
		<SimpleData name="diasemchuv">19</SimpleData>
		<SimpleData name="pais">Brasil</SimpleData>
		<SimpleData name="areaproteg">PARNA DA CHAPADA DOS GUIMARAES</SimpleData>
	</SchemaData></ExtendedData>
      <Point><coordinates>-55.8427984547514,-15.2777006836994</coordinates></Point>
  </Placemark>
  <Placemark>
	<ExtendedData><SchemaData schemaUrl="#focos_inpe">
		<SimpleData name="estado">MATO GROSSO</SimpleData>
		<SimpleData name="riscofogo">1.0</SimpleData>
		<SimpleData name="frp">0.000</SimpleData>
		<SimpleData name="municipio">CHAPADA DOS GUIMARAES</SimpleData>
		<SimpleData name="precipitac">0.0</SimpleData>
		<SimpleData name="satelite">NOAA-20</SimpleData>
		<SimpleData name="bioma">Cerrado</SimpleData>
		<SimpleData name="datahora">2019/08/13 16:38:48</SimpleData>
		<SimpleData name="diasemchuv">19</SimpleData>
		<SimpleData name="pais">Brasil</SimpleData>
		<SimpleData name="areaproteg">PARNA DA CHAPADA DOS GUIMARAES</SimpleData>
	</SchemaData></ExtendedData>
      <Point><coordinates>-55.8476990068092,-15.2782982032406</coordinates></Point>
  </Placemark>
  <Placemark>
	<ExtendedData><SchemaData schemaUrl="#focos_inpe">
		<SimpleData name="estado">MATO GROSSO</SimpleData>
		<SimpleData name="riscofogo">1.0</SimpleData>
		<SimpleData name="frp">0.000</SimpleData>
		<SimpleData name="municipio">CHAPADA DOS GUIMARAES</SimpleData>
		<SimpleData name="precipitac">0.0</SimpleData>
		<SimpleData name="satelite">NOAA-20</SimpleData>
		<SimpleData name="bioma">Cerrado</SimpleData>
		<SimpleData name="datahora">2019/08/13 16:38:48</SimpleData>
		<SimpleData name="diasemchuv">19</SimpleData>
		<SimpleData name="pais">Brasil</SimpleData>
		<SimpleData name="areaproteg">PARNA DA CHAPADA DOS GUIMARAES</SimpleData>
	</SchemaData></ExtendedData>
      <Point><coordinates>-55.873298705957,-15.260399371612</coordinates></Point>
  </Placemark>
  <Placemark>
	<ExtendedData><SchemaData schemaUrl="#focos_inpe">
		<SimpleData name="estado">MATO GROSSO</SimpleData>
		<SimpleData name="riscofogo">1.0</SimpleData>
		<SimpleData name="frp">0.000</SimpleData>
		<SimpleData name="municipio">CHAPADA DOS GUIMARAES</SimpleData>
		<SimpleData name="precipitac">0.0</SimpleData>
		<SimpleData name="satelite">NOAA-20</SimpleData>
		<SimpleData name="bioma">Cerrado</SimpleData>
		<SimpleData name="datahora">2019/08/13 16:38:48</SimpleData>
		<SimpleData name="diasemchuv">19</SimpleData>
		<SimpleData name="pais">Brasil</SimpleData>
		<SimpleData name="areaproteg">PARNA DA CHAPADA DOS GUIMARAES</SimpleData>
	</SchemaData></ExtendedData>
      <Point><coordinates>-55.8396993795193,-15.2800996800662</coordinates></Point>
  </Placemark>
  <Placemark>
	<ExtendedData><SchemaData schemaUrl="#focos_inpe">
		<SimpleData name="estado">MATO GROSSO</SimpleData>
		<SimpleData name="riscofogo">1.0</SimpleData>
		<SimpleData name="frp">0.000</SimpleData>
		<SimpleData name="municipio">CHAPADA DOS GUIMARAES</SimpleData>
		<SimpleData name="precipitac">0.0</SimpleData>
		<SimpleData name="satelite">NOAA-20</SimpleData>
		<SimpleData name="bioma">Cerrado</SimpleData>
		<SimpleData name="datahora">2019/08/13 16:38:48</SimpleData>
		<SimpleData name="diasemchuv">19</SimpleData>
		<SimpleData name="pais">Brasil</SimpleData>
		<SimpleData name="areaproteg">PARNA DA CHAPADA DOS GUIMARAES</SimpleData>
	</SchemaData></ExtendedData>
      <Point><coordinates>-55.8469989279438,-15.2829980957509</coordinates></Point>
  </Placemark>
  <Placemark>
	<ExtendedData><SchemaData schemaUrl="#focos_inpe">
		<SimpleData name="estado">MATO GROSSO</SimpleData>
		<SimpleData name="riscofogo">1.0</SimpleData>
		<SimpleData name="frp">0.000</SimpleData>
		<SimpleData name="municipio">CHAPADA DOS GUIMARAES</SimpleData>
		<SimpleData name="precipitac">0.0</SimpleData>
		<SimpleData name="satelite">NOAA-20</SimpleData>
		<SimpleData name="bioma">Cerrado</SimpleData>
		<SimpleData name="datahora">2019/08/13 16:38:48</SimpleData>
		<SimpleData name="diasemchuv">19</SimpleData>
		<SimpleData name="pais">Brasil</SimpleData>
		<SimpleData name="areaproteg">PARNA DA CHAPADA DOS GUIMARAES</SimpleData>
	</SchemaData></ExtendedData>
      <Point><coordinates>-55.842098375886,-15.2824005762097</coordinates></Point>
  </Placemark>
  <Placemark>
	<ExtendedData><SchemaData schemaUrl="#focos_inpe">
		<SimpleData name="estado">MATO GROSSO</SimpleData>
		<SimpleData name="riscofogo">1.0</SimpleData>
		<SimpleData name="frp">0.000</SimpleData>
		<SimpleData name="municipio">CHAPADA DOS GUIMARAES</SimpleData>
		<SimpleData name="precipitac">0.0</SimpleData>
		<SimpleData name="satelite">NOAA-20</SimpleData>
		<SimpleData name="bioma">Cerrado</SimpleData>
		<SimpleData name="datahora">2019/08/14 16:19:53</SimpleData>
		<SimpleData name="diasemchuv">19</SimpleData>
		<SimpleData name="pais">Brasil</SimpleData>
		<SimpleData name="areaproteg">PARNA DA CHAPADA DOS GUIMARAES</SimpleData>
	</SchemaData></ExtendedData>
      <Point><coordinates>-55.8098992071791,-15.2695003968621</coordinates></Point>
  </Placemark>
  <Placemark>
	<ExtendedData><SchemaData schemaUrl="#focos_inpe">
		<SimpleData name="estado">MATO GROSSO</SimpleData>
		<SimpleData name="riscofogo">1.0</SimpleData>
		<SimpleData name="frp">0.000</SimpleData>
		<SimpleData name="municipio">CHAPADA DOS GUIMARAES</SimpleData>
		<SimpleData name="precipitac">0.0</SimpleData>
		<SimpleData name="satelite">NOAA-20</SimpleData>
		<SimpleData name="bioma">Cerrado</SimpleData>
		<SimpleData name="datahora">2019/08/14 16:19:53</SimpleData>
		<SimpleData name="diasemchuv">19</SimpleData>
		<SimpleData name="pais">Brasil</SimpleData>
		<SimpleData name="areaproteg">PARNA DA CHAPADA DOS GUIMARAES</SimpleData>
	</SchemaData></ExtendedData>
      <Point><coordinates>-55.8091010280905,-15.264898604575</coordinates></Point>
  </Placemark>
  <Placemark>
	<ExtendedData><SchemaData schemaUrl="#focos_inpe">
		<SimpleData name="estado">MATO GROSSO</SimpleData>
		<SimpleData name="riscofogo">1.0</SimpleData>
		<SimpleData name="frp">0.000</SimpleData>
		<SimpleData name="municipio">CHAPADA DOS GUIMARAES</SimpleData>
		<SimpleData name="precipitac">0.0</SimpleData>
		<SimpleData name="satelite">NOAA-20</SimpleData>
		<SimpleData name="bioma">Cerrado</SimpleData>
		<SimpleData name="datahora">2019/08/14 18:03:43</SimpleData>
		<SimpleData name="diasemchuv">19</SimpleData>
		<SimpleData name="pais">Brasil</SimpleData>
		<SimpleData name="areaproteg">PARNA DA CHAPADA DOS GUIMARAES</SimpleData>
	</SchemaData></ExtendedData>
      <Point><coordinates>-55.8112993649099,-15.2739996298251</coordinates></Point>
  </Placemark>
  <Placemark>
	<ExtendedData><SchemaData schemaUrl="#focos_inpe">
		<SimpleData name="estado">MATO GROSSO</SimpleData>
		<SimpleData name="riscofogo">1.0</SimpleData>
		<SimpleData name="frp">0.000</SimpleData>
		<SimpleData name="municipio">CHAPADA DOS GUIMARAES</SimpleData>
		<SimpleData name="precipitac">0.0</SimpleData>
		<SimpleData name="satelite">NOAA-20</SimpleData>
		<SimpleData name="bioma">Cerrado</SimpleData>
		<SimpleData name="datahora">2019/08/14 16:19:53</SimpleData>
		<SimpleData name="diasemchuv">20</SimpleData>
		<SimpleData name="pais">Brasil</SimpleData>
		<SimpleData name="areaproteg">PARNA DA CHAPADA DOS GUIMARAES</SimpleData>
	</SchemaData></ExtendedData>
      <Point><coordinates>-55.8316016520062,-15.2864984900779</coordinates></Point>
  </Placemark>
  <Placemark>
	<ExtendedData><SchemaData schemaUrl="#focos_inpe">
		<SimpleData name="estado">MATO GROSSO</SimpleData>
		<SimpleData name="riscofogo">1.0</SimpleData>
		<SimpleData name="frp">0.000</SimpleData>
		<SimpleData name="municipio">CHAPADA DOS GUIMARAES</SimpleData>
		<SimpleData name="precipitac">0.0</SimpleData>
		<SimpleData name="satelite">NOAA-20</SimpleData>
		<SimpleData name="bioma">Cerrado</SimpleData>
		<SimpleData name="datahora">2019/08/15 05:15:09</SimpleData>
		<SimpleData name="diasemchuv">20</SimpleData>
		<SimpleData name="pais">Brasil</SimpleData>
		<SimpleData name="areaproteg">PARNA DA CHAPADA DOS GUIMARAES</SimpleData>
	</SchemaData></ExtendedData>
      <Point><coordinates>-55.8312984331346,-15.2741021891493</coordinates></Point>
  </Placemark>
  <Placemark>
	<ExtendedData><SchemaData schemaUrl="#focos_inpe">
		<SimpleData name="estado">MATO GROSSO</SimpleData>
		<SimpleData name="riscofogo">1.0</SimpleData>
		<SimpleData name="frp">0.000</SimpleData>
		<SimpleData name="municipio">CHAPADA DOS GUIMARAES</SimpleData>
		<SimpleData name="precipitac">0.0</SimpleData>
		<SimpleData name="satelite">NOAA-20</SimpleData>
		<SimpleData name="bioma">Cerrado</SimpleData>
		<SimpleData name="datahora">2019/08/15 05:15:09</SimpleData>
		<SimpleData name="diasemchuv">20</SimpleData>
		<SimpleData name="pais">Brasil</SimpleData>
		<SimpleData name="areaproteg">PARNA DA CHAPADA DOS GUIMARAES</SimpleData>
	</SchemaData></ExtendedData>
      <Point><coordinates>-55.8312984331346,-15.2753997875558</coordinates></Point>
  </Placemark>
  <Placemark>
	<ExtendedData><SchemaData schemaUrl="#focos_inpe">
		<SimpleData name="estado">MATO GROSSO</SimpleData>
		<SimpleData name="riscofogo">1.0</SimpleData>
		<SimpleData name="frp">0.000</SimpleData>
		<SimpleData name="municipio">CHAPADA DOS GUIMARAES</SimpleData>
		<SimpleData name="precipitac">0.0</SimpleData>
		<SimpleData name="satelite">NOAA-20</SimpleData>
		<SimpleData name="bioma">Cerrado</SimpleData>
		<SimpleData name="datahora">2019/08/15 17:41:57</SimpleData>
		<SimpleData name="diasemchuv">20</SimpleData>
		<SimpleData name="pais">Brasil</SimpleData>
		<SimpleData name="areaproteg">PARNA DA CHAPADA DOS GUIMARAES</SimpleData>
	</SchemaData></ExtendedData>
      <Point><coordinates>-55.8265985406243,-15.2674982604891</coordinates></Point>
  </Placemark>
  <Placemark>
	<ExtendedData><SchemaData schemaUrl="#focos_inpe">
		<SimpleData name="estado">MATO GROSSO</SimpleData>
		<SimpleData name="riscofogo">1.0</SimpleData>
		<SimpleData name="frp">0.000</SimpleData>
		<SimpleData name="municipio">CHAPADA DOS GUIMARAES</SimpleData>
		<SimpleData name="precipitac">0.0</SimpleData>
		<SimpleData name="satelite">NOAA-20</SimpleData>
		<SimpleData name="bioma">Cerrado</SimpleData>
		<SimpleData name="datahora">2019/08/15 17:41:57</SimpleData>
		<SimpleData name="diasemchuv">20</SimpleData>
		<SimpleData name="pais">Brasil</SimpleData>
		<SimpleData name="areaproteg">PARNA DA CHAPADA DOS GUIMARAES</SimpleData>
	</SchemaData></ExtendedData>
      <Point><coordinates>-55.818902132206,-15.2763005259686</coordinates></Point>
  </Placemark>
  <Placemark>
	<ExtendedData><SchemaData schemaUrl="#focos_inpe">
		<SimpleData name="estado">MATO GROSSO</SimpleData>
		<SimpleData name="riscofogo">1.0</SimpleData>
		<SimpleData name="frp">0.000</SimpleData>
		<SimpleData name="municipio">CHAPADA DOS GUIMARAES</SimpleData>
		<SimpleData name="precipitac">0.0</SimpleData>
		<SimpleData name="satelite">NOAA-20</SimpleData>
		<SimpleData name="bioma">Cerrado</SimpleData>
		<SimpleData name="datahora">2019/08/15 17:41:57</SimpleData>
		<SimpleData name="diasemchuv">20</SimpleData>
		<SimpleData name="pais">Brasil</SimpleData>
		<SimpleData name="areaproteg">PARNA DA CHAPADA DOS GUIMARAES</SimpleData>
	</SchemaData></ExtendedData>
      <Point><coordinates>-55.8129001821881,-15.2751010277853</coordinates></Point>
  </Placemark>
  <Placemark>
	<ExtendedData><SchemaData schemaUrl="#focos_inpe">
		<SimpleData name="estado">MATO GROSSO</SimpleData>
		<SimpleData name="riscofogo">1.0</SimpleData>
		<SimpleData name="frp">0.000</SimpleData>
		<SimpleData name="municipio">CHAPADA DOS GUIMARAES</SimpleData>
		<SimpleData name="precipitac">0.0</SimpleData>
		<SimpleData name="satelite">NOAA-20</SimpleData>
		<SimpleData name="bioma">Cerrado</SimpleData>
		<SimpleData name="datahora">2019/08/15 17:41:57</SimpleData>
		<SimpleData name="diasemchuv">20</SimpleData>
		<SimpleData name="pais">Brasil</SimpleData>
		<SimpleData name="areaproteg">PARNA DA CHAPADA DOS GUIMARAES</SimpleData>
	</SchemaData></ExtendedData>
      <Point><coordinates>-55.8377017022473,-15.2748022680147</coordinates></Point>
  </Placemark>
  <Placemark>
	<ExtendedData><SchemaData schemaUrl="#focos_inpe">
		<SimpleData name="estado">MATO GROSSO</SimpleData>
		<SimpleData name="riscofogo">1.0</SimpleData>
		<SimpleData name="frp">0.000</SimpleData>
		<SimpleData name="municipio">CHAPADA DOS GUIMARAES</SimpleData>
		<SimpleData name="precipitac">0.0</SimpleData>
		<SimpleData name="satelite">NOAA-20</SimpleData>
		<SimpleData name="bioma">Cerrado</SimpleData>
		<SimpleData name="datahora">2019/08/15 17:41:57</SimpleData>
		<SimpleData name="diasemchuv">20</SimpleData>
		<SimpleData name="pais">Brasil</SimpleData>
		<SimpleData name="areaproteg">PARNA DA CHAPADA DOS GUIMARAES</SimpleData>
	</SchemaData></ExtendedData>
      <Point><coordinates>-55.8255997019883,-15.2723988125469</coordinates></Point>
  </Placemark>
  <Placemark>
	<ExtendedData><SchemaData schemaUrl="#focos_inpe">
		<SimpleData name="estado">MATO GROSSO</SimpleData>
		<SimpleData name="riscofogo">1.0</SimpleData>
		<SimpleData name="frp">0.000</SimpleData>
		<SimpleData name="municipio">CHAPADA DOS GUIMARAES</SimpleData>
		<SimpleData name="precipitac">0.0</SimpleData>
		<SimpleData name="satelite">NOAA-20</SimpleData>
		<SimpleData name="bioma">Cerrado</SimpleData>
		<SimpleData name="datahora">2019/08/16 04:54:48</SimpleData>
		<SimpleData name="diasemchuv">22</SimpleData>
		<SimpleData name="pais">Brasil</SimpleData>
		<SimpleData name="areaproteg">PARNA DA CHAPADA DOS GUIMARAES</SimpleData>
	</SchemaData></ExtendedData>
      <Point><coordinates>-55.8128020819649,-15.2988011498843</coordinates></Point>
  </Placemark>
  <Placemark>
	<ExtendedData><SchemaData schemaUrl="#focos_inpe">
		<SimpleData name="estado">MATO GROSSO</SimpleData>
		<SimpleData name="riscofogo">1.0</SimpleData>
		<SimpleData name="frp">0.000</SimpleData>
		<SimpleData name="municipio">CHAPADA DOS GUIMARAES</SimpleData>
		<SimpleData name="precipitac">0.0</SimpleData>
		<SimpleData name="satelite">NOAA-20</SimpleData>
		<SimpleData name="bioma">Cerrado</SimpleData>
		<SimpleData name="datahora">2019/08/16 04:54:48</SimpleData>
		<SimpleData name="diasemchuv">22</SimpleData>
		<SimpleData name="pais">Brasil</SimpleData>
		<SimpleData name="areaproteg">PARNA DA CHAPADA DOS GUIMARAES</SimpleData>
	</SchemaData></ExtendedData>
      <Point><coordinates>-55.8234994653921,-15.2972003326061</coordinates></Point>
  </Placemark>
  <Placemark>
	<ExtendedData><SchemaData schemaUrl="#focos_inpe">
		<SimpleData name="estado">MATO GROSSO</SimpleData>
		<SimpleData name="riscofogo">1.0</SimpleData>
		<SimpleData name="frp">0.000</SimpleData>
		<SimpleData name="municipio">CHAPADA DOS GUIMARAES</SimpleData>
		<SimpleData name="precipitac">0.0</SimpleData>
		<SimpleData name="satelite">NOAA-20</SimpleData>
		<SimpleData name="bioma">Cerrado</SimpleData>
		<SimpleData name="datahora">2019/08/16 04:54:48</SimpleData>
		<SimpleData name="diasemchuv">22</SimpleData>
		<SimpleData name="pais">Brasil</SimpleData>
		<SimpleData name="areaproteg">PARNA DA CHAPADA DOS GUIMARAES</SimpleData>
	</SchemaData></ExtendedData>
      <Point><coordinates>-55.816400576515,-15.2983017305663</coordinates></Point>
  </Placemark>
  <Placemark>
	<ExtendedData><SchemaData schemaUrl="#focos_inpe">
		<SimpleData name="estado">MATO GROSSO</SimpleData>
		<SimpleData name="riscofogo">1.0</SimpleData>
		<SimpleData name="frp">0.000</SimpleData>
		<SimpleData name="municipio">CHAPADA DOS GUIMARAES</SimpleData>
		<SimpleData name="precipitac">0.0</SimpleData>
		<SimpleData name="satelite">NOAA-20</SimpleData>
		<SimpleData name="bioma">Cerrado</SimpleData>
		<SimpleData name="datahora">2019/08/16 04:54:48</SimpleData>
		<SimpleData name="diasemchuv">22</SimpleData>
		<SimpleData name="pais">Brasil</SimpleData>
		<SimpleData name="areaproteg">PARNA DA CHAPADA DOS GUIMARAES</SimpleData>
	</SchemaData></ExtendedData>
      <Point><coordinates>-55.8223980674319,-15.2904983037228</coordinates></Point>
  </Placemark>
  <Placemark>
	<ExtendedData><SchemaData schemaUrl="#focos_inpe">
		<SimpleData name="estado">MATO GROSSO</SimpleData>
		<SimpleData name="riscofogo">1.0</SimpleData>
		<SimpleData name="frp">0.000</SimpleData>
		<SimpleData name="municipio">CHAPADA DOS GUIMARAES</SimpleData>
		<SimpleData name="precipitac">0.0</SimpleData>
		<SimpleData name="satelite">NOAA-20</SimpleData>
		<SimpleData name="bioma">Cerrado</SimpleData>
		<SimpleData name="datahora">2019/08/16 04:54:48</SimpleData>
		<SimpleData name="diasemchuv">22</SimpleData>
		<SimpleData name="pais">Brasil</SimpleData>
		<SimpleData name="areaproteg">PARNA DA CHAPADA DOS GUIMARAES</SimpleData>
	</SchemaData></ExtendedData>
      <Point><coordinates>-55.819900970842,-15.2976997519241</coordinates></Point>
  </Placemark>
  <Placemark>
	<ExtendedData><SchemaData schemaUrl="#focos_inpe">
		<SimpleData name="estado">MATO GROSSO</SimpleData>
		<SimpleData name="riscofogo">1.0</SimpleData>
		<SimpleData name="frp">0.000</SimpleData>
		<SimpleData name="municipio">CHAPADA DOS GUIMARAES</SimpleData>
		<SimpleData name="precipitac">0.0</SimpleData>
		<SimpleData name="satelite">NOAA-20</SimpleData>
		<SimpleData name="bioma">Cerrado</SimpleData>
		<SimpleData name="datahora">2019/08/16 17:23:02</SimpleData>
		<SimpleData name="diasemchuv">22</SimpleData>
		<SimpleData name="pais">Brasil</SimpleData>
		<SimpleData name="areaproteg">PARNA DA CHAPADA DOS GUIMARAES</SimpleData>
	</SchemaData></ExtendedData>
      <Point><coordinates>-55.8103986264971,-15.2913009419124</coordinates></Point>
  </Placemark>
  <Placemark>
	<ExtendedData><SchemaData schemaUrl="#focos_inpe">
		<SimpleData name="estado">MATO GROSSO</SimpleData>
		<SimpleData name="riscofogo">1.0</SimpleData>
		<SimpleData name="frp">0.000</SimpleData>
		<SimpleData name="municipio">CHAPADA DOS GUIMARAES</SimpleData>
		<SimpleData name="precipitac">0.0</SimpleData>
		<SimpleData name="satelite">NOAA-20</SimpleData>
		<SimpleData name="bioma">Cerrado</SimpleData>
		<SimpleData name="datahora">2019/08/16 17:23:02</SimpleData>
		<SimpleData name="diasemchuv">22</SimpleData>
		<SimpleData name="pais">Brasil</SimpleData>
		<SimpleData name="areaproteg">PARNA DA CHAPADA DOS GUIMARAES</SimpleData>
	</SchemaData></ExtendedData>
      <Point><coordinates>-55.819401551524,-15.2927991998664</coordinates></Point>
  </Placemark>
  <Placemark>
	<ExtendedData><SchemaData schemaUrl="#focos_inpe">
		<SimpleData name="estado">MATO GROSSO</SimpleData>
		<SimpleData name="riscofogo">1.0</SimpleData>
		<SimpleData name="frp">0.000</SimpleData>
		<SimpleData name="municipio">CHAPADA DOS GUIMARAES</SimpleData>
		<SimpleData name="precipitac">0.0</SimpleData>
		<SimpleData name="satelite">NOAA-20</SimpleData>
		<SimpleData name="bioma">Cerrado</SimpleData>
		<SimpleData name="datahora">2019/08/16 17:23:02</SimpleData>
		<SimpleData name="diasemchuv">22</SimpleData>
		<SimpleData name="pais">Brasil</SimpleData>
		<SimpleData name="areaproteg">PARNA DA CHAPADA DOS GUIMARAES</SimpleData>
	</SchemaData></ExtendedData>
      <Point><coordinates>-55.8273030785907,-15.3016995655691</coordinates></Point>
  </Placemark>
  <Placemark>
	<ExtendedData><SchemaData schemaUrl="#focos_inpe">
		<SimpleData name="estado">MATO GROSSO</SimpleData>
		<SimpleData name="riscofogo">1.0</SimpleData>
		<SimpleData name="frp">0.000</SimpleData>
		<SimpleData name="municipio">CHAPADA DOS GUIMARAES</SimpleData>
		<SimpleData name="precipitac">0.0</SimpleData>
		<SimpleData name="satelite">NOAA-20</SimpleData>
		<SimpleData name="bioma">Cerrado</SimpleData>
		<SimpleData name="datahora">2019/08/16 17:23:02</SimpleData>
		<SimpleData name="diasemchuv">22</SimpleData>
		<SimpleData name="pais">Brasil</SimpleData>
		<SimpleData name="areaproteg">PARNA DA CHAPADA DOS GUIMARAES</SimpleData>
	</SchemaData></ExtendedData>
      <Point><coordinates>-55.8251002826703,-15.2861997303073</coordinates></Point>
  </Placemark>
  <Placemark>
	<ExtendedData><SchemaData schemaUrl="#focos_inpe">
		<SimpleData name="estado">MATO GROSSO</SimpleData>
		<SimpleData name="riscofogo">1.0</SimpleData>
		<SimpleData name="frp">0.000</SimpleData>
		<SimpleData name="municipio">CHAPADA DOS GUIMARAES</SimpleData>
		<SimpleData name="precipitac">0.0</SimpleData>
		<SimpleData name="satelite">NOAA-20</SimpleData>
		<SimpleData name="bioma">Cerrado</SimpleData>
		<SimpleData name="datahora">2019/08/16 17:23:02</SimpleData>
		<SimpleData name="diasemchuv">22</SimpleData>
		<SimpleData name="pais">Brasil</SimpleData>
		<SimpleData name="areaproteg">PARNA DA CHAPADA DOS GUIMARAES</SimpleData>
	</SchemaData></ExtendedData>
      <Point><coordinates>-55.8245027631291,-15.2899007841816</coordinates></Point>
  </Placemark>
  <Placemark>
	<ExtendedData><SchemaData schemaUrl="#focos_inpe">
		<SimpleData name="estado">MATO GROSSO</SimpleData>
		<SimpleData name="riscofogo">1.0</SimpleData>
		<SimpleData name="frp">0.000</SimpleData>
		<SimpleData name="municipio">CHAPADA DOS GUIMARAES</SimpleData>
		<SimpleData name="precipitac">0.0</SimpleData>
		<SimpleData name="satelite">NOAA-20</SimpleData>
		<SimpleData name="bioma">Cerrado</SimpleData>
		<SimpleData name="datahora">2019/08/16 17:23:02</SimpleData>
		<SimpleData name="diasemchuv">22</SimpleData>
		<SimpleData name="pais">Brasil</SimpleData>
		<SimpleData name="areaproteg">PARNA DA CHAPADA DOS GUIMARAES</SimpleData>
	</SchemaData></ExtendedData>
      <Point><coordinates>-55.8181975942396,-15.3002013076151</coordinates></Point>
  </Placemark>
  <Placemark>
	<ExtendedData><SchemaData schemaUrl="#focos_inpe">
		<SimpleData name="estado">MATO GROSSO</SimpleData>
		<SimpleData name="riscofogo">1.0</SimpleData>
		<SimpleData name="frp">0.000</SimpleData>
		<SimpleData name="municipio">CHAPADA DOS GUIMARAES</SimpleData>
		<SimpleData name="precipitac">0.0</SimpleData>
		<SimpleData name="satelite">NOAA-20</SimpleData>
		<SimpleData name="bioma">Cerrado</SimpleData>
		<SimpleData name="datahora">2019/08/16 17:23:02</SimpleData>
		<SimpleData name="diasemchuv">22</SimpleData>
		<SimpleData name="pais">Brasil</SimpleData>
		<SimpleData name="areaproteg">PARNA DA CHAPADA DOS GUIMARAES</SimpleData>
	</SchemaData></ExtendedData>
      <Point><coordinates>-55.8188040319828,-15.2965002537407</coordinates></Point>
  </Placemark>
  <Placemark>
	<ExtendedData><SchemaData schemaUrl="#focos_inpe">
		<SimpleData name="estado">MATO GROSSO</SimpleData>
		<SimpleData name="riscofogo">1.0</SimpleData>
		<SimpleData name="frp">0.000</SimpleData>
		<SimpleData name="municipio">CHAPADA DOS GUIMARAES</SimpleData>
		<SimpleData name="precipitac">0.0</SimpleData>
		<SimpleData name="satelite">NOAA-20</SimpleData>
		<SimpleData name="bioma">Cerrado</SimpleData>
		<SimpleData name="datahora">2019/08/16 17:23:02</SimpleData>
		<SimpleData name="diasemchuv">22</SimpleData>
		<SimpleData name="pais">Brasil</SimpleData>
		<SimpleData name="areaproteg">PARNA DA CHAPADA DOS GUIMARAES</SimpleData>
	</SchemaData></ExtendedData>
      <Point><coordinates>-55.8297020749575,-15.2868998091727</coordinates></Point>
  </Placemark>
  <Placemark>
	<ExtendedData><SchemaData schemaUrl="#focos_inpe">
		<SimpleData name="estado">MATO GROSSO</SimpleData>
		<SimpleData name="riscofogo">1.0</SimpleData>
		<SimpleData name="frp">0.000</SimpleData>
		<SimpleData name="municipio">CHAPADA DOS GUIMARAES</SimpleData>
		<SimpleData name="precipitac">0.0</SimpleData>
		<SimpleData name="satelite">NOAA-20</SimpleData>
		<SimpleData name="bioma">Cerrado</SimpleData>
		<SimpleData name="datahora">2019/08/16 17:23:02</SimpleData>
		<SimpleData name="diasemchuv">22</SimpleData>
		<SimpleData name="pais">Brasil</SimpleData>
		<SimpleData name="areaproteg">PARNA DA CHAPADA DOS GUIMARAES</SimpleData>
	</SchemaData></ExtendedData>
      <Point><coordinates>-55.8238963253859,-15.293601838056</coordinates></Point>
  </Placemark>
  <Placemark>
	<ExtendedData><SchemaData schemaUrl="#focos_inpe">
		<SimpleData name="estado">MATO GROSSO</SimpleData>
		<SimpleData name="riscofogo">1.0</SimpleData>
		<SimpleData name="frp">0.000</SimpleData>
		<SimpleData name="municipio">CHAPADA DOS GUIMARAES</SimpleData>
		<SimpleData name="precipitac">0.0</SimpleData>
		<SimpleData name="satelite">NOAA-20</SimpleData>
		<SimpleData name="bioma">Cerrado</SimpleData>
		<SimpleData name="datahora">2019/08/16 17:23:02</SimpleData>
		<SimpleData name="diasemchuv">22</SimpleData>
		<SimpleData name="pais">Brasil</SimpleData>
		<SimpleData name="areaproteg">PARNA DA CHAPADA DOS GUIMARAES</SimpleData>
	</SchemaData></ExtendedData>
      <Point><coordinates>-55.8138009206009,-15.2995012287497</coordinates></Point>
  </Placemark>
  <Placemark>
	<ExtendedData><SchemaData schemaUrl="#focos_inpe">
		<SimpleData name="estado">MATO GROSSO</SimpleData>
		<SimpleData name="riscofogo">1.0</SimpleData>
		<SimpleData name="frp">0.000</SimpleData>
		<SimpleData name="municipio">CHAPADA DOS GUIMARAES</SimpleData>
		<SimpleData name="precipitac">0.0</SimpleData>
		<SimpleData name="satelite">NOAA-20</SimpleData>
		<SimpleData name="bioma">Cerrado</SimpleData>
		<SimpleData name="datahora">2019/08/16 17:23:02</SimpleData>
		<SimpleData name="diasemchuv">22</SimpleData>
		<SimpleData name="pais">Brasil</SimpleData>
		<SimpleData name="areaproteg">PARNA DA CHAPADA DOS GUIMARAES</SimpleData>
	</SchemaData></ExtendedData>
      <Point><coordinates>-55.8199990710652,-15.289098145992</coordinates></Point>
  </Placemark>
  <Placemark>
	<ExtendedData><SchemaData schemaUrl="#focos_inpe">
		<SimpleData name="estado">MATO GROSSO</SimpleData>
		<SimpleData name="riscofogo">1.0</SimpleData>
		<SimpleData name="frp">0.000</SimpleData>
		<SimpleData name="municipio">CHAPADA DOS GUIMARAES</SimpleData>
		<SimpleData name="precipitac">0.0</SimpleData>
		<SimpleData name="satelite">NOAA-20</SimpleData>
		<SimpleData name="bioma">Cerrado</SimpleData>
		<SimpleData name="datahora">2019/08/16 17:23:02</SimpleData>
		<SimpleData name="diasemchuv">22</SimpleData>
		<SimpleData name="pais">Brasil</SimpleData>
		<SimpleData name="areaproteg">PARNA DA CHAPADA DOS GUIMARAES</SimpleData>
	</SchemaData></ExtendedData>
      <Point><coordinates>-55.828498117673,-15.2943019169214</coordinates></Point>
  </Placemark>
  <Placemark>
	<ExtendedData><SchemaData schemaUrl="#focos_inpe">
		<SimpleData name="estado">MATO GROSSO</SimpleData>
		<SimpleData name="riscofogo">1.0</SimpleData>
		<SimpleData name="frp">0.000</SimpleData>
		<SimpleData name="municipio">CHAPADA DOS GUIMARAES</SimpleData>
		<SimpleData name="precipitac">0.0</SimpleData>
		<SimpleData name="satelite">NOAA-20</SimpleData>
		<SimpleData name="bioma">Cerrado</SimpleData>
		<SimpleData name="datahora">2019/08/16 17:23:02</SimpleData>
		<SimpleData name="diasemchuv">22</SimpleData>
		<SimpleData name="pais">Brasil</SimpleData>
		<SimpleData name="areaproteg">PARNA DA CHAPADA DOS GUIMARAES</SimpleData>
	</SchemaData></ExtendedData>
      <Point><coordinates>-55.8079996301303,-15.3061006983088</coordinates></Point>
  </Placemark>
  <Placemark>
	<ExtendedData><SchemaData schemaUrl="#focos_inpe">
		<SimpleData name="estado">MATO GROSSO</SimpleData>
		<SimpleData name="riscofogo">1.0</SimpleData>
		<SimpleData name="frp">0.000</SimpleData>
		<SimpleData name="municipio">CHAPADA DOS GUIMARAES</SimpleData>
		<SimpleData name="precipitac">0.0</SimpleData>
		<SimpleData name="satelite">NOAA-20</SimpleData>
		<SimpleData name="bioma">Cerrado</SimpleData>
		<SimpleData name="datahora">2019/08/16 17:23:02</SimpleData>
		<SimpleData name="diasemchuv">22</SimpleData>
		<SimpleData name="pais">Brasil</SimpleData>
		<SimpleData name="areaproteg">PARNA DA CHAPADA DOS GUIMARAES</SimpleData>
	</SchemaData></ExtendedData>
      <Point><coordinates>-55.814398440142,-15.2958001748753</coordinates></Point>
  </Placemark>
  <Placemark>
	<ExtendedData><SchemaData schemaUrl="#focos_inpe">
		<SimpleData name="estado">MATO GROSSO</SimpleData>
		<SimpleData name="riscofogo">1.0</SimpleData>
		<SimpleData name="frp">0.000</SimpleData>
		<SimpleData name="municipio">CHAPADA DOS GUIMARAES</SimpleData>
		<SimpleData name="precipitac">0.0</SimpleData>
		<SimpleData name="satelite">NOAA-20</SimpleData>
		<SimpleData name="bioma">Cerrado</SimpleData>
		<SimpleData name="datahora">2019/08/16 17:23:02</SimpleData>
		<SimpleData name="diasemchuv">22</SimpleData>
		<SimpleData name="pais">Brasil</SimpleData>
		<SimpleData name="areaproteg">PARNA DA CHAPADA DOS GUIMARAES</SimpleData>
	</SchemaData></ExtendedData>
      <Point><coordinates>-55.81489785946,-15.292099121001</coordinates></Point>
  </Placemark>
  <Placemark>
	<ExtendedData><SchemaData schemaUrl="#focos_inpe">
		<SimpleData name="estado">MATO GROSSO</SimpleData>
		<SimpleData name="riscofogo">1.0</SimpleData>
		<SimpleData name="frp">0.000</SimpleData>
		<SimpleData name="municipio">CHAPADA DOS GUIMARAES</SimpleData>
		<SimpleData name="precipitac">0.0</SimpleData>
		<SimpleData name="satelite">NOAA-20</SimpleData>
		<SimpleData name="bioma">Cerrado</SimpleData>
		<SimpleData name="datahora">2019/08/16 17:23:02</SimpleData>
		<SimpleData name="diasemchuv">22</SimpleData>
		<SimpleData name="pais">Brasil</SimpleData>
		<SimpleData name="areaproteg">PARNA DA CHAPADA DOS GUIMARAES</SimpleData>
	</SchemaData></ExtendedData>
      <Point><coordinates>-55.8232988058447,-15.2972984328293</coordinates></Point>
  </Placemark>
  <Placemark>
	<ExtendedData><SchemaData schemaUrl="#focos_inpe">
		<SimpleData name="estado">MATO GROSSO</SimpleData>
		<SimpleData name="riscofogo">0.9</SimpleData>
		<SimpleData name="frp">9.200</SimpleData>
		<SimpleData name="municipio">CUIABA</SimpleData>
		<SimpleData name="precipitac">0.0</SimpleData>
		<SimpleData name="satelite">NPP-375</SimpleData>
		<SimpleData name="bioma">Cerrado</SimpleData>
		<SimpleData name="datahora">2019/07/06 17:48:00</SimpleData>
		<SimpleData name="diasemchuv">51</SimpleData>
		<SimpleData name="pais">Brasil</SimpleData>
		<SimpleData name="areaproteg">PARNA DA CHAPADA DOS GUIMARAES</SimpleData>
	</SchemaData></ExtendedData>
      <Point><coordinates>-55.9673991154879,-15.3598016522955</coordinates></Point>
  </Placemark>
  <Placemark>
	<ExtendedData><SchemaData schemaUrl="#focos_inpe">
		<SimpleData name="estado">MATO GROSSO</SimpleData>
		<SimpleData name="riscofogo">1.0</SimpleData>
		<SimpleData name="frp">3.400</SimpleData>
		<SimpleData name="municipio">CUIABA</SimpleData>
		<SimpleData name="precipitac">0.0</SimpleData>
		<SimpleData name="satelite">NPP-375</SimpleData>
		<SimpleData name="bioma">Cerrado</SimpleData>
		<SimpleData name="datahora">2019/07/09 16:54:00</SimpleData>
		<SimpleData name="diasemchuv">45</SimpleData>
		<SimpleData name="pais">Brasil</SimpleData>
		<SimpleData name="areaproteg">PARNA DA CHAPADA DOS GUIMARAES</SimpleData>
	</SchemaData></ExtendedData>
      <Point><coordinates>-55.8849012868981,-15.4415013017967</coordinates></Point>
  </Placemark>
  <Placemark>
	<ExtendedData><SchemaData schemaUrl="#focos_inpe">
		<SimpleData name="estado">MATO GROSSO</SimpleData>
		<SimpleData name="riscofogo">0.7</SimpleData>
		<SimpleData name="frp">6.100</SimpleData>
		<SimpleData name="municipio">CUIABA</SimpleData>
		<SimpleData name="precipitac">0.0</SimpleData>
		<SimpleData name="satelite">NPP-375</SimpleData>
		<SimpleData name="bioma">Cerrado</SimpleData>
		<SimpleData name="datahora">2019/07/10 05:42:00</SimpleData>
		<SimpleData name="diasemchuv">61</SimpleData>
		<SimpleData name="pais">Brasil</SimpleData>
		<SimpleData name="areaproteg">PARNA DA CHAPADA DOS GUIMARAES</SimpleData>
	</SchemaData></ExtendedData>
      <Point><coordinates>-55.848100325904,-15.460300871838</coordinates></Point>
  </Placemark>
  <Placemark>
	<ExtendedData><SchemaData schemaUrl="#focos_inpe">
		<SimpleData name="estado">MATO GROSSO</SimpleData>
		<SimpleData name="riscofogo">1.0</SimpleData>
		<SimpleData name="frp">2.600</SimpleData>
		<SimpleData name="municipio">CUIABA</SimpleData>
		<SimpleData name="precipitac">0.0</SimpleData>
		<SimpleData name="satelite">NPP-375</SimpleData>
		<SimpleData name="bioma">Cerrado</SimpleData>
		<SimpleData name="datahora">2019/08/09 04:36:00</SimpleData>
		<SimpleData name="diasemchuv">17</SimpleData>
		<SimpleData name="pais">Brasil</SimpleData>
		<SimpleData name="areaproteg">PARNA DA CHAPADA DOS GUIMARAES</SimpleData>
	</SchemaData></ExtendedData>
      <Point><coordinates>-55.9686030727723,-15.3566000177391</coordinates></Point>
  </Placemark>
  <Placemark>
	<ExtendedData><SchemaData schemaUrl="#focos_inpe">
		<SimpleData name="estado">MATO GROSSO</SimpleData>
		<SimpleData name="riscofogo">1.0</SimpleData>
		<SimpleData name="frp">5.200</SimpleData>
		<SimpleData name="municipio">CHAPADA DOS GUIMARAES</SimpleData>
		<SimpleData name="precipitac">0.0</SimpleData>
		<SimpleData name="satelite">NPP-375</SimpleData>
		<SimpleData name="bioma">Cerrado</SimpleData>
		<SimpleData name="datahora">2019/08/12 05:24:00</SimpleData>
		<SimpleData name="diasemchuv">17</SimpleData>
		<SimpleData name="pais">Brasil</SimpleData>
		<SimpleData name="areaproteg">PARNA DA CHAPADA DOS GUIMARAES</SimpleData>
	</SchemaData></ExtendedData>
      <Point><coordinates>-55.8429010140757,-15.2561988984197</coordinates></Point>
  </Placemark>
  <Placemark>
	<ExtendedData><SchemaData schemaUrl="#focos_inpe">
		<SimpleData name="estado">MATO GROSSO</SimpleData>
		<SimpleData name="riscofogo">1.0</SimpleData>
		<SimpleData name="frp">11.200</SimpleData>
		<SimpleData name="municipio">CHAPADA DOS GUIMARAES</SimpleData>
		<SimpleData name="precipitac">0.0</SimpleData>
		<SimpleData name="satelite">NPP-375</SimpleData>
		<SimpleData name="bioma">Cerrado</SimpleData>
		<SimpleData name="datahora">2019/08/12 17:54:00</SimpleData>
		<SimpleData name="diasemchuv">17</SimpleData>
		<SimpleData name="pais">Brasil</SimpleData>
		<SimpleData name="areaproteg">PARNA DA CHAPADA DOS GUIMARAES</SimpleData>
	</SchemaData></ExtendedData>
      <Point><coordinates>-55.8462988490784,-15.2563014577439</coordinates></Point>
  </Placemark>
  <Placemark>
	<ExtendedData><SchemaData schemaUrl="#focos_inpe">
		<SimpleData name="estado">MATO GROSSO</SimpleData>
		<SimpleData name="riscofogo">1.0</SimpleData>
		<SimpleData name="frp">9.800</SimpleData>
		<SimpleData name="municipio">CHAPADA DOS GUIMARAES</SimpleData>
		<SimpleData name="precipitac">0.0</SimpleData>
		<SimpleData name="satelite">NPP-375</SimpleData>
		<SimpleData name="bioma">Cerrado</SimpleData>
		<SimpleData name="datahora">2019/08/12 17:54:00</SimpleData>
		<SimpleData name="diasemchuv">17</SimpleData>
		<SimpleData name="pais">Brasil</SimpleData>
		<SimpleData name="areaproteg">PARNA DA CHAPADA DOS GUIMARAES</SimpleData>
	</SchemaData></ExtendedData>
      <Point><coordinates>-55.8620974441107,-15.2537018018298</coordinates></Point>
  </Placemark>
  <Placemark>
	<ExtendedData><SchemaData schemaUrl="#focos_inpe">
		<SimpleData name="estado">MATO GROSSO</SimpleData>
		<SimpleData name="riscofogo">1.0</SimpleData>
		<SimpleData name="frp">3.400</SimpleData>
		<SimpleData name="municipio">CHAPADA DOS GUIMARAES</SimpleData>
		<SimpleData name="precipitac">0.0</SimpleData>
		<SimpleData name="satelite">NPP-375</SimpleData>
		<SimpleData name="bioma">Cerrado</SimpleData>
		<SimpleData name="datahora">2019/08/12 17:54:00</SimpleData>
		<SimpleData name="diasemchuv">17</SimpleData>
		<SimpleData name="pais">Brasil</SimpleData>
		<SimpleData name="areaproteg">PARNA DA CHAPADA DOS GUIMARAES</SimpleData>
	</SchemaData></ExtendedData>
      <Point><coordinates>-55.8443992720296,-15.2674982604891</coordinates></Point>
  </Placemark>
  <Placemark>
	<ExtendedData><SchemaData schemaUrl="#focos_inpe">
		<SimpleData name="estado">MATO GROSSO</SimpleData>
		<SimpleData name="riscofogo">1.0</SimpleData>
		<SimpleData name="frp">8.900</SimpleData>
		<SimpleData name="municipio">CHAPADA DOS GUIMARAES</SimpleData>
		<SimpleData name="precipitac">0.0</SimpleData>
		<SimpleData name="satelite">NPP-375</SimpleData>
		<SimpleData name="bioma">Cerrado</SimpleData>
		<SimpleData name="datahora">2019/08/12 17:54:00</SimpleData>
		<SimpleData name="diasemchuv">17</SimpleData>
		<SimpleData name="pais">Brasil</SimpleData>
		<SimpleData name="areaproteg">PARNA DA CHAPADA DOS GUIMARAES</SimpleData>
	</SchemaData></ExtendedData>
      <Point><coordinates>-55.8558992936464,-15.2697991566327</coordinates></Point>
  </Placemark>
  <Placemark>
	<ExtendedData><SchemaData schemaUrl="#focos_inpe">
		<SimpleData name="estado">MATO GROSSO</SimpleData>
		<SimpleData name="riscofogo">1.0</SimpleData>
		<SimpleData name="frp">24.200</SimpleData>
		<SimpleData name="municipio">CHAPADA DOS GUIMARAES</SimpleData>
		<SimpleData name="precipitac">0.0</SimpleData>
		<SimpleData name="satelite">NPP-375</SimpleData>
		<SimpleData name="bioma">Cerrado</SimpleData>
		<SimpleData name="datahora">2019/08/12 17:54:00</SimpleData>
		<SimpleData name="diasemchuv">17</SimpleData>
		<SimpleData name="pais">Brasil</SimpleData>
		<SimpleData name="areaproteg">PARNA DA CHAPADA DOS GUIMARAES</SimpleData>
	</SchemaData></ExtendedData>
      <Point><coordinates>-55.8389012004307,-15.2547987406889</coordinates></Point>
  </Placemark>
  <Placemark>
	<ExtendedData><SchemaData schemaUrl="#focos_inpe">
		<SimpleData name="estado">MATO GROSSO</SimpleData>
		<SimpleData name="riscofogo">1.0</SimpleData>
		<SimpleData name="frp">20.000</SimpleData>
		<SimpleData name="municipio">CHAPADA DOS GUIMARAES</SimpleData>
		<SimpleData name="precipitac">0.0</SimpleData>
		<SimpleData name="satelite">NPP-375</SimpleData>
		<SimpleData name="bioma">Cerrado</SimpleData>
		<SimpleData name="datahora">2019/08/12 17:54:00</SimpleData>
		<SimpleData name="diasemchuv">17</SimpleData>
		<SimpleData name="pais">Brasil</SimpleData>
		<SimpleData name="areaproteg">PARNA DA CHAPADA DOS GUIMARAES</SimpleData>
	</SchemaData></ExtendedData>
      <Point><coordinates>-55.8611967056979,-15.2593024327529</coordinates></Point>
  </Placemark>
  <Placemark>
	<ExtendedData><SchemaData schemaUrl="#focos_inpe">
		<SimpleData name="estado">MATO GROSSO</SimpleData>
		<SimpleData name="riscofogo">1.0</SimpleData>
		<SimpleData name="frp">24.200</SimpleData>
		<SimpleData name="municipio">CHAPADA DOS GUIMARAES</SimpleData>
		<SimpleData name="precipitac">0.0</SimpleData>
		<SimpleData name="satelite">NPP-375</SimpleData>
		<SimpleData name="bioma">Cerrado</SimpleData>
		<SimpleData name="datahora">2019/08/12 17:54:00</SimpleData>
		<SimpleData name="diasemchuv">17</SimpleData>
		<SimpleData name="pais">Brasil</SimpleData>
		<SimpleData name="areaproteg">PARNA DA CHAPADA DOS GUIMARAES</SimpleData>
	</SchemaData></ExtendedData>
      <Point><coordinates>-55.8352001465563,-15.2540986618235</coordinates></Point>
  </Placemark>
  <Placemark>
	<ExtendedData><SchemaData schemaUrl="#focos_inpe">
		<SimpleData name="estado">MATO GROSSO</SimpleData>
		<SimpleData name="riscofogo">1.0</SimpleData>
		<SimpleData name="frp">10.000</SimpleData>
		<SimpleData name="municipio">CHAPADA DOS GUIMARAES</SimpleData>
		<SimpleData name="precipitac">0.0</SimpleData>
		<SimpleData name="satelite">NPP-375</SimpleData>
		<SimpleData name="bioma">Cerrado</SimpleData>
		<SimpleData name="datahora">2019/08/12 17:54:00</SimpleData>
		<SimpleData name="diasemchuv">17</SimpleData>
		<SimpleData name="pais">Brasil</SimpleData>
		<SimpleData name="areaproteg">PARNA DA CHAPADA DOS GUIMARAES</SimpleData>
	</SchemaData></ExtendedData>
      <Point><coordinates>-55.8650003188965,-15.2601006118415</coordinates></Point>
  </Placemark>
  <Placemark>
	<ExtendedData><SchemaData schemaUrl="#focos_inpe">
		<SimpleData name="estado">MATO GROSSO</SimpleData>
		<SimpleData name="riscofogo">1.0</SimpleData>
		<SimpleData name="frp">11.200</SimpleData>
		<SimpleData name="municipio">CHAPADA DOS GUIMARAES</SimpleData>
		<SimpleData name="precipitac">0.0</SimpleData>
		<SimpleData name="satelite">NPP-375</SimpleData>
		<SimpleData name="bioma">Cerrado</SimpleData>
		<SimpleData name="datahora">2019/08/12 17:54:00</SimpleData>
		<SimpleData name="diasemchuv">17</SimpleData>
		<SimpleData name="pais">Brasil</SimpleData>
		<SimpleData name="areaproteg">PARNA DA CHAPADA DOS GUIMARAES</SimpleData>
	</SchemaData></ExtendedData>
      <Point><coordinates>-55.8454025697666,-15.2619020886671</coordinates></Point>
  </Placemark>
  <Placemark>
	<ExtendedData><SchemaData schemaUrl="#focos_inpe">
		<SimpleData name="estado">MATO GROSSO</SimpleData>
		<SimpleData name="riscofogo">1.0</SimpleData>
		<SimpleData name="frp">7.800</SimpleData>
		<SimpleData name="municipio">CHAPADA DOS GUIMARAES</SimpleData>
		<SimpleData name="precipitac">0.0</SimpleData>
		<SimpleData name="satelite">NPP-375</SimpleData>
		<SimpleData name="bioma">Cerrado</SimpleData>
		<SimpleData name="datahora">2019/08/12 17:54:00</SimpleData>
		<SimpleData name="diasemchuv">17</SimpleData>
		<SimpleData name="pais">Brasil</SimpleData>
		<SimpleData name="areaproteg">PARNA DA CHAPADA DOS GUIMARAES</SimpleData>
	</SchemaData></ExtendedData>
      <Point><coordinates>-55.8658965982083,-15.2544999809183</coordinates></Point>
  </Placemark>
  <Placemark>
	<ExtendedData><SchemaData schemaUrl="#focos_inpe">
		<SimpleData name="estado">MATO GROSSO</SimpleData>
		<SimpleData name="riscofogo">1.0</SimpleData>
		<SimpleData name="frp">3.400</SimpleData>
		<SimpleData name="municipio">CHAPADA DOS GUIMARAES</SimpleData>
		<SimpleData name="precipitac">0.0</SimpleData>
		<SimpleData name="satelite">NPP-375</SimpleData>
		<SimpleData name="bioma">Cerrado</SimpleData>
		<SimpleData name="datahora">2019/08/12 17:54:00</SimpleData>
		<SimpleData name="diasemchuv">17</SimpleData>
		<SimpleData name="pais">Brasil</SimpleData>
		<SimpleData name="areaproteg">PARNA DA CHAPADA DOS GUIMARAES</SimpleData>
	</SchemaData></ExtendedData>
      <Point><coordinates>-55.8406001179321,-15.2667000814006</coordinates></Point>
  </Placemark>
  <Placemark>
	<ExtendedData><SchemaData schemaUrl="#focos_inpe">
		<SimpleData name="estado">MATO GROSSO</SimpleData>
		<SimpleData name="riscofogo">1.0</SimpleData>
		<SimpleData name="frp">3.400</SimpleData>
		<SimpleData name="municipio">CHAPADA DOS GUIMARAES</SimpleData>
		<SimpleData name="precipitac">0.0</SimpleData>
		<SimpleData name="satelite">NPP-375</SimpleData>
		<SimpleData name="bioma">Cerrado</SimpleData>
		<SimpleData name="datahora">2019/08/12 17:54:00</SimpleData>
		<SimpleData name="diasemchuv">17</SimpleData>
		<SimpleData name="pais">Brasil</SimpleData>
		<SimpleData name="areaproteg">PARNA DA CHAPADA DOS GUIMARAES</SimpleData>
	</SchemaData></ExtendedData>
      <Point><coordinates>-55.8431997738462,-15.2730007911891</coordinates></Point>
  </Placemark>
  <Placemark>
	<ExtendedData><SchemaData schemaUrl="#focos_inpe">
		<SimpleData name="estado">MATO GROSSO</SimpleData>
		<SimpleData name="riscofogo">1.0</SimpleData>
		<SimpleData name="frp">0.600</SimpleData>
		<SimpleData name="municipio">CUIABA</SimpleData>
		<SimpleData name="precipitac">0.0</SimpleData>
		<SimpleData name="satelite">NPP-375</SimpleData>
		<SimpleData name="bioma">Cerrado</SimpleData>
		<SimpleData name="datahora">2019/08/10 04:18:00</SimpleData>
		<SimpleData name="diasemchuv">18</SimpleData>
		<SimpleData name="pais">Brasil</SimpleData>
		<SimpleData name="areaproteg">PARNA DA CHAPADA DOS GUIMARAES</SimpleData>
	</SchemaData></ExtendedData>
      <Point><coordinates>-55.9476007068106,-15.3575007561519</coordinates></Point>
  </Placemark>
  <Placemark>
	<ExtendedData><SchemaData schemaUrl="#focos_inpe">
		<SimpleData name="estado">MATO GROSSO</SimpleData>
		<SimpleData name="riscofogo">1.0</SimpleData>
		<SimpleData name="frp">4.600</SimpleData>
		<SimpleData name="municipio">CUIABA</SimpleData>
		<SimpleData name="precipitac">0.0</SimpleData>
		<SimpleData name="satelite">NPP-375</SimpleData>
		<SimpleData name="bioma">Cerrado</SimpleData>
		<SimpleData name="datahora">2019/08/10 16:54:00</SimpleData>
		<SimpleData name="diasemchuv">18</SimpleData>
		<SimpleData name="pais">Brasil</SimpleData>
		<SimpleData name="areaproteg">PARNA DA CHAPADA DOS GUIMARAES</SimpleData>
	</SchemaData></ExtendedData>
      <Point><coordinates>-55.9457011297618,-15.3547004406903</coordinates></Point>
  </Placemark>
  <Placemark>
	<ExtendedData><SchemaData schemaUrl="#focos_inpe">
		<SimpleData name="estado">MATO GROSSO</SimpleData>
		<SimpleData name="riscofogo">1.0</SimpleData>
		<SimpleData name="frp">4.600</SimpleData>
		<SimpleData name="municipio">CUIABA</SimpleData>
		<SimpleData name="precipitac">0.0</SimpleData>
		<SimpleData name="satelite">NPP-375</SimpleData>
		<SimpleData name="bioma">Cerrado</SimpleData>
		<SimpleData name="datahora">2019/08/10 16:54:00</SimpleData>
		<SimpleData name="diasemchuv">18</SimpleData>
		<SimpleData name="pais">Brasil</SimpleData>
		<SimpleData name="areaproteg">PARNA DA CHAPADA DOS GUIMARAES</SimpleData>
	</SchemaData></ExtendedData>
      <Point><coordinates>-55.9417013161169,-15.3542010213723</coordinates></Point>
  </Placemark>
  <Placemark>
	<ExtendedData><SchemaData schemaUrl="#focos_inpe">
		<SimpleData name="estado">MATO GROSSO</SimpleData>
		<SimpleData name="riscofogo">1.0</SimpleData>
		<SimpleData name="frp">4.600</SimpleData>
		<SimpleData name="municipio">CUIABA</SimpleData>
		<SimpleData name="precipitac">0.0</SimpleData>
		<SimpleData name="satelite">NPP-375</SimpleData>
		<SimpleData name="bioma">Cerrado</SimpleData>
		<SimpleData name="datahora">2019/08/10 16:54:00</SimpleData>
		<SimpleData name="diasemchuv">18</SimpleData>
		<SimpleData name="pais">Brasil</SimpleData>
		<SimpleData name="areaproteg">PARNA DA CHAPADA DOS GUIMARAES</SimpleData>
	</SchemaData></ExtendedData>
      <Point><coordinates>-55.9422007354348,-15.35000054818</coordinates></Point>
  </Placemark>
  <Placemark>
	<ExtendedData><SchemaData schemaUrl="#focos_inpe">
		<SimpleData name="estado">MATO GROSSO</SimpleData>
		<SimpleData name="riscofogo">1.0</SimpleData>
		<SimpleData name="frp">18.800</SimpleData>
		<SimpleData name="municipio">CUIABA</SimpleData>
		<SimpleData name="precipitac">0.0</SimpleData>
		<SimpleData name="satelite">NPP-375</SimpleData>
		<SimpleData name="bioma">Cerrado</SimpleData>
		<SimpleData name="datahora">2019/08/10 16:54:00</SimpleData>
		<SimpleData name="diasemchuv">18</SimpleData>
		<SimpleData name="pais">Brasil</SimpleData>
		<SimpleData name="areaproteg">PARNA DA CHAPADA DOS GUIMARAES</SimpleData>
	</SchemaData></ExtendedData>
      <Point><coordinates>-55.9385977817837,-15.3451980963454</coordinates></Point>
  </Placemark>
  <Placemark>
	<ExtendedData><SchemaData schemaUrl="#focos_inpe">
		<SimpleData name="estado">MATO GROSSO</SimpleData>
		<SimpleData name="riscofogo">1.0</SimpleData>
		<SimpleData name="frp">18.800</SimpleData>
		<SimpleData name="municipio">CUIABA</SimpleData>
		<SimpleData name="precipitac">0.0</SimpleData>
		<SimpleData name="satelite">NPP-375</SimpleData>
		<SimpleData name="bioma">Cerrado</SimpleData>
		<SimpleData name="datahora">2019/08/10 16:54:00</SimpleData>
		<SimpleData name="diasemchuv">18</SimpleData>
		<SimpleData name="pais">Brasil</SimpleData>
		<SimpleData name="areaproteg">PARNA DA CHAPADA DOS GUIMARAES</SimpleData>
	</SchemaData></ExtendedData>
      <Point><coordinates>-55.9346024272398,-15.3446986770274</coordinates></Point>
  </Placemark>
  <Placemark>
	<ExtendedData><SchemaData schemaUrl="#focos_inpe">
		<SimpleData name="estado">MATO GROSSO</SimpleData>
		<SimpleData name="riscofogo">1.0</SimpleData>
		<SimpleData name="frp">4.800</SimpleData>
		<SimpleData name="municipio">CUIABA</SimpleData>
		<SimpleData name="precipitac">0.0</SimpleData>
		<SimpleData name="satelite">NPP-375</SimpleData>
		<SimpleData name="bioma">Cerrado</SimpleData>
		<SimpleData name="datahora">2019/08/10 16:54:00</SimpleData>
		<SimpleData name="diasemchuv">18</SimpleData>
		<SimpleData name="pais">Brasil</SimpleData>
		<SimpleData name="areaproteg">PARNA DA CHAPADA DOS GUIMARAES</SimpleData>
	</SchemaData></ExtendedData>
      <Point><coordinates>-55.9427001547528,-15.3457019747645</coordinates></Point>
  </Placemark>
  <Placemark>
	<ExtendedData><SchemaData schemaUrl="#focos_inpe">
		<SimpleData name="estado">MATO GROSSO</SimpleData>
		<SimpleData name="riscofogo">1.0</SimpleData>
		<SimpleData name="frp">18.800</SimpleData>
		<SimpleData name="municipio">CUIABA</SimpleData>
		<SimpleData name="precipitac">0.0</SimpleData>
		<SimpleData name="satelite">NPP-375</SimpleData>
		<SimpleData name="bioma">Cerrado</SimpleData>
		<SimpleData name="datahora">2019/08/10 16:54:00</SimpleData>
		<SimpleData name="diasemchuv">18</SimpleData>
		<SimpleData name="pais">Brasil</SimpleData>
		<SimpleData name="areaproteg">PARNA DA CHAPADA DOS GUIMARAES</SimpleData>
	</SchemaData></ExtendedData>
      <Point><coordinates>-55.9390972011016,-15.3409976231531</coordinates></Point>
  </Placemark>
  <Placemark>
	<ExtendedData><SchemaData schemaUrl="#focos_inpe">
		<SimpleData name="estado">MATO GROSSO</SimpleData>
		<SimpleData name="riscofogo">1.0</SimpleData>
		<SimpleData name="frp">9.300</SimpleData>
		<SimpleData name="municipio">CUIABA</SimpleData>
		<SimpleData name="precipitac">0.0</SimpleData>
		<SimpleData name="satelite">NPP-375</SimpleData>
		<SimpleData name="bioma">Cerrado</SimpleData>
		<SimpleData name="datahora">2019/08/10 16:54:00</SimpleData>
		<SimpleData name="diasemchuv">18</SimpleData>
		<SimpleData name="pais">Brasil</SimpleData>
		<SimpleData name="areaproteg">PARNA DA CHAPADA DOS GUIMARAES</SimpleData>
	</SchemaData></ExtendedData>
      <Point><coordinates>-55.9380983624657,-15.349501128862</coordinates></Point>
  </Placemark>
  <Placemark>
	<ExtendedData><SchemaData schemaUrl="#focos_inpe">
		<SimpleData name="estado">MATO GROSSO</SimpleData>
		<SimpleData name="riscofogo">1.0</SimpleData>
		<SimpleData name="frp">10.000</SimpleData>
		<SimpleData name="municipio">CHAPADA DOS GUIMARAES</SimpleData>
		<SimpleData name="precipitac">0.0</SimpleData>
		<SimpleData name="satelite">NPP-375</SimpleData>
		<SimpleData name="bioma">Cerrado</SimpleData>
		<SimpleData name="datahora">2019/08/12 17:54:00</SimpleData>
		<SimpleData name="diasemchuv">18</SimpleData>
		<SimpleData name="pais">Brasil</SimpleData>
		<SimpleData name="areaproteg">PARNA DA CHAPADA DOS GUIMARAES</SimpleData>
	</SchemaData></ExtendedData>
      <Point><coordinates>-55.8680993941287,-15.2664994218532</coordinates></Point>
  </Placemark>
  <Placemark>
	<ExtendedData><SchemaData schemaUrl="#focos_inpe">
		<SimpleData name="estado">MATO GROSSO</SimpleData>
		<SimpleData name="riscofogo">1.0</SimpleData>
		<SimpleData name="frp">4.100</SimpleData>
		<SimpleData name="municipio">CHAPADA DOS GUIMARAES</SimpleData>
		<SimpleData name="precipitac">0.0</SimpleData>
		<SimpleData name="satelite">NPP-375</SimpleData>
		<SimpleData name="bioma">Cerrado</SimpleData>
		<SimpleData name="datahora">2019/08/12 17:54:00</SimpleData>
		<SimpleData name="diasemchuv">18</SimpleData>
		<SimpleData name="pais">Brasil</SimpleData>
		<SimpleData name="areaproteg">PARNA DA CHAPADA DOS GUIMARAES</SimpleData>
	</SchemaData></ExtendedData>
      <Point><coordinates>-55.8514000606835,-15.2918984614536</coordinates></Point>
  </Placemark>
  <Placemark>
	<ExtendedData><SchemaData schemaUrl="#focos_inpe">
		<SimpleData name="estado">MATO GROSSO</SimpleData>
		<SimpleData name="riscofogo">1.0</SimpleData>
		<SimpleData name="frp">6.800</SimpleData>
		<SimpleData name="municipio">CHAPADA DOS GUIMARAES</SimpleData>
		<SimpleData name="precipitac">0.0</SimpleData>
		<SimpleData name="satelite">NPP-375</SimpleData>
		<SimpleData name="bioma">Cerrado</SimpleData>
		<SimpleData name="datahora">2019/08/12 17:54:00</SimpleData>
		<SimpleData name="diasemchuv">18</SimpleData>
		<SimpleData name="pais">Brasil</SimpleData>
		<SimpleData name="areaproteg">PARNA DA CHAPADA DOS GUIMARAES</SimpleData>
	</SchemaData></ExtendedData>
      <Point><coordinates>-55.8652009784439,-15.2831987552983</coordinates></Point>
  </Placemark>
  <Placemark>
	<ExtendedData><SchemaData schemaUrl="#focos_inpe">
		<SimpleData name="estado">MATO GROSSO</SimpleData>
		<SimpleData name="riscofogo">1.0</SimpleData>
		<SimpleData name="frp">8.900</SimpleData>
		<SimpleData name="municipio">CHAPADA DOS GUIMARAES</SimpleData>
		<SimpleData name="precipitac">0.0</SimpleData>
		<SimpleData name="satelite">NPP-375</SimpleData>
		<SimpleData name="bioma">Cerrado</SimpleData>
		<SimpleData name="datahora">2019/08/12 17:54:00</SimpleData>
		<SimpleData name="diasemchuv">18</SimpleData>
		<SimpleData name="pais">Brasil</SimpleData>
		<SimpleData name="areaproteg">PARNA DA CHAPADA DOS GUIMARAES</SimpleData>
	</SchemaData></ExtendedData>
      <Point><coordinates>-55.859698447744,-15.2704992354981</coordinates></Point>
  </Placemark>
  <Placemark>
	<ExtendedData><SchemaData schemaUrl="#focos_inpe">
		<SimpleData name="estado">MATO GROSSO</SimpleData>
		<SimpleData name="riscofogo">1.0</SimpleData>
		<SimpleData name="frp">11.600</SimpleData>
		<SimpleData name="municipio">CHAPADA DOS GUIMARAES</SimpleData>
		<SimpleData name="precipitac">0.0</SimpleData>
		<SimpleData name="satelite">NPP-375</SimpleData>
		<SimpleData name="bioma">Cerrado</SimpleData>
		<SimpleData name="datahora">2019/08/12 17:54:00</SimpleData>
		<SimpleData name="diasemchuv">18</SimpleData>
		<SimpleData name="pais">Brasil</SimpleData>
		<SimpleData name="areaproteg">PARNA DA CHAPADA DOS GUIMARAES</SimpleData>
	</SchemaData></ExtendedData>
      <Point><coordinates>-55.8634976018415,-15.2713018736877</coordinates></Point>
  </Placemark>
  <Placemark>
	<ExtendedData><SchemaData schemaUrl="#focos_inpe">
		<SimpleData name="estado">MATO GROSSO</SimpleData>
		<SimpleData name="riscofogo">1.0</SimpleData>
		<SimpleData name="frp">4.800</SimpleData>
		<SimpleData name="municipio">CHAPADA DOS GUIMARAES</SimpleData>
		<SimpleData name="precipitac">0.0</SimpleData>
		<SimpleData name="satelite">NPP-375</SimpleData>
		<SimpleData name="bioma">Cerrado</SimpleData>
		<SimpleData name="datahora">2019/08/12 17:54:00</SimpleData>
		<SimpleData name="diasemchuv">18</SimpleData>
		<SimpleData name="pais">Brasil</SimpleData>
		<SimpleData name="areaproteg">PARNA DA CHAPADA DOS GUIMARAES</SimpleData>
	</SchemaData></ExtendedData>
      <Point><coordinates>-55.8699989711774,-15.2784007625648</coordinates></Point>
  </Placemark>
  <Placemark>
	<ExtendedData><SchemaData schemaUrl="#focos_inpe">
		<SimpleData name="estado">MATO GROSSO</SimpleData>
		<SimpleData name="riscofogo">1.0</SimpleData>
		<SimpleData name="frp">8.900</SimpleData>
		<SimpleData name="municipio">CHAPADA DOS GUIMARAES</SimpleData>
		<SimpleData name="precipitac">0.0</SimpleData>
		<SimpleData name="satelite">NPP-375</SimpleData>
		<SimpleData name="bioma">Cerrado</SimpleData>
		<SimpleData name="datahora">2019/08/12 17:54:00</SimpleData>
		<SimpleData name="diasemchuv">18</SimpleData>
		<SimpleData name="pais">Brasil</SimpleData>
		<SimpleData name="areaproteg">PARNA DA CHAPADA DOS GUIMARAES</SimpleData>
	</SchemaData></ExtendedData>
      <Point><coordinates>-55.8587977093312,-15.2760998664212</coordinates></Point>
  </Placemark>
  <Placemark>
	<ExtendedData><SchemaData schemaUrl="#focos_inpe">
		<SimpleData name="estado">MATO GROSSO</SimpleData>
		<SimpleData name="riscofogo">1.0</SimpleData>
		<SimpleData name="frp">4.800</SimpleData>
		<SimpleData name="municipio">CHAPADA DOS GUIMARAES</SimpleData>
		<SimpleData name="precipitac">0.0</SimpleData>
		<SimpleData name="satelite">NPP-375</SimpleData>
		<SimpleData name="bioma">Cerrado</SimpleData>
		<SimpleData name="datahora">2019/08/12 17:54:00</SimpleData>
		<SimpleData name="diasemchuv">18</SimpleData>
		<SimpleData name="pais">Brasil</SimpleData>
		<SimpleData name="areaproteg">PARNA DA CHAPADA DOS GUIMARAES</SimpleData>
	</SchemaData></ExtendedData>
      <Point><coordinates>-55.8734993655044,-15.2791008414302</coordinates></Point>
  </Placemark>
  <Placemark>
	<ExtendedData><SchemaData schemaUrl="#focos_inpe">
		<SimpleData name="estado">MATO GROSSO</SimpleData>
		<SimpleData name="riscofogo">1.0</SimpleData>
		<SimpleData name="frp">12.700</SimpleData>
		<SimpleData name="municipio">CHAPADA DOS GUIMARAES</SimpleData>
		<SimpleData name="precipitac">0.0</SimpleData>
		<SimpleData name="satelite">NPP-375</SimpleData>
		<SimpleData name="bioma">Cerrado</SimpleData>
		<SimpleData name="datahora">2019/08/12 17:54:00</SimpleData>
		<SimpleData name="diasemchuv">18</SimpleData>
		<SimpleData name="pais">Brasil</SimpleData>
		<SimpleData name="areaproteg">PARNA DA CHAPADA DOS GUIMARAES</SimpleData>
	</SchemaData></ExtendedData>
      <Point><coordinates>-55.857700770472,-15.2817004973444</coordinates></Point>
  </Placemark>
  <Placemark>
	<ExtendedData><SchemaData schemaUrl="#focos_inpe">
		<SimpleData name="estado">MATO GROSSO</SimpleData>
		<SimpleData name="riscofogo">1.0</SimpleData>
		<SimpleData name="frp">6.800</SimpleData>
		<SimpleData name="municipio">CHAPADA DOS GUIMARAES</SimpleData>
		<SimpleData name="precipitac">0.0</SimpleData>
		<SimpleData name="satelite">NPP-375</SimpleData>
		<SimpleData name="bioma">Cerrado</SimpleData>
		<SimpleData name="datahora">2019/08/12 17:54:00</SimpleData>
		<SimpleData name="diasemchuv">18</SimpleData>
		<SimpleData name="pais">Brasil</SimpleData>
		<SimpleData name="areaproteg">PARNA DA CHAPADA DOS GUIMARAES</SimpleData>
	</SchemaData></ExtendedData>
      <Point><coordinates>-55.8614999245696,-15.2824005762097</coordinates></Point>
  </Placemark>
  <Placemark>
	<ExtendedData><SchemaData schemaUrl="#focos_inpe">
		<SimpleData name="estado">MATO GROSSO</SimpleData>
		<SimpleData name="riscofogo">1.0</SimpleData>
		<SimpleData name="frp">11.600</SimpleData>
		<SimpleData name="municipio">CHAPADA DOS GUIMARAES</SimpleData>
		<SimpleData name="precipitac">0.0</SimpleData>
		<SimpleData name="satelite">NPP-375</SimpleData>
		<SimpleData name="bioma">Cerrado</SimpleData>
		<SimpleData name="datahora">2019/08/12 17:54:00</SimpleData>
		<SimpleData name="diasemchuv">18</SimpleData>
		<SimpleData name="pais">Brasil</SimpleData>
		<SimpleData name="areaproteg">PARNA DA CHAPADA DOS GUIMARAES</SimpleData>
	</SchemaData></ExtendedData>
      <Point><coordinates>-55.8625968634287,-15.2769025046108</coordinates></Point>
  </Placemark>
  <Placemark>
	<ExtendedData><SchemaData schemaUrl="#focos_inpe">
		<SimpleData name="estado">MATO GROSSO</SimpleData>
		<SimpleData name="riscofogo">1.0</SimpleData>
		<SimpleData name="frp">12.700</SimpleData>
		<SimpleData name="municipio">CHAPADA DOS GUIMARAES</SimpleData>
		<SimpleData name="precipitac">0.0</SimpleData>
		<SimpleData name="satelite">NPP-375</SimpleData>
		<SimpleData name="bioma">Cerrado</SimpleData>
		<SimpleData name="datahora">2019/08/12 17:54:00</SimpleData>
		<SimpleData name="diasemchuv">18</SimpleData>
		<SimpleData name="pais">Brasil</SimpleData>
		<SimpleData name="areaproteg">PARNA DA CHAPADA DOS GUIMARAES</SimpleData>
	</SchemaData></ExtendedData>
      <Point><coordinates>-55.8564968131876,-15.2871985689433</coordinates></Point>
  </Placemark>
  <Placemark>
	<ExtendedData><SchemaData schemaUrl="#focos_inpe">
		<SimpleData name="estado">MATO GROSSO</SimpleData>
		<SimpleData name="riscofogo">1.0</SimpleData>
		<SimpleData name="frp">3.900</SimpleData>
		<SimpleData name="municipio">CHAPADA DOS GUIMARAES</SimpleData>
		<SimpleData name="precipitac">0.0</SimpleData>
		<SimpleData name="satelite">NPP-375</SimpleData>
		<SimpleData name="bioma">Cerrado</SimpleData>
		<SimpleData name="datahora">2019/08/12 17:54:00</SimpleData>
		<SimpleData name="diasemchuv">18</SimpleData>
		<SimpleData name="pais">Brasil</SimpleData>
		<SimpleData name="areaproteg">PARNA DA CHAPADA DOS GUIMARAES</SimpleData>
	</SchemaData></ExtendedData>
      <Point><coordinates>-55.8785024768864,-15.2742983895956</coordinates></Point>
  </Placemark>
  <Placemark>
	<ExtendedData><SchemaData schemaUrl="#focos_inpe">
		<SimpleData name="estado">MATO GROSSO</SimpleData>
		<SimpleData name="riscofogo">1.0</SimpleData>
		<SimpleData name="frp">10.000</SimpleData>
		<SimpleData name="municipio">CHAPADA DOS GUIMARAES</SimpleData>
		<SimpleData name="precipitac">0.0</SimpleData>
		<SimpleData name="satelite">NPP-375</SimpleData>
		<SimpleData name="bioma">Cerrado</SimpleData>
		<SimpleData name="datahora">2019/08/12 17:54:00</SimpleData>
		<SimpleData name="diasemchuv">18</SimpleData>
		<SimpleData name="pais">Brasil</SimpleData>
		<SimpleData name="areaproteg">PARNA DA CHAPADA DOS GUIMARAES</SimpleData>
	</SchemaData></ExtendedData>
      <Point><coordinates>-55.864202139808,-15.2657012427646</coordinates></Point>
  </Placemark>
  <Placemark>
	<ExtendedData><SchemaData schemaUrl="#focos_inpe">
		<SimpleData name="estado">MATO GROSSO</SimpleData>
		<SimpleData name="riscofogo">1.0</SimpleData>
		<SimpleData name="frp">1.300</SimpleData>
		<SimpleData name="municipio">CHAPADA DOS GUIMARAES</SimpleData>
		<SimpleData name="precipitac">0.0</SimpleData>
		<SimpleData name="satelite">NPP-375</SimpleData>
		<SimpleData name="bioma">Cerrado</SimpleData>
		<SimpleData name="datahora">2019/08/13 05:06:00</SimpleData>
		<SimpleData name="diasemchuv">18</SimpleData>
		<SimpleData name="pais">Brasil</SimpleData>
		<SimpleData name="areaproteg">PARNA DA CHAPADA DOS GUIMARAES</SimpleData>
	</SchemaData></ExtendedData>
      <Point><coordinates>-55.8638989209363,-15.251298346362</coordinates></Point>
  </Placemark>
  <Placemark>
	<ExtendedData><SchemaData schemaUrl="#focos_inpe">
		<SimpleData name="estado">MATO GROSSO</SimpleData>
		<SimpleData name="riscofogo">1.0</SimpleData>
		<SimpleData name="frp">0.900</SimpleData>
		<SimpleData name="municipio">CHAPADA DOS GUIMARAES</SimpleData>
		<SimpleData name="precipitac">0.0</SimpleData>
		<SimpleData name="satelite">NPP-375</SimpleData>
		<SimpleData name="bioma">Cerrado</SimpleData>
		<SimpleData name="datahora">2019/08/13 05:06:00</SimpleData>
		<SimpleData name="diasemchuv">18</SimpleData>
		<SimpleData name="pais">Brasil</SimpleData>
		<SimpleData name="areaproteg">PARNA DA CHAPADA DOS GUIMARAES</SimpleData>
	</SchemaData></ExtendedData>
      <Point><coordinates>-55.8647015591259,-15.2489974502184</coordinates></Point>
  </Placemark>
  <Placemark>
	<ExtendedData><SchemaData schemaUrl="#focos_inpe">
		<SimpleData name="estado">MATO GROSSO</SimpleData>
		<SimpleData name="riscofogo">1.0</SimpleData>
		<SimpleData name="frp">0.900</SimpleData>
		<SimpleData name="municipio">CHAPADA DOS GUIMARAES</SimpleData>
		<SimpleData name="precipitac">0.0</SimpleData>
		<SimpleData name="satelite">NPP-375</SimpleData>
		<SimpleData name="bioma">Cerrado</SimpleData>
		<SimpleData name="datahora">2019/08/13 05:06:00</SimpleData>
		<SimpleData name="diasemchuv">18</SimpleData>
		<SimpleData name="pais">Brasil</SimpleData>
		<SimpleData name="areaproteg">PARNA DA CHAPADA DOS GUIMARAES</SimpleData>
	</SchemaData></ExtendedData>
      <Point><coordinates>-55.8652990786671,-15.2524978445453</coordinates></Point>
  </Placemark>
  <Placemark>
	<ExtendedData><SchemaData schemaUrl="#focos_inpe">
		<SimpleData name="estado">MATO GROSSO</SimpleData>
		<SimpleData name="riscofogo">1.0</SimpleData>
		<SimpleData name="frp">14.100</SimpleData>
		<SimpleData name="municipio">CHAPADA DOS GUIMARAES</SimpleData>
		<SimpleData name="precipitac">0.0</SimpleData>
		<SimpleData name="satelite">NPP-375</SimpleData>
		<SimpleData name="bioma">Cerrado</SimpleData>
		<SimpleData name="datahora">2019/08/13 17:36:00</SimpleData>
		<SimpleData name="diasemchuv">18</SimpleData>
		<SimpleData name="pais">Brasil</SimpleData>
		<SimpleData name="areaproteg">PARNA DA CHAPADA DOS GUIMARAES</SimpleData>
	</SchemaData></ExtendedData>
      <Point><coordinates>-55.8661998170799,-15.2429999593015</coordinates></Point>
  </Placemark>
  <Placemark>
	<ExtendedData><SchemaData schemaUrl="#focos_inpe">
		<SimpleData name="estado">MATO GROSSO</SimpleData>
		<SimpleData name="riscofogo">1.0</SimpleData>
		<SimpleData name="frp">3.000</SimpleData>
		<SimpleData name="municipio">CHAPADA DOS GUIMARAES</SimpleData>
		<SimpleData name="precipitac">0.0</SimpleData>
		<SimpleData name="satelite">NPP-375</SimpleData>
		<SimpleData name="bioma">Cerrado</SimpleData>
		<SimpleData name="datahora">2019/08/13 17:36:00</SimpleData>
		<SimpleData name="diasemchuv">18</SimpleData>
		<SimpleData name="pais">Brasil</SimpleData>
		<SimpleData name="areaproteg">PARNA DA CHAPADA DOS GUIMARAES</SimpleData>
	</SchemaData></ExtendedData>
      <Point><coordinates>-55.8412020965743,-15.276501185516</coordinates></Point>
  </Placemark>
  <Placemark>
	<ExtendedData><SchemaData schemaUrl="#focos_inpe">
		<SimpleData name="estado">MATO GROSSO</SimpleData>
		<SimpleData name="riscofogo">1.0</SimpleData>
		<SimpleData name="frp">23.800</SimpleData>
		<SimpleData name="municipio">CHAPADA DOS GUIMARAES</SimpleData>
		<SimpleData name="precipitac">0.0</SimpleData>
		<SimpleData name="satelite">NPP-375</SimpleData>
		<SimpleData name="bioma">Cerrado</SimpleData>
		<SimpleData name="datahora">2019/08/13 17:36:00</SimpleData>
		<SimpleData name="diasemchuv">18</SimpleData>
		<SimpleData name="pais">Brasil</SimpleData>
		<SimpleData name="areaproteg">PARNA DA CHAPADA DOS GUIMARAES</SimpleData>
	</SchemaData></ExtendedData>
      <Point><coordinates>-55.8685988134467,-15.2517977656799</coordinates></Point>
  </Placemark>
  <Placemark>
	<ExtendedData><SchemaData schemaUrl="#focos_inpe">
		<SimpleData name="estado">MATO GROSSO</SimpleData>
		<SimpleData name="riscofogo">1.0</SimpleData>
		<SimpleData name="frp">3.200</SimpleData>
		<SimpleData name="municipio">CHAPADA DOS GUIMARAES</SimpleData>
		<SimpleData name="precipitac">0.0</SimpleData>
		<SimpleData name="satelite">NPP-375</SimpleData>
		<SimpleData name="bioma">Cerrado</SimpleData>
		<SimpleData name="datahora">2019/08/13 17:36:00</SimpleData>
		<SimpleData name="diasemchuv">18</SimpleData>
		<SimpleData name="pais">Brasil</SimpleData>
		<SimpleData name="areaproteg">PARNA DA CHAPADA DOS GUIMARAES</SimpleData>
	</SchemaData></ExtendedData>
      <Point><coordinates>-55.8647996593491,-15.2512002461388</coordinates></Point>
  </Placemark>
  <Placemark>
	<ExtendedData><SchemaData schemaUrl="#focos_inpe">
		<SimpleData name="estado">MATO GROSSO</SimpleData>
		<SimpleData name="riscofogo">1.0</SimpleData>
		<SimpleData name="frp">16.700</SimpleData>
		<SimpleData name="municipio">CHAPADA DOS GUIMARAES</SimpleData>
		<SimpleData name="precipitac">0.0</SimpleData>
		<SimpleData name="satelite">NPP-375</SimpleData>
		<SimpleData name="bioma">Cerrado</SimpleData>
		<SimpleData name="datahora">2019/08/13 17:36:00</SimpleData>
		<SimpleData name="diasemchuv">18</SimpleData>
		<SimpleData name="pais">Brasil</SimpleData>
		<SimpleData name="areaproteg">PARNA DA CHAPADA DOS GUIMARAES</SimpleData>
	</SchemaData></ExtendedData>
      <Point><coordinates>-55.8542003761451,-15.2451001958977</coordinates></Point>
  </Placemark>
  <Placemark>
	<ExtendedData><SchemaData schemaUrl="#focos_inpe">
		<SimpleData name="estado">MATO GROSSO</SimpleData>
		<SimpleData name="riscofogo">1.0</SimpleData>
		<SimpleData name="frp">3.200</SimpleData>
		<SimpleData name="municipio">CHAPADA DOS GUIMARAES</SimpleData>
		<SimpleData name="precipitac">0.0</SimpleData>
		<SimpleData name="satelite">NPP-375</SimpleData>
		<SimpleData name="bioma">Cerrado</SimpleData>
		<SimpleData name="datahora">2019/08/13 17:36:00</SimpleData>
		<SimpleData name="diasemchuv">18</SimpleData>
		<SimpleData name="pais">Brasil</SimpleData>
		<SimpleData name="areaproteg">PARNA DA CHAPADA DOS GUIMARAES</SimpleData>
	</SchemaData></ExtendedData>
      <Point><coordinates>-55.8610005052516,-15.2505001672734</coordinates></Point>
  </Placemark>
  <Placemark>
	<ExtendedData><SchemaData schemaUrl="#focos_inpe">
		<SimpleData name="estado">MATO GROSSO</SimpleData>
		<SimpleData name="riscofogo">1.0</SimpleData>
		<SimpleData name="frp">35.700</SimpleData>
		<SimpleData name="municipio">CHAPADA DOS GUIMARAES</SimpleData>
		<SimpleData name="precipitac">0.0</SimpleData>
		<SimpleData name="satelite">NPP-375</SimpleData>
		<SimpleData name="bioma">Cerrado</SimpleData>
		<SimpleData name="datahora">2019/08/13 17:36:00</SimpleData>
		<SimpleData name="diasemchuv">18</SimpleData>
		<SimpleData name="pais">Brasil</SimpleData>
		<SimpleData name="areaproteg">PARNA DA CHAPADA DOS GUIMARAES</SimpleData>
	</SchemaData></ExtendedData>
      <Point><coordinates>-55.8330999099602,-15.2582010347927</coordinates></Point>
  </Placemark>
  <Placemark>
	<ExtendedData><SchemaData schemaUrl="#focos_inpe">
		<SimpleData name="estado">MATO GROSSO</SimpleData>
		<SimpleData name="riscofogo">1.0</SimpleData>
		<SimpleData name="frp">14.100</SimpleData>
		<SimpleData name="municipio">CHAPADA DOS GUIMARAES</SimpleData>
		<SimpleData name="precipitac">0.0</SimpleData>
		<SimpleData name="satelite">NPP-375</SimpleData>
		<SimpleData name="bioma">Cerrado</SimpleData>
		<SimpleData name="datahora">2019/08/13 17:36:00</SimpleData>
		<SimpleData name="diasemchuv">18</SimpleData>
		<SimpleData name="pais">Brasil</SimpleData>
		<SimpleData name="areaproteg">PARNA DA CHAPADA DOS GUIMARAES</SimpleData>
	</SchemaData></ExtendedData>
      <Point><coordinates>-55.8616961250159,-15.2463977943042</coordinates></Point>
  </Placemark>
  <Placemark>
	<ExtendedData><SchemaData schemaUrl="#focos_inpe">
		<SimpleData name="estado">MATO GROSSO</SimpleData>
		<SimpleData name="riscofogo">1.0</SimpleData>
		<SimpleData name="frp">10.600</SimpleData>
		<SimpleData name="municipio">CHAPADA DOS GUIMARAES</SimpleData>
		<SimpleData name="precipitac">0.0</SimpleData>
		<SimpleData name="satelite">NPP-375</SimpleData>
		<SimpleData name="bioma">Cerrado</SimpleData>
		<SimpleData name="datahora">2019/08/13 17:36:00</SimpleData>
		<SimpleData name="diasemchuv">18</SimpleData>
		<SimpleData name="pais">Brasil</SimpleData>
		<SimpleData name="areaproteg">PARNA DA CHAPADA DOS GUIMARAES</SimpleData>
	</SchemaData></ExtendedData>
      <Point><coordinates>-55.8321991715474,-15.2622008484376</coordinates></Point>
  </Placemark>
  <Placemark>
	<ExtendedData><SchemaData schemaUrl="#focos_inpe">
		<SimpleData name="estado">MATO GROSSO</SimpleData>
		<SimpleData name="riscofogo">1.0</SimpleData>
		<SimpleData name="frp">3.000</SimpleData>
		<SimpleData name="municipio">CHAPADA DOS GUIMARAES</SimpleData>
		<SimpleData name="precipitac">0.0</SimpleData>
		<SimpleData name="satelite">NPP-375</SimpleData>
		<SimpleData name="bioma">Cerrado</SimpleData>
		<SimpleData name="datahora">2019/08/13 17:36:00</SimpleData>
		<SimpleData name="diasemchuv">18</SimpleData>
		<SimpleData name="pais">Brasil</SimpleData>
		<SimpleData name="areaproteg">PARNA DA CHAPADA DOS GUIMARAES</SimpleData>
	</SchemaData></ExtendedData>
      <Point><coordinates>-55.842098375886,-15.2723988125469</coordinates></Point>
  </Placemark>
  <Placemark>
	<ExtendedData><SchemaData schemaUrl="#focos_inpe">
		<SimpleData name="estado">MATO GROSSO</SimpleData>
		<SimpleData name="riscofogo">1.0</SimpleData>
		<SimpleData name="frp">11.100</SimpleData>
		<SimpleData name="municipio">CHAPADA DOS GUIMARAES</SimpleData>
		<SimpleData name="precipitac">0.0</SimpleData>
		<SimpleData name="satelite">NPP-375</SimpleData>
		<SimpleData name="bioma">Cerrado</SimpleData>
		<SimpleData name="datahora">2019/08/13 17:36:00</SimpleData>
		<SimpleData name="diasemchuv">18</SimpleData>
		<SimpleData name="pais">Brasil</SimpleData>
		<SimpleData name="areaproteg">PARNA DA CHAPADA DOS GUIMARAES</SimpleData>
	</SchemaData></ExtendedData>
      <Point><coordinates>-55.8361008849692,-15.262900927303</coordinates></Point>
  </Placemark>
  <Placemark>
	<ExtendedData><SchemaData schemaUrl="#focos_inpe">
		<SimpleData name="estado">MATO GROSSO</SimpleData>
		<SimpleData name="riscofogo">1.0</SimpleData>
		<SimpleData name="frp">23.800</SimpleData>
		<SimpleData name="municipio">CHAPADA DOS GUIMARAES</SimpleData>
		<SimpleData name="precipitac">0.0</SimpleData>
		<SimpleData name="satelite">NPP-375</SimpleData>
		<SimpleData name="bioma">Cerrado</SimpleData>
		<SimpleData name="datahora">2019/08/13 17:36:00</SimpleData>
		<SimpleData name="diasemchuv">18</SimpleData>
		<SimpleData name="pais">Brasil</SimpleData>
		<SimpleData name="areaproteg">PARNA DA CHAPADA DOS GUIMARAES</SimpleData>
	</SchemaData></ExtendedData>
      <Point><coordinates>-55.8678987345813,-15.2559001386491</coordinates></Point>
  </Placemark>
  <Placemark>
	<ExtendedData><SchemaData schemaUrl="#focos_inpe">
		<SimpleData name="estado">MATO GROSSO</SimpleData>
		<SimpleData name="riscofogo">1.0</SimpleData>
		<SimpleData name="frp">14.100</SimpleData>
		<SimpleData name="municipio">CHAPADA DOS GUIMARAES</SimpleData>
		<SimpleData name="precipitac">0.0</SimpleData>
		<SimpleData name="satelite">NPP-375</SimpleData>
		<SimpleData name="bioma">Cerrado</SimpleData>
		<SimpleData name="datahora">2019/08/13 17:36:00</SimpleData>
		<SimpleData name="diasemchuv">18</SimpleData>
		<SimpleData name="pais">Brasil</SimpleData>
		<SimpleData name="areaproteg">PARNA DA CHAPADA DOS GUIMARAES</SimpleData>
	</SchemaData></ExtendedData>
      <Point><coordinates>-55.8624006629824,-15.2423979806593</coordinates></Point>
  </Placemark>
  <Placemark>
	<ExtendedData><SchemaData schemaUrl="#focos_inpe">
		<SimpleData name="estado">MATO GROSSO</SimpleData>
		<SimpleData name="riscofogo">1.0</SimpleData>
		<SimpleData name="frp">12.400</SimpleData>
		<SimpleData name="municipio">CUIABA</SimpleData>
		<SimpleData name="precipitac">0.0</SimpleData>
		<SimpleData name="satelite">NPP-375</SimpleData>
		<SimpleData name="bioma">Cerrado</SimpleData>
		<SimpleData name="datahora">2019/08/10 16:54:00</SimpleData>
		<SimpleData name="diasemchuv">19</SimpleData>
		<SimpleData name="pais">Brasil</SimpleData>
		<SimpleData name="areaproteg">PARNA DA CHAPADA DOS GUIMARAES</SimpleData>
	</SchemaData></ExtendedData>
      <Point><coordinates>-55.9650001191211,-15.3281019029065</coordinates></Point>
  </Placemark>
  <Placemark>
	<ExtendedData><SchemaData schemaUrl="#focos_inpe">
		<SimpleData name="estado">MATO GROSSO</SimpleData>
		<SimpleData name="riscofogo">1.0</SimpleData>
		<SimpleData name="frp">14.900</SimpleData>
		<SimpleData name="municipio">CUIABA</SimpleData>
		<SimpleData name="precipitac">0.0</SimpleData>
		<SimpleData name="satelite">NPP-375</SimpleData>
		<SimpleData name="bioma">Cerrado</SimpleData>
		<SimpleData name="datahora">2019/08/10 16:54:00</SimpleData>
		<SimpleData name="diasemchuv">19</SimpleData>
		<SimpleData name="pais">Brasil</SimpleData>
		<SimpleData name="areaproteg">PARNA DA CHAPADA DOS GUIMARAES</SimpleData>
	</SchemaData></ExtendedData>
      <Point><coordinates>-55.9660970579802,-15.3195983971976</coordinates></Point>
  </Placemark>
  <Placemark>
	<ExtendedData><SchemaData schemaUrl="#focos_inpe">
		<SimpleData name="estado">MATO GROSSO</SimpleData>
		<SimpleData name="riscofogo">1.0</SimpleData>
		<SimpleData name="frp">12.400</SimpleData>
		<SimpleData name="municipio">CUIABA</SimpleData>
		<SimpleData name="precipitac">0.0</SimpleData>
		<SimpleData name="satelite">NPP-375</SimpleData>
		<SimpleData name="bioma">Cerrado</SimpleData>
		<SimpleData name="datahora">2019/08/10 16:54:00</SimpleData>
		<SimpleData name="diasemchuv">19</SimpleData>
		<SimpleData name="pais">Brasil</SimpleData>
		<SimpleData name="areaproteg">PARNA DA CHAPADA DOS GUIMARAES</SimpleData>
	</SchemaData></ExtendedData>
      <Point><coordinates>-55.9655976386623,-15.3239014297142</coordinates></Point>
  </Placemark>
  <Placemark>
	<ExtendedData><SchemaData schemaUrl="#focos_inpe">
		<SimpleData name="estado">MATO GROSSO</SimpleData>
		<SimpleData name="riscofogo">1.0</SimpleData>
		<SimpleData name="frp">19.900</SimpleData>
		<SimpleData name="municipio">CUIABA</SimpleData>
		<SimpleData name="precipitac">0.0</SimpleData>
		<SimpleData name="satelite">NPP-375</SimpleData>
		<SimpleData name="bioma">Cerrado</SimpleData>
		<SimpleData name="datahora">2019/08/10 16:54:00</SimpleData>
		<SimpleData name="diasemchuv">19</SimpleData>
		<SimpleData name="pais">Brasil</SimpleData>
		<SimpleData name="areaproteg">PARNA DA CHAPADA DOS GUIMARAES</SimpleData>
	</SchemaData></ExtendedData>
      <Point><coordinates>-55.9654995384391,-15.3270005049463</coordinates></Point>
  </Placemark>
  <Placemark>
	<ExtendedData><SchemaData schemaUrl="#focos_inpe">
		<SimpleData name="estado">MATO GROSSO</SimpleData>
		<SimpleData name="riscofogo">1.0</SimpleData>
		<SimpleData name="frp">37.000</SimpleData>
		<SimpleData name="municipio">CUIABA</SimpleData>
		<SimpleData name="precipitac">0.0</SimpleData>
		<SimpleData name="satelite">NPP-375</SimpleData>
		<SimpleData name="bioma">Cerrado</SimpleData>
		<SimpleData name="datahora">2019/08/10 16:54:00</SimpleData>
		<SimpleData name="diasemchuv">19</SimpleData>
		<SimpleData name="pais">Brasil</SimpleData>
		<SimpleData name="areaproteg">PARNA DA CHAPADA DOS GUIMARAES</SimpleData>
	</SchemaData></ExtendedData>
      <Point><coordinates>-55.9701013307263,-15.3202003758398</coordinates></Point>
  </Placemark>
  <Placemark>
	<ExtendedData><SchemaData schemaUrl="#focos_inpe">
		<SimpleData name="estado">MATO GROSSO</SimpleData>
		<SimpleData name="riscofogo">1.0</SimpleData>
		<SimpleData name="frp">0.800</SimpleData>
		<SimpleData name="municipio">CHAPADA DOS GUIMARAES</SimpleData>
		<SimpleData name="precipitac">0.0</SimpleData>
		<SimpleData name="satelite">NPP-375</SimpleData>
		<SimpleData name="bioma">Cerrado</SimpleData>
		<SimpleData name="datahora">2019/08/13 05:06:00</SimpleData>
		<SimpleData name="diasemchuv">19</SimpleData>
		<SimpleData name="pais">Brasil</SimpleData>
		<SimpleData name="areaproteg">PARNA DA CHAPADA DOS GUIMARAES</SimpleData>
	</SchemaData></ExtendedData>
      <Point><coordinates>-55.8469989279438,-15.2925004400958</coordinates></Point>
  </Placemark>
  <Placemark>
	<ExtendedData><SchemaData schemaUrl="#focos_inpe">
		<SimpleData name="estado">MATO GROSSO</SimpleData>
		<SimpleData name="riscofogo">1.0</SimpleData>
		<SimpleData name="frp">0.800</SimpleData>
		<SimpleData name="municipio">CHAPADA DOS GUIMARAES</SimpleData>
		<SimpleData name="precipitac">0.0</SimpleData>
		<SimpleData name="satelite">NPP-375</SimpleData>
		<SimpleData name="bioma">Cerrado</SimpleData>
		<SimpleData name="datahora">2019/08/13 05:06:00</SimpleData>
		<SimpleData name="diasemchuv">19</SimpleData>
		<SimpleData name="pais">Brasil</SimpleData>
		<SimpleData name="areaproteg">PARNA DA CHAPADA DOS GUIMARAES</SimpleData>
	</SchemaData></ExtendedData>
      <Point><coordinates>-55.8487023045462,-15.2782001030174</coordinates></Point>
  </Placemark>
  <Placemark>
	<ExtendedData><SchemaData schemaUrl="#focos_inpe">
		<SimpleData name="estado">MATO GROSSO</SimpleData>
		<SimpleData name="riscofogo">1.0</SimpleData>
		<SimpleData name="frp">2.700</SimpleData>
		<SimpleData name="municipio">CHAPADA DOS GUIMARAES</SimpleData>
		<SimpleData name="precipitac">0.0</SimpleData>
		<SimpleData name="satelite">NPP-375</SimpleData>
		<SimpleData name="bioma">Cerrado</SimpleData>
		<SimpleData name="datahora">2019/08/13 05:06:00</SimpleData>
		<SimpleData name="diasemchuv">19</SimpleData>
		<SimpleData name="pais">Brasil</SimpleData>
		<SimpleData name="areaproteg">PARNA DA CHAPADA DOS GUIMARAES</SimpleData>
	</SchemaData></ExtendedData>
      <Point><coordinates>-55.8492017238642,-15.2815979380201</coordinates></Point>
  </Placemark>
  <Placemark>
	<ExtendedData><SchemaData schemaUrl="#focos_inpe">
		<SimpleData name="estado">MATO GROSSO</SimpleData>
		<SimpleData name="riscofogo">1.0</SimpleData>
		<SimpleData name="frp">0.800</SimpleData>
		<SimpleData name="municipio">CHAPADA DOS GUIMARAES</SimpleData>
		<SimpleData name="precipitac">0.0</SimpleData>
		<SimpleData name="satelite">NPP-375</SimpleData>
		<SimpleData name="bioma">Cerrado</SimpleData>
		<SimpleData name="datahora">2019/08/13 05:06:00</SimpleData>
		<SimpleData name="diasemchuv">19</SimpleData>
		<SimpleData name="pais">Brasil</SimpleData>
		<SimpleData name="areaproteg">PARNA DA CHAPADA DOS GUIMARAES</SimpleData>
	</SchemaData></ExtendedData>
      <Point><coordinates>-55.8431997738462,-15.293102418738</coordinates></Point>
  </Placemark>
  <Placemark>
	<ExtendedData><SchemaData schemaUrl="#focos_inpe">
		<SimpleData name="estado">MATO GROSSO</SimpleData>
		<SimpleData name="riscofogo">1.0</SimpleData>
		<SimpleData name="frp">1.700</SimpleData>
		<SimpleData name="municipio">CHAPADA DOS GUIMARAES</SimpleData>
		<SimpleData name="precipitac">0.0</SimpleData>
		<SimpleData name="satelite">NPP-375</SimpleData>
		<SimpleData name="bioma">Cerrado</SimpleData>
		<SimpleData name="datahora">2019/08/13 05:06:00</SimpleData>
		<SimpleData name="diasemchuv">19</SimpleData>
		<SimpleData name="pais">Brasil</SimpleData>
		<SimpleData name="areaproteg">PARNA DA CHAPADA DOS GUIMARAES</SimpleData>
	</SchemaData></ExtendedData>
      <Point><coordinates>-55.8504012220476,-15.2885006264509</coordinates></Point>
  </Placemark>
  <Placemark>
	<ExtendedData><SchemaData schemaUrl="#focos_inpe">
		<SimpleData name="estado">MATO GROSSO</SimpleData>
		<SimpleData name="riscofogo">1.0</SimpleData>
		<SimpleData name="frp">0.800</SimpleData>
		<SimpleData name="municipio">CHAPADA DOS GUIMARAES</SimpleData>
		<SimpleData name="precipitac">0.0</SimpleData>
		<SimpleData name="satelite">NPP-375</SimpleData>
		<SimpleData name="bioma">Cerrado</SimpleData>
		<SimpleData name="datahora">2019/08/13 05:06:00</SimpleData>
		<SimpleData name="diasemchuv">19</SimpleData>
		<SimpleData name="pais">Brasil</SimpleData>
		<SimpleData name="areaproteg">PARNA DA CHAPADA DOS GUIMARAES</SimpleData>
	</SchemaData></ExtendedData>
      <Point><coordinates>-55.8464995086258,-15.289098145992</coordinates></Point>
  </Placemark>
  <Placemark>
	<ExtendedData><SchemaData schemaUrl="#focos_inpe">
		<SimpleData name="estado">MATO GROSSO</SimpleData>
		<SimpleData name="riscofogo">1.0</SimpleData>
		<SimpleData name="frp">2.500</SimpleData>
		<SimpleData name="municipio">CHAPADA DOS GUIMARAES</SimpleData>
		<SimpleData name="precipitac">0.0</SimpleData>
		<SimpleData name="satelite">NPP-375</SimpleData>
		<SimpleData name="bioma">Cerrado</SimpleData>
		<SimpleData name="datahora">2019/08/13 05:06:00</SimpleData>
		<SimpleData name="diasemchuv">19</SimpleData>
		<SimpleData name="pais">Brasil</SimpleData>
		<SimpleData name="areaproteg">PARNA DA CHAPADA DOS GUIMARAES</SimpleData>
	</SchemaData></ExtendedData>
      <Point><coordinates>-55.8448005911244,-15.2786995223354</coordinates></Point>
  </Placemark>
  <Placemark>
	<ExtendedData><SchemaData schemaUrl="#focos_inpe">
		<SimpleData name="estado">MATO GROSSO</SimpleData>
		<SimpleData name="riscofogo">1.0</SimpleData>
		<SimpleData name="frp">2.700</SimpleData>
		<SimpleData name="municipio">CHAPADA DOS GUIMARAES</SimpleData>
		<SimpleData name="precipitac">0.0</SimpleData>
		<SimpleData name="satelite">NPP-375</SimpleData>
		<SimpleData name="bioma">Cerrado</SimpleData>
		<SimpleData name="datahora">2019/08/13 05:06:00</SimpleData>
		<SimpleData name="diasemchuv">19</SimpleData>
		<SimpleData name="pais">Brasil</SimpleData>
		<SimpleData name="areaproteg">PARNA DA CHAPADA DOS GUIMARAES</SimpleData>
	</SchemaData></ExtendedData>
      <Point><coordinates>-55.8497992434053,-15.2850002321239</coordinates></Point>
  </Placemark>
  <Placemark>
	<ExtendedData><SchemaData schemaUrl="#focos_inpe">
		<SimpleData name="estado">MATO GROSSO</SimpleData>
		<SimpleData name="riscofogo">1.0</SimpleData>
		<SimpleData name="frp">1.300</SimpleData>
		<SimpleData name="municipio">CHAPADA DOS GUIMARAES</SimpleData>
		<SimpleData name="precipitac">0.0</SimpleData>
		<SimpleData name="satelite">NPP-375</SimpleData>
		<SimpleData name="bioma">Cerrado</SimpleData>
		<SimpleData name="datahora">2019/08/13 05:06:00</SimpleData>
		<SimpleData name="diasemchuv">19</SimpleData>
		<SimpleData name="pais">Brasil</SimpleData>
		<SimpleData name="areaproteg">PARNA DA CHAPADA DOS GUIMARAES</SimpleData>
	</SchemaData></ExtendedData>
      <Point><coordinates>-55.8734012652812,-15.2605019309363</coordinates></Point>
  </Placemark>
  <Placemark>
	<ExtendedData><SchemaData schemaUrl="#focos_inpe">
		<SimpleData name="estado">MATO GROSSO</SimpleData>
		<SimpleData name="riscofogo">1.0</SimpleData>
		<SimpleData name="frp">2.400</SimpleData>
		<SimpleData name="municipio">CHAPADA DOS GUIMARAES</SimpleData>
		<SimpleData name="precipitac">0.0</SimpleData>
		<SimpleData name="satelite">NPP-375</SimpleData>
		<SimpleData name="bioma">Cerrado</SimpleData>
		<SimpleData name="datahora">2019/08/13 17:36:00</SimpleData>
		<SimpleData name="diasemchuv">19</SimpleData>
		<SimpleData name="pais">Brasil</SimpleData>
		<SimpleData name="areaproteg">PARNA DA CHAPADA DOS GUIMARAES</SimpleData>
	</SchemaData></ExtendedData>
      <Point><coordinates>-55.8504012220476,-15.2906989632702</coordinates></Point>
  </Placemark>
  <Placemark>
	<ExtendedData><SchemaData schemaUrl="#focos_inpe">
		<SimpleData name="estado">MATO GROSSO</SimpleData>
		<SimpleData name="riscofogo">1.0</SimpleData>
		<SimpleData name="frp">3.400</SimpleData>
		<SimpleData name="municipio">CHAPADA DOS GUIMARAES</SimpleData>
		<SimpleData name="precipitac">0.0</SimpleData>
		<SimpleData name="satelite">NPP-375</SimpleData>
		<SimpleData name="bioma">Cerrado</SimpleData>
		<SimpleData name="datahora">2019/08/13 17:36:00</SimpleData>
		<SimpleData name="diasemchuv">19</SimpleData>
		<SimpleData name="pais">Brasil</SimpleData>
		<SimpleData name="areaproteg">PARNA DA CHAPADA DOS GUIMARAES</SimpleData>
	</SchemaData></ExtendedData>
      <Point><coordinates>-55.8709978098134,-15.2606981313826</coordinates></Point>
  </Placemark>
  <Placemark>
	<ExtendedData><SchemaData schemaUrl="#focos_inpe">
		<SimpleData name="estado">MATO GROSSO</SimpleData>
		<SimpleData name="riscofogo">1.0</SimpleData>
		<SimpleData name="frp">3.400</SimpleData>
		<SimpleData name="municipio">CHAPADA DOS GUIMARAES</SimpleData>
		<SimpleData name="precipitac">0.0</SimpleData>
		<SimpleData name="satelite">NPP-375</SimpleData>
		<SimpleData name="bioma">Cerrado</SimpleData>
		<SimpleData name="datahora">2019/08/13 17:36:00</SimpleData>
		<SimpleData name="diasemchuv">19</SimpleData>
		<SimpleData name="pais">Brasil</SimpleData>
		<SimpleData name="areaproteg">PARNA DA CHAPADA DOS GUIMARAES</SimpleData>
	</SchemaData></ExtendedData>
      <Point><coordinates>-55.848100325904,-15.2819011568918</coordinates></Point>
  </Placemark>
  <Placemark>
	<ExtendedData><SchemaData schemaUrl="#focos_inpe">
		<SimpleData name="estado">MATO GROSSO</SimpleData>
		<SimpleData name="riscofogo">1.0</SimpleData>
		<SimpleData name="frp">2.400</SimpleData>
		<SimpleData name="municipio">CHAPADA DOS GUIMARAES</SimpleData>
		<SimpleData name="precipitac">0.0</SimpleData>
		<SimpleData name="satelite">NPP-375</SimpleData>
		<SimpleData name="bioma">Cerrado</SimpleData>
		<SimpleData name="datahora">2019/08/13 17:36:00</SimpleData>
		<SimpleData name="diasemchuv">19</SimpleData>
		<SimpleData name="pais">Brasil</SimpleData>
		<SimpleData name="areaproteg">PARNA DA CHAPADA DOS GUIMARAES</SimpleData>
	</SchemaData></ExtendedData>
      <Point><coordinates>-55.8467001681732,-15.2899988844048</coordinates></Point>
  </Placemark>
  <Placemark>
	<ExtendedData><SchemaData schemaUrl="#focos_inpe">
		<SimpleData name="estado">MATO GROSSO</SimpleData>
		<SimpleData name="riscofogo">1.0</SimpleData>
		<SimpleData name="frp">3.400</SimpleData>
		<SimpleData name="municipio">CHAPADA DOS GUIMARAES</SimpleData>
		<SimpleData name="precipitac">0.0</SimpleData>
		<SimpleData name="satelite">NPP-375</SimpleData>
		<SimpleData name="bioma">Cerrado</SimpleData>
		<SimpleData name="datahora">2019/08/13 17:36:00</SimpleData>
		<SimpleData name="diasemchuv">19</SimpleData>
		<SimpleData name="pais">Brasil</SimpleData>
		<SimpleData name="areaproteg">PARNA DA CHAPADA DOS GUIMARAES</SimpleData>
	</SchemaData></ExtendedData>
      <Point><coordinates>-55.8511994011361,-15.2866010494021</coordinates></Point>
  </Placemark>
  <Placemark>
	<ExtendedData><SchemaData schemaUrl="#focos_inpe">
		<SimpleData name="estado">MATO GROSSO</SimpleData>
		<SimpleData name="riscofogo">1.0</SimpleData>
		<SimpleData name="frp">3.000</SimpleData>
		<SimpleData name="municipio">CHAPADA DOS GUIMARAES</SimpleData>
		<SimpleData name="precipitac">0.0</SimpleData>
		<SimpleData name="satelite">NPP-375</SimpleData>
		<SimpleData name="bioma">Cerrado</SimpleData>
		<SimpleData name="datahora">2019/08/13 17:36:00</SimpleData>
		<SimpleData name="diasemchuv">19</SimpleData>
		<SimpleData name="pais">Brasil</SimpleData>
		<SimpleData name="areaproteg">PARNA DA CHAPADA DOS GUIMARAES</SimpleData>
	</SchemaData></ExtendedData>
      <Point><coordinates>-55.845099350895,-15.2770987050572</coordinates></Point>
  </Placemark>
  <Placemark>
	<ExtendedData><SchemaData schemaUrl="#focos_inpe">
		<SimpleData name="estado">MATO GROSSO</SimpleData>
		<SimpleData name="riscofogo">1.0</SimpleData>
		<SimpleData name="frp">7.600</SimpleData>
		<SimpleData name="municipio">CHAPADA DOS GUIMARAES</SimpleData>
		<SimpleData name="precipitac">0.0</SimpleData>
		<SimpleData name="satelite">NPP-375</SimpleData>
		<SimpleData name="bioma">Cerrado</SimpleData>
		<SimpleData name="datahora">2019/08/13 17:36:00</SimpleData>
		<SimpleData name="diasemchuv">19</SimpleData>
		<SimpleData name="pais">Brasil</SimpleData>
		<SimpleData name="areaproteg">PARNA DA CHAPADA DOS GUIMARAES</SimpleData>
	</SchemaData></ExtendedData>
      <Point><coordinates>-55.8436010929411,-15.2852989918945</coordinates></Point>
  </Placemark>
  <Placemark>
	<ExtendedData><SchemaData schemaUrl="#focos_inpe">
		<SimpleData name="estado">MATO GROSSO</SimpleData>
		<SimpleData name="riscofogo">1.0</SimpleData>
		<SimpleData name="frp">23.800</SimpleData>
		<SimpleData name="municipio">CHAPADA DOS GUIMARAES</SimpleData>
		<SimpleData name="precipitac">0.0</SimpleData>
		<SimpleData name="satelite">NPP-375</SimpleData>
		<SimpleData name="bioma">Cerrado</SimpleData>
		<SimpleData name="datahora">2019/08/13 17:36:00</SimpleData>
		<SimpleData name="diasemchuv">19</SimpleData>
		<SimpleData name="pais">Brasil</SimpleData>
		<SimpleData name="areaproteg">PARNA DA CHAPADA DOS GUIMARAES</SimpleData>
	</SchemaData></ExtendedData>
      <Point><coordinates>-55.8717023477799,-15.2566002175145</coordinates></Point>
  </Placemark>
  <Placemark>
	<ExtendedData><SchemaData schemaUrl="#focos_inpe">
		<SimpleData name="estado">MATO GROSSO</SimpleData>
		<SimpleData name="riscofogo">1.0</SimpleData>
		<SimpleData name="frp">6.800</SimpleData>
		<SimpleData name="municipio">CHAPADA DOS GUIMARAES</SimpleData>
		<SimpleData name="precipitac">0.0</SimpleData>
		<SimpleData name="satelite">NPP-375</SimpleData>
		<SimpleData name="bioma">Cerrado</SimpleData>
		<SimpleData name="datahora">2019/08/14 17:18:00</SimpleData>
		<SimpleData name="diasemchuv">19</SimpleData>
		<SimpleData name="pais">Brasil</SimpleData>
		<SimpleData name="areaproteg">PARNA DA CHAPADA DOS GUIMARAES</SimpleData>
	</SchemaData></ExtendedData>
      <Point><coordinates>-55.8120975439985,-15.2688984182199</coordinates></Point>
  </Placemark>
  <Placemark>
	<ExtendedData><SchemaData schemaUrl="#focos_inpe">
		<SimpleData name="estado">MATO GROSSO</SimpleData>
		<SimpleData name="riscofogo">1.0</SimpleData>
		<SimpleData name="frp">0.700</SimpleData>
		<SimpleData name="municipio">CHAPADA DOS GUIMARAES</SimpleData>
		<SimpleData name="precipitac">0.0</SimpleData>
		<SimpleData name="satelite">NPP-375</SimpleData>
		<SimpleData name="bioma">Cerrado</SimpleData>
		<SimpleData name="datahora">2019/08/14 04:48:00</SimpleData>
		<SimpleData name="diasemchuv">20</SimpleData>
		<SimpleData name="pais">Brasil</SimpleData>
		<SimpleData name="areaproteg">PARNA DA CHAPADA DOS GUIMARAES</SimpleData>
	</SchemaData></ExtendedData>
      <Point><coordinates>-55.8328992504128,-15.2924023398726</coordinates></Point>
  </Placemark>
  <Placemark>
	<ExtendedData><SchemaData schemaUrl="#focos_inpe">
		<SimpleData name="estado">MATO GROSSO</SimpleData>
		<SimpleData name="riscofogo">1.0</SimpleData>
		<SimpleData name="frp">17.800</SimpleData>
		<SimpleData name="municipio">CHAPADA DOS GUIMARAES</SimpleData>
		<SimpleData name="precipitac">0.0</SimpleData>
		<SimpleData name="satelite">NPP-375</SimpleData>
		<SimpleData name="bioma">Cerrado</SimpleData>
		<SimpleData name="datahora">2019/08/15 17:00:00</SimpleData>
		<SimpleData name="diasemchuv">20</SimpleData>
		<SimpleData name="pais">Brasil</SimpleData>
		<SimpleData name="areaproteg">PARNA DA CHAPADA DOS GUIMARAES</SimpleData>
	</SchemaData></ExtendedData>
      <Point><coordinates>-55.8245027631291,-15.2627983679788</coordinates></Point>
  </Placemark>
  <Placemark>
	<ExtendedData><SchemaData schemaUrl="#focos_inpe">
		<SimpleData name="estado">MATO GROSSO</SimpleData>
		<SimpleData name="riscofogo">1.0</SimpleData>
		<SimpleData name="frp">17.800</SimpleData>
		<SimpleData name="municipio">CHAPADA DOS GUIMARAES</SimpleData>
		<SimpleData name="precipitac">0.0</SimpleData>
		<SimpleData name="satelite">NPP-375</SimpleData>
		<SimpleData name="bioma">Cerrado</SimpleData>
		<SimpleData name="datahora">2019/08/15 17:00:00</SimpleData>
		<SimpleData name="diasemchuv">20</SimpleData>
		<SimpleData name="pais">Brasil</SimpleData>
		<SimpleData name="areaproteg">PARNA DA CHAPADA DOS GUIMARAES</SimpleData>
	</SchemaData></ExtendedData>
      <Point><coordinates>-55.8240033438111,-15.2665975220763</coordinates></Point>
  </Placemark>
  <Placemark>
	<ExtendedData><SchemaData schemaUrl="#focos_inpe">
		<SimpleData name="estado">MATO GROSSO</SimpleData>
		<SimpleData name="riscofogo">1.0</SimpleData>
		<SimpleData name="frp">23.600</SimpleData>
		<SimpleData name="municipio">CHAPADA DOS GUIMARAES</SimpleData>
		<SimpleData name="precipitac">0.0</SimpleData>
		<SimpleData name="satelite">NPP-375</SimpleData>
		<SimpleData name="bioma">Cerrado</SimpleData>
		<SimpleData name="datahora">2019/08/15 17:00:00</SimpleData>
		<SimpleData name="diasemchuv">20</SimpleData>
		<SimpleData name="pais">Brasil</SimpleData>
		<SimpleData name="areaproteg">PARNA DA CHAPADA DOS GUIMARAES</SimpleData>
	</SchemaData></ExtendedData>
      <Point><coordinates>-55.8333986697308,-15.2678995795839</coordinates></Point>
  </Placemark>
  <Placemark>
	<ExtendedData><SchemaData schemaUrl="#focos_inpe">
		<SimpleData name="estado">MATO GROSSO</SimpleData>
		<SimpleData name="riscofogo">1.0</SimpleData>
		<SimpleData name="frp">16.400</SimpleData>
		<SimpleData name="municipio">CHAPADA DOS GUIMARAES</SimpleData>
		<SimpleData name="precipitac">0.0</SimpleData>
		<SimpleData name="satelite">NPP-375</SimpleData>
		<SimpleData name="bioma">Cerrado</SimpleData>
		<SimpleData name="datahora">2019/08/15 17:00:00</SimpleData>
		<SimpleData name="diasemchuv">20</SimpleData>
		<SimpleData name="pais">Brasil</SimpleData>
		<SimpleData name="areaproteg">PARNA DA CHAPADA DOS GUIMARAES</SimpleData>
	</SchemaData></ExtendedData>
      <Point><coordinates>-55.8152991785548,-15.2716987336815</coordinates></Point>
  </Placemark>
  <Placemark>
	<ExtendedData><SchemaData schemaUrl="#focos_inpe">
		<SimpleData name="estado">MATO GROSSO</SimpleData>
		<SimpleData name="riscofogo">1.0</SimpleData>
		<SimpleData name="frp">4.700</SimpleData>
		<SimpleData name="municipio">CHAPADA DOS GUIMARAES</SimpleData>
		<SimpleData name="precipitac">0.0</SimpleData>
		<SimpleData name="satelite">NPP-375</SimpleData>
		<SimpleData name="bioma">Cerrado</SimpleData>
		<SimpleData name="datahora">2019/08/15 17:00:00</SimpleData>
		<SimpleData name="diasemchuv">20</SimpleData>
		<SimpleData name="pais">Brasil</SimpleData>
		<SimpleData name="areaproteg">PARNA DA CHAPADA DOS GUIMARAES</SimpleData>
	</SchemaData></ExtendedData>
      <Point><coordinates>-55.828997536991,-15.2774019239288</coordinates></Point>
  </Placemark>
  <Placemark>
	<ExtendedData><SchemaData schemaUrl="#focos_inpe">
		<SimpleData name="estado">MATO GROSSO</SimpleData>
		<SimpleData name="riscofogo">1.0</SimpleData>
		<SimpleData name="frp">23.600</SimpleData>
		<SimpleData name="municipio">CHAPADA DOS GUIMARAES</SimpleData>
		<SimpleData name="precipitac">0.0</SimpleData>
		<SimpleData name="satelite">NPP-375</SimpleData>
		<SimpleData name="bioma">Cerrado</SimpleData>
		<SimpleData name="datahora">2019/08/15 17:00:00</SimpleData>
		<SimpleData name="diasemchuv">20</SimpleData>
		<SimpleData name="pais">Brasil</SimpleData>
		<SimpleData name="areaproteg">PARNA DA CHAPADA DOS GUIMARAES</SimpleData>
	</SchemaData></ExtendedData>
      <Point><coordinates>-55.8287032363215,-15.2671995007185</coordinates></Point>
  </Placemark>
  <Placemark>
	<ExtendedData><SchemaData schemaUrl="#focos_inpe">
		<SimpleData name="estado">MATO GROSSO</SimpleData>
		<SimpleData name="riscofogo">1.0</SimpleData>
		<SimpleData name="frp">22.100</SimpleData>
		<SimpleData name="municipio">CHAPADA DOS GUIMARAES</SimpleData>
		<SimpleData name="precipitac">0.0</SimpleData>
		<SimpleData name="satelite">NPP-375</SimpleData>
		<SimpleData name="bioma">Cerrado</SimpleData>
		<SimpleData name="datahora">2019/08/15 17:00:00</SimpleData>
		<SimpleData name="diasemchuv">20</SimpleData>
		<SimpleData name="pais">Brasil</SimpleData>
		<SimpleData name="areaproteg">PARNA DA CHAPADA DOS GUIMARAES</SimpleData>
	</SchemaData></ExtendedData>
      <Point><coordinates>-55.8255016017651,-15.2692016370915</coordinates></Point>
  </Placemark>
  <Placemark>
	<ExtendedData><SchemaData schemaUrl="#focos_inpe">
		<SimpleData name="estado">MATO GROSSO</SimpleData>
		<SimpleData name="riscofogo">1.0</SimpleData>
		<SimpleData name="frp">24.300</SimpleData>
		<SimpleData name="municipio">CHAPADA DOS GUIMARAES</SimpleData>
		<SimpleData name="precipitac">0.0</SimpleData>
		<SimpleData name="satelite">NPP-375</SimpleData>
		<SimpleData name="bioma">Cerrado</SimpleData>
		<SimpleData name="datahora">2019/08/15 17:00:00</SimpleData>
		<SimpleData name="diasemchuv">20</SimpleData>
		<SimpleData name="pais">Brasil</SimpleData>
		<SimpleData name="areaproteg">PARNA DA CHAPADA DOS GUIMARAES</SimpleData>
	</SchemaData></ExtendedData>
      <Point><coordinates>-55.8302014942754,-15.2697991566327</coordinates></Point>
  </Placemark>
  <Placemark>
	<ExtendedData><SchemaData schemaUrl="#focos_inpe">
		<SimpleData name="estado">MATO GROSSO</SimpleData>
		<SimpleData name="riscofogo">1.0</SimpleData>
		<SimpleData name="frp">23.600</SimpleData>
		<SimpleData name="municipio">CHAPADA DOS GUIMARAES</SimpleData>
		<SimpleData name="precipitac">0.0</SimpleData>
		<SimpleData name="satelite">NPP-375</SimpleData>
		<SimpleData name="bioma">Cerrado</SimpleData>
		<SimpleData name="datahora">2019/08/15 17:00:00</SimpleData>
		<SimpleData name="diasemchuv">20</SimpleData>
		<SimpleData name="pais">Brasil</SimpleData>
		<SimpleData name="areaproteg">PARNA DA CHAPADA DOS GUIMARAES</SimpleData>
	</SchemaData></ExtendedData>
      <Point><coordinates>-55.8292026556395,-15.263400346621</coordinates></Point>
  </Placemark>
  <Placemark>
	<ExtendedData><SchemaData schemaUrl="#focos_inpe">
		<SimpleData name="estado">MATO GROSSO</SimpleData>
		<SimpleData name="riscofogo">1.0</SimpleData>
		<SimpleData name="frp">24.300</SimpleData>
		<SimpleData name="municipio">CHAPADA DOS GUIMARAES</SimpleData>
		<SimpleData name="precipitac">0.0</SimpleData>
		<SimpleData name="satelite">NPP-375</SimpleData>
		<SimpleData name="bioma">Cerrado</SimpleData>
		<SimpleData name="datahora">2019/08/15 17:00:00</SimpleData>
		<SimpleData name="diasemchuv">20</SimpleData>
		<SimpleData name="pais">Brasil</SimpleData>
		<SimpleData name="areaproteg">PARNA DA CHAPADA DOS GUIMARAES</SimpleData>
	</SchemaData></ExtendedData>
      <Point><coordinates>-55.8342994081436,-15.2742002893725</coordinates></Point>
  </Placemark>
  <Placemark>
	<ExtendedData><SchemaData schemaUrl="#focos_inpe">
		<SimpleData name="estado">MATO GROSSO</SimpleData>
		<SimpleData name="riscofogo">1.0</SimpleData>
		<SimpleData name="frp">6.200</SimpleData>
		<SimpleData name="municipio">CHAPADA DOS GUIMARAES</SimpleData>
		<SimpleData name="precipitac">0.0</SimpleData>
		<SimpleData name="satelite">NPP-375</SimpleData>
		<SimpleData name="bioma">Cerrado</SimpleData>
		<SimpleData name="datahora">2019/08/15 17:00:00</SimpleData>
		<SimpleData name="diasemchuv">20</SimpleData>
		<SimpleData name="pais">Brasil</SimpleData>
		<SimpleData name="areaproteg">PARNA DA CHAPADA DOS GUIMARAES</SimpleData>
	</SchemaData></ExtendedData>
      <Point><coordinates>-55.8391018599781,-15.2748022680147</coordinates></Point>
  </Placemark>
  <Placemark>
	<ExtendedData><SchemaData schemaUrl="#focos_inpe">
		<SimpleData name="estado">MATO GROSSO</SimpleData>
		<SimpleData name="riscofogo">1.0</SimpleData>
		<SimpleData name="frp">4.700</SimpleData>
		<SimpleData name="municipio">CHAPADA DOS GUIMARAES</SimpleData>
		<SimpleData name="precipitac">0.0</SimpleData>
		<SimpleData name="satelite">NPP-375</SimpleData>
		<SimpleData name="bioma">Cerrado</SimpleData>
		<SimpleData name="datahora">2019/08/15 17:00:00</SimpleData>
		<SimpleData name="diasemchuv">20</SimpleData>
		<SimpleData name="pais">Brasil</SimpleData>
		<SimpleData name="areaproteg">PARNA DA CHAPADA DOS GUIMARAES</SimpleData>
	</SchemaData></ExtendedData>
      <Point><coordinates>-55.8337999888256,-15.27799944347</coordinates></Point>
  </Placemark>
  <Placemark>
	<ExtendedData><SchemaData schemaUrl="#focos_inpe">
		<SimpleData name="estado">MATO GROSSO</SimpleData>
		<SimpleData name="riscofogo">1.0</SimpleData>
		<SimpleData name="frp">6.300</SimpleData>
		<SimpleData name="municipio">CHAPADA DOS GUIMARAES</SimpleData>
		<SimpleData name="precipitac">0.0</SimpleData>
		<SimpleData name="satelite">NPP-375</SimpleData>
		<SimpleData name="bioma">Cerrado</SimpleData>
		<SimpleData name="datahora">2019/08/15 17:00:00</SimpleData>
		<SimpleData name="diasemchuv">20</SimpleData>
		<SimpleData name="pais">Brasil</SimpleData>
		<SimpleData name="areaproteg">PARNA DA CHAPADA DOS GUIMARAES</SimpleData>
	</SchemaData></ExtendedData>
      <Point><coordinates>-55.8295995156332,-15.2596011925235</coordinates></Point>
  </Placemark>
  <Placemark>
	<ExtendedData><SchemaData schemaUrl="#focos_inpe">
		<SimpleData name="estado">MATO GROSSO</SimpleData>
		<SimpleData name="riscofogo">1.0</SimpleData>
		<SimpleData name="frp">32.300</SimpleData>
		<SimpleData name="municipio">CHAPADA DOS GUIMARAES</SimpleData>
		<SimpleData name="precipitac">0.0</SimpleData>
		<SimpleData name="satelite">NPP-375</SimpleData>
		<SimpleData name="bioma">Cerrado</SimpleData>
		<SimpleData name="datahora">2019/08/15 17:00:00</SimpleData>
		<SimpleData name="diasemchuv">20</SimpleData>
		<SimpleData name="pais">Brasil</SimpleData>
		<SimpleData name="areaproteg">PARNA DA CHAPADA DOS GUIMARAES</SimpleData>
	</SchemaData></ExtendedData>
      <Point><coordinates>-55.8281993579024,-15.2709986548161</coordinates></Point>
  </Placemark>
  <Placemark>
	<ExtendedData><SchemaData schemaUrl="#focos_inpe">
		<SimpleData name="estado">MATO GROSSO</SimpleData>
		<SimpleData name="riscofogo">1.0</SimpleData>
		<SimpleData name="frp">24.300</SimpleData>
		<SimpleData name="municipio">CHAPADA DOS GUIMARAES</SimpleData>
		<SimpleData name="precipitac">0.0</SimpleData>
		<SimpleData name="satelite">NPP-375</SimpleData>
		<SimpleData name="bioma">Cerrado</SimpleData>
		<SimpleData name="datahora">2019/08/15 17:00:00</SimpleData>
		<SimpleData name="diasemchuv">20</SimpleData>
		<SimpleData name="pais">Brasil</SimpleData>
		<SimpleData name="areaproteg">PARNA DA CHAPADA DOS GUIMARAES</SimpleData>
	</SchemaData></ExtendedData>
      <Point><coordinates>-55.8347988274615,-15.2704011352749</coordinates></Point>
  </Placemark>
  <Placemark>
	<ExtendedData><SchemaData schemaUrl="#focos_inpe">
		<SimpleData name="estado">MATO GROSSO</SimpleData>
		<SimpleData name="riscofogo">1.0</SimpleData>
		<SimpleData name="frp">32.300</SimpleData>
		<SimpleData name="municipio">CHAPADA DOS GUIMARAES</SimpleData>
		<SimpleData name="precipitac">0.0</SimpleData>
		<SimpleData name="satelite">NPP-375</SimpleData>
		<SimpleData name="bioma">Cerrado</SimpleData>
		<SimpleData name="datahora">2019/08/15 17:00:00</SimpleData>
		<SimpleData name="diasemchuv">20</SimpleData>
		<SimpleData name="pais">Brasil</SimpleData>
		<SimpleData name="areaproteg">PARNA DA CHAPADA DOS GUIMARAES</SimpleData>
	</SchemaData></ExtendedData>
      <Point><coordinates>-55.8328992504128,-15.2716987336815</coordinates></Point>
  </Placemark>
  <Placemark>
	<ExtendedData><SchemaData schemaUrl="#focos_inpe">
		<SimpleData name="estado">MATO GROSSO</SimpleData>
		<SimpleData name="riscofogo">1.0</SimpleData>
		<SimpleData name="frp">23.600</SimpleData>
		<SimpleData name="municipio">CHAPADA DOS GUIMARAES</SimpleData>
		<SimpleData name="precipitac">0.0</SimpleData>
		<SimpleData name="satelite">NPP-375</SimpleData>
		<SimpleData name="bioma">Cerrado</SimpleData>
		<SimpleData name="datahora">2019/08/15 17:00:00</SimpleData>
		<SimpleData name="diasemchuv">20</SimpleData>
		<SimpleData name="pais">Brasil</SimpleData>
		<SimpleData name="areaproteg">PARNA DA CHAPADA DOS GUIMARAES</SimpleData>
	</SchemaData></ExtendedData>
      <Point><coordinates>-55.8339025481498,-15.2641004254864</coordinates></Point>
  </Placemark>
  <Placemark>
	<ExtendedData><SchemaData schemaUrl="#focos_inpe">
		<SimpleData name="estado">MATO GROSSO</SimpleData>
		<SimpleData name="riscofogo">1.0</SimpleData>
		<SimpleData name="frp">24.300</SimpleData>
		<SimpleData name="municipio">CHAPADA DOS GUIMARAES</SimpleData>
		<SimpleData name="precipitac">0.0</SimpleData>
		<SimpleData name="satelite">NPP-375</SimpleData>
		<SimpleData name="bioma">Cerrado</SimpleData>
		<SimpleData name="datahora">2019/08/15 17:00:00</SimpleData>
		<SimpleData name="diasemchuv">20</SimpleData>
		<SimpleData name="pais">Brasil</SimpleData>
		<SimpleData name="areaproteg">PARNA DA CHAPADA DOS GUIMARAES</SimpleData>
	</SchemaData></ExtendedData>
      <Point><coordinates>-55.8295995156332,-15.2735983107302</coordinates></Point>
  </Placemark>
  <Placemark>
	<ExtendedData><SchemaData schemaUrl="#focos_inpe">
		<SimpleData name="estado">MATO GROSSO</SimpleData>
		<SimpleData name="riscofogo">1.0</SimpleData>
		<SimpleData name="frp">27.900</SimpleData>
		<SimpleData name="municipio">CHAPADA DOS GUIMARAES</SimpleData>
		<SimpleData name="precipitac">0.0</SimpleData>
		<SimpleData name="satelite">NPP-375</SimpleData>
		<SimpleData name="bioma">Cerrado</SimpleData>
		<SimpleData name="datahora">2019/08/15 17:00:00</SimpleData>
		<SimpleData name="diasemchuv">20</SimpleData>
		<SimpleData name="pais">Brasil</SimpleData>
		<SimpleData name="areaproteg">PARNA DA CHAPADA DOS GUIMARAES</SimpleData>
	</SchemaData></ExtendedData>
      <Point><coordinates>-55.8375991429231,-15.2723007123237</coordinates></Point>
  </Placemark>
  <Placemark>
	<ExtendedData><SchemaData schemaUrl="#focos_inpe">
		<SimpleData name="estado">MATO GROSSO</SimpleData>
		<SimpleData name="riscofogo">1.0</SimpleData>
		<SimpleData name="frp">4.100</SimpleData>
		<SimpleData name="municipio">CHAPADA DOS GUIMARAES</SimpleData>
		<SimpleData name="precipitac">0.0</SimpleData>
		<SimpleData name="satelite">NPP-375</SimpleData>
		<SimpleData name="bioma">Cerrado</SimpleData>
		<SimpleData name="datahora">2019/08/15 17:00:00</SimpleData>
		<SimpleData name="diasemchuv">21</SimpleData>
		<SimpleData name="pais">Brasil</SimpleData>
		<SimpleData name="areaproteg">PARNA DA CHAPADA DOS GUIMARAES</SimpleData>
	</SchemaData></ExtendedData>
      <Point><coordinates>-55.8380004620179,-15.2824005762097</coordinates></Point>
  </Placemark>
  <Placemark>
	<ExtendedData><SchemaData schemaUrl="#focos_inpe">
		<SimpleData name="estado">MATO GROSSO</SimpleData>
		<SimpleData name="riscofogo">1.0</SimpleData>
		<SimpleData name="frp">4.100</SimpleData>
		<SimpleData name="municipio">CHAPADA DOS GUIMARAES</SimpleData>
		<SimpleData name="precipitac">0.0</SimpleData>
		<SimpleData name="satelite">NPP-375</SimpleData>
		<SimpleData name="bioma">Cerrado</SimpleData>
		<SimpleData name="datahora">2019/08/15 17:00:00</SimpleData>
		<SimpleData name="diasemchuv">21</SimpleData>
		<SimpleData name="pais">Brasil</SimpleData>
		<SimpleData name="areaproteg">PARNA DA CHAPADA DOS GUIMARAES</SimpleData>
	</SchemaData></ExtendedData>
      <Point><coordinates>-55.8385979815591,-15.2786014221122</coordinates></Point>
  </Placemark>
  <Placemark>
	<ExtendedData><SchemaData schemaUrl="#focos_inpe">
		<SimpleData name="estado">MATO GROSSO</SimpleData>
		<SimpleData name="riscofogo">1.0</SimpleData>
		<SimpleData name="frp">7.800</SimpleData>
		<SimpleData name="municipio">CHAPADA DOS GUIMARAES</SimpleData>
		<SimpleData name="precipitac">0.0</SimpleData>
		<SimpleData name="satelite">NPP-375</SimpleData>
		<SimpleData name="bioma">Cerrado</SimpleData>
		<SimpleData name="datahora">2019/08/15 17:00:00</SimpleData>
		<SimpleData name="diasemchuv">21</SimpleData>
		<SimpleData name="pais">Brasil</SimpleData>
		<SimpleData name="areaproteg">PARNA DA CHAPADA DOS GUIMARAES</SimpleData>
	</SchemaData></ExtendedData>
      <Point><coordinates>-55.8366003042871,-15.280001579843</coordinates></Point>
  </Placemark>
  <Placemark>
	<ExtendedData><SchemaData schemaUrl="#focos_inpe">
		<SimpleData name="estado">MATO GROSSO</SimpleData>
		<SimpleData name="riscofogo">1.0</SimpleData>
		<SimpleData name="frp">231.600</SimpleData>
		<SimpleData name="municipio">CHAPADA DOS GUIMARAES</SimpleData>
		<SimpleData name="precipitac">0.0</SimpleData>
		<SimpleData name="satelite">NPP-375</SimpleData>
		<SimpleData name="bioma">Cerrado</SimpleData>
		<SimpleData name="datahora">2019/08/15 17:00:00</SimpleData>
		<SimpleData name="diasemchuv">21</SimpleData>
		<SimpleData name="pais">Brasil</SimpleData>
		<SimpleData name="areaproteg">PARNA DA CHAPADA DOS GUIMARAES</SimpleData>
	</SchemaData></ExtendedData>
      <Point><coordinates>-55.8462988490784,-15.2913009419124</coordinates></Point>
  </Placemark>
  <Placemark>
	<ExtendedData><SchemaData schemaUrl="#focos_inpe">
		<SimpleData name="estado">MATO GROSSO</SimpleData>
		<SimpleData name="riscofogo">1.0</SimpleData>
		<SimpleData name="frp">157.700</SimpleData>
		<SimpleData name="municipio">CHAPADA DOS GUIMARAES</SimpleData>
		<SimpleData name="precipitac">0.0</SimpleData>
		<SimpleData name="satelite">NPP-375</SimpleData>
		<SimpleData name="bioma">Cerrado</SimpleData>
		<SimpleData name="datahora">2019/08/15 17:00:00</SimpleData>
		<SimpleData name="diasemchuv">21</SimpleData>
		<SimpleData name="pais">Brasil</SimpleData>
		<SimpleData name="areaproteg">PARNA DA CHAPADA DOS GUIMARAES</SimpleData>
	</SchemaData></ExtendedData>
      <Point><coordinates>-55.8415008563449,-15.2906989632702</coordinates></Point>
  </Placemark>
  <Placemark>
	<ExtendedData><SchemaData schemaUrl="#focos_inpe">
		<SimpleData name="estado">MATO GROSSO</SimpleData>
		<SimpleData name="riscofogo">1.0</SimpleData>
		<SimpleData name="frp">157.700</SimpleData>
		<SimpleData name="municipio">CHAPADA DOS GUIMARAES</SimpleData>
		<SimpleData name="precipitac">0.0</SimpleData>
		<SimpleData name="satelite">NPP-375</SimpleData>
		<SimpleData name="bioma">Cerrado</SimpleData>
		<SimpleData name="datahora">2019/08/15 17:00:00</SimpleData>
		<SimpleData name="diasemchuv">21</SimpleData>
		<SimpleData name="pais">Brasil</SimpleData>
		<SimpleData name="areaproteg">PARNA DA CHAPADA DOS GUIMARAES</SimpleData>
	</SchemaData></ExtendedData>
      <Point><coordinates>-55.8366984045103,-15.2899988844048</coordinates></Point>
  </Placemark>
  <Placemark>
	<ExtendedData><SchemaData schemaUrl="#focos_inpe">
		<SimpleData name="estado">MATO GROSSO</SimpleData>
		<SimpleData name="riscofogo">1.0</SimpleData>
		<SimpleData name="frp">3.500</SimpleData>
		<SimpleData name="municipio">CHAPADA DOS GUIMARAES</SimpleData>
		<SimpleData name="precipitac">0.0</SimpleData>
		<SimpleData name="satelite">NPP-375</SimpleData>
		<SimpleData name="bioma">Cerrado</SimpleData>
		<SimpleData name="datahora">2019/08/15 17:00:00</SimpleData>
		<SimpleData name="diasemchuv">21</SimpleData>
		<SimpleData name="pais">Brasil</SimpleData>
		<SimpleData name="areaproteg">PARNA DA CHAPADA DOS GUIMARAES</SimpleData>
	</SchemaData></ExtendedData>
      <Point><coordinates>-55.8408988777027,-15.2945025764688</coordinates></Point>
  </Placemark>
  <Placemark>
	<ExtendedData><SchemaData schemaUrl="#focos_inpe">
		<SimpleData name="estado">MATO GROSSO</SimpleData>
		<SimpleData name="riscofogo">1.0</SimpleData>
		<SimpleData name="frp">7.800</SimpleData>
		<SimpleData name="municipio">CHAPADA DOS GUIMARAES</SimpleData>
		<SimpleData name="precipitac">0.0</SimpleData>
		<SimpleData name="satelite">NPP-375</SimpleData>
		<SimpleData name="bioma">Cerrado</SimpleData>
		<SimpleData name="datahora">2019/08/15 17:00:00</SimpleData>
		<SimpleData name="diasemchuv">21</SimpleData>
		<SimpleData name="pais">Brasil</SimpleData>
		<SimpleData name="areaproteg">PARNA DA CHAPADA DOS GUIMARAES</SimpleData>
	</SchemaData></ExtendedData>
      <Point><coordinates>-55.8406001179321,-15.2843982534817</coordinates></Point>
  </Placemark>
  <Placemark>
	<ExtendedData><SchemaData schemaUrl="#focos_inpe">
		<SimpleData name="estado">MATO GROSSO</SimpleData>
		<SimpleData name="riscofogo">1.0</SimpleData>
		<SimpleData name="frp">4.300</SimpleData>
		<SimpleData name="municipio">CHAPADA DOS GUIMARAES</SimpleData>
		<SimpleData name="precipitac">0.0</SimpleData>
		<SimpleData name="satelite">NPP-375</SimpleData>
		<SimpleData name="bioma">Cerrado</SimpleData>
		<SimpleData name="datahora">2019/08/15 17:00:00</SimpleData>
		<SimpleData name="diasemchuv">21</SimpleData>
		<SimpleData name="pais">Brasil</SimpleData>
		<SimpleData name="areaproteg">PARNA DA CHAPADA DOS GUIMARAES</SimpleData>
	</SchemaData></ExtendedData>
      <Point><coordinates>-55.8457013295372,-15.29510009601</coordinates></Point>
  </Placemark>
  <Placemark>
	<ExtendedData><SchemaData schemaUrl="#focos_inpe">
		<SimpleData name="estado">MATO GROSSO</SimpleData>
		<SimpleData name="riscofogo">1.0</SimpleData>
		<SimpleData name="frp">157.700</SimpleData>
		<SimpleData name="municipio">CHAPADA DOS GUIMARAES</SimpleData>
		<SimpleData name="precipitac">0.0</SimpleData>
		<SimpleData name="satelite">NPP-375</SimpleData>
		<SimpleData name="bioma">Cerrado</SimpleData>
		<SimpleData name="datahora">2019/08/15 17:00:00</SimpleData>
		<SimpleData name="diasemchuv">21</SimpleData>
		<SimpleData name="pais">Brasil</SimpleData>
		<SimpleData name="areaproteg">PARNA DA CHAPADA DOS GUIMARAES</SimpleData>
	</SchemaData></ExtendedData>
      <Point><coordinates>-55.8373003831525,-15.2861997303073</coordinates></Point>
  </Placemark>
  <Placemark>
	<ExtendedData><SchemaData schemaUrl="#focos_inpe">
		<SimpleData name="estado">MATO GROSSO</SimpleData>
		<SimpleData name="riscofogo">1.0</SimpleData>
		<SimpleData name="frp">231.600</SimpleData>
		<SimpleData name="municipio">CHAPADA DOS GUIMARAES</SimpleData>
		<SimpleData name="precipitac">0.0</SimpleData>
		<SimpleData name="satelite">NPP-375</SimpleData>
		<SimpleData name="bioma">Cerrado</SimpleData>
		<SimpleData name="datahora">2019/08/15 17:00:00</SimpleData>
		<SimpleData name="diasemchuv">21</SimpleData>
		<SimpleData name="pais">Brasil</SimpleData>
		<SimpleData name="areaproteg">PARNA DA CHAPADA DOS GUIMARAES</SimpleData>
	</SchemaData></ExtendedData>
      <Point><coordinates>-55.8469008277206,-15.2875017878149</coordinates></Point>
  </Placemark>
  <Placemark>
	<ExtendedData><SchemaData schemaUrl="#focos_inpe">
		<SimpleData name="estado">MATO GROSSO</SimpleData>
		<SimpleData name="riscofogo">1.0</SimpleData>
		<SimpleData name="frp">1.700</SimpleData>
		<SimpleData name="municipio">CHAPADA DOS GUIMARAES</SimpleData>
		<SimpleData name="precipitac">0.0</SimpleData>
		<SimpleData name="satelite">NPP-375</SimpleData>
		<SimpleData name="bioma">Cerrado</SimpleData>
		<SimpleData name="datahora">2019/08/16 04:06:00</SimpleData>
		<SimpleData name="diasemchuv">22</SimpleData>
		<SimpleData name="pais">Brasil</SimpleData>
		<SimpleData name="areaproteg">PARNA DA CHAPADA DOS GUIMARAES</SimpleData>
	</SchemaData></ExtendedData>
      <Point><coordinates>-55.8162980171908,-15.2995012287497</coordinates></Point>
  </Placemark>
  <Placemark>
	<ExtendedData><SchemaData schemaUrl="#focos_inpe">
		<SimpleData name="estado">MATO GROSSO</SimpleData>
		<SimpleData name="riscofogo">1.0</SimpleData>
		<SimpleData name="frp">1.400</SimpleData>
		<SimpleData name="municipio">CHAPADA DOS GUIMARAES</SimpleData>
		<SimpleData name="precipitac">0.0</SimpleData>
		<SimpleData name="satelite">NPP-375</SimpleData>
		<SimpleData name="bioma">Cerrado</SimpleData>
		<SimpleData name="datahora">2019/08/16 04:06:00</SimpleData>
		<SimpleData name="diasemchuv">22</SimpleData>
		<SimpleData name="pais">Brasil</SimpleData>
		<SimpleData name="areaproteg">PARNA DA CHAPADA DOS GUIMARAES</SimpleData>
	</SchemaData></ExtendedData>
      <Point><coordinates>-55.8217024476676,-15.2983998307895</coordinates></Point>
  </Placemark>
  <Placemark>
	<ExtendedData><SchemaData schemaUrl="#focos_inpe">
		<SimpleData name="estado">MATO GROSSO</SimpleData>
		<SimpleData name="riscofogo">1.0</SimpleData>
		<SimpleData name="frp">1.200</SimpleData>
		<SimpleData name="municipio">CHAPADA DOS GUIMARAES</SimpleData>
		<SimpleData name="precipitac">0.0</SimpleData>
		<SimpleData name="satelite">NPP-375</SimpleData>
		<SimpleData name="bioma">Cerrado</SimpleData>
		<SimpleData name="datahora">2019/08/16 04:06:00</SimpleData>
		<SimpleData name="diasemchuv">22</SimpleData>
		<SimpleData name="pais">Brasil</SimpleData>
		<SimpleData name="areaproteg">PARNA DA CHAPADA DOS GUIMARAES</SimpleData>
	</SchemaData></ExtendedData>
      <Point><coordinates>-55.8198028706188,-15.2962014939702</coordinates></Point>
  </Placemark>
  <Placemark>
	<ExtendedData><SchemaData schemaUrl="#focos_inpe">
		<SimpleData name="estado">MATO GROSSO</SimpleData>
		<SimpleData name="riscofogo">1.0</SimpleData>
		<SimpleData name="frp">1.200</SimpleData>
		<SimpleData name="municipio">CHAPADA DOS GUIMARAES</SimpleData>
		<SimpleData name="precipitac">0.0</SimpleData>
		<SimpleData name="satelite">NPP-375</SimpleData>
		<SimpleData name="bioma">Cerrado</SimpleData>
		<SimpleData name="datahora">2019/08/16 04:06:00</SimpleData>
		<SimpleData name="diasemchuv">22</SimpleData>
		<SimpleData name="pais">Brasil</SimpleData>
		<SimpleData name="areaproteg">PARNA DA CHAPADA DOS GUIMARAES</SimpleData>
	</SchemaData></ExtendedData>
      <Point><coordinates>-55.8143003399189,-15.2974009921535</coordinates></Point>
  </Placemark>
  <Placemark>
	<ExtendedData><SchemaData schemaUrl="#focos_inpe">
		<SimpleData name="estado">MATO GROSSO</SimpleData>
		<SimpleData name="riscofogo">1.0</SimpleData>
		<SimpleData name="frp">1.400</SimpleData>
		<SimpleData name="municipio">CHAPADA DOS GUIMARAES</SimpleData>
		<SimpleData name="precipitac">0.0</SimpleData>
		<SimpleData name="satelite">NPP-375</SimpleData>
		<SimpleData name="bioma">Cerrado</SimpleData>
		<SimpleData name="datahora">2019/08/16 04:06:00</SimpleData>
		<SimpleData name="diasemchuv">22</SimpleData>
		<SimpleData name="pais">Brasil</SimpleData>
		<SimpleData name="areaproteg">PARNA DA CHAPADA DOS GUIMARAES</SimpleData>
	</SchemaData></ExtendedData>
      <Point><coordinates>-55.8258003615357,-15.2908996228176</coordinates></Point>
  </Placemark>
  <Placemark>
	<ExtendedData><SchemaData schemaUrl="#focos_inpe">
		<SimpleData name="estado">MATO GROSSO</SimpleData>
		<SimpleData name="riscofogo">1.0</SimpleData>
		<SimpleData name="frp">1.700</SimpleData>
		<SimpleData name="municipio">CHAPADA DOS GUIMARAES</SimpleData>
		<SimpleData name="precipitac">0.0</SimpleData>
		<SimpleData name="satelite">NPP-375</SimpleData>
		<SimpleData name="bioma">Cerrado</SimpleData>
		<SimpleData name="datahora">2019/08/16 04:06:00</SimpleData>
		<SimpleData name="diasemchuv">22</SimpleData>
		<SimpleData name="pais">Brasil</SimpleData>
		<SimpleData name="areaproteg">PARNA DA CHAPADA DOS GUIMARAES</SimpleData>
	</SchemaData></ExtendedData>
      <Point><coordinates>-55.8162980171908,-15.2995012287497</coordinates></Point>
  </Placemark>
  <Placemark>
	<ExtendedData><SchemaData schemaUrl="#focos_inpe">
		<SimpleData name="estado">MATO GROSSO</SimpleData>
		<SimpleData name="riscofogo">1.0</SimpleData>
		<SimpleData name="frp">2.800</SimpleData>
		<SimpleData name="municipio">CHAPADA DOS GUIMARAES</SimpleData>
		<SimpleData name="precipitac">0.0</SimpleData>
		<SimpleData name="satelite">NPP-375</SimpleData>
		<SimpleData name="bioma">Cerrado</SimpleData>
		<SimpleData name="datahora">2019/08/16 16:42:00</SimpleData>
		<SimpleData name="diasemchuv">22</SimpleData>
		<SimpleData name="pais">Brasil</SimpleData>
		<SimpleData name="areaproteg">PARNA DA CHAPADA DOS GUIMARAES</SimpleData>
	</SchemaData></ExtendedData>
      <Point><coordinates>-55.8227012863035,-15.2866991496253</coordinates></Point>
  </Placemark>
  <Placemark>
	<ExtendedData><SchemaData schemaUrl="#focos_inpe">
		<SimpleData name="estado">MATO GROSSO</SimpleData>
		<SimpleData name="riscofogo">1.0</SimpleData>
		<SimpleData name="frp">9.100</SimpleData>
		<SimpleData name="municipio">CHAPADA DOS GUIMARAES</SimpleData>
		<SimpleData name="precipitac">0.0</SimpleData>
		<SimpleData name="satelite">NPP-375</SimpleData>
		<SimpleData name="bioma">Cerrado</SimpleData>
		<SimpleData name="datahora">2019/08/16 16:42:00</SimpleData>
		<SimpleData name="diasemchuv">22</SimpleData>
		<SimpleData name="pais">Brasil</SimpleData>
		<SimpleData name="areaproteg">PARNA DA CHAPADA DOS GUIMARAES</SimpleData>
	</SchemaData></ExtendedData>
      <Point><coordinates>-55.8218005478908,-15.2918984614536</coordinates></Point>
  </Placemark>
  <Placemark>
	<ExtendedData><SchemaData schemaUrl="#focos_inpe">
		<SimpleData name="estado">MATO GROSSO</SimpleData>
		<SimpleData name="riscofogo">1.0</SimpleData>
		<SimpleData name="frp">10.000</SimpleData>
		<SimpleData name="municipio">CHAPADA DOS GUIMARAES</SimpleData>
		<SimpleData name="precipitac">0.0</SimpleData>
		<SimpleData name="satelite">NPP-375</SimpleData>
		<SimpleData name="bioma">Cerrado</SimpleData>
		<SimpleData name="datahora">2019/08/16 16:42:00</SimpleData>
		<SimpleData name="diasemchuv">22</SimpleData>
		<SimpleData name="pais">Brasil</SimpleData>
		<SimpleData name="areaproteg">PARNA DA CHAPADA DOS GUIMARAES</SimpleData>
	</SchemaData></ExtendedData>
      <Point><coordinates>-55.8232007056215,-15.291100282365</coordinates></Point>
  </Placemark>
  <Placemark>
	<ExtendedData><SchemaData schemaUrl="#focos_inpe">
		<SimpleData name="estado">MATO GROSSO</SimpleData>
		<SimpleData name="riscofogo">1.0</SimpleData>
		<SimpleData name="frp">5.800</SimpleData>
		<SimpleData name="municipio">CHAPADA DOS GUIMARAES</SimpleData>
		<SimpleData name="precipitac">0.0</SimpleData>
		<SimpleData name="satelite">NPP-375</SimpleData>
		<SimpleData name="bioma">Cerrado</SimpleData>
		<SimpleData name="datahora">2019/08/16 16:42:00</SimpleData>
		<SimpleData name="diasemchuv">22</SimpleData>
		<SimpleData name="pais">Brasil</SimpleData>
		<SimpleData name="areaproteg">PARNA DA CHAPADA DOS GUIMARAES</SimpleData>
	</SchemaData></ExtendedData>
      <Point><coordinates>-55.8358021251986,-15.292598540319</coordinates></Point>
  </Placemark>
  <Placemark>
	<ExtendedData><SchemaData schemaUrl="#focos_inpe">
		<SimpleData name="estado">MATO GROSSO</SimpleData>
		<SimpleData name="riscofogo">1.0</SimpleData>
		<SimpleData name="frp">9.600</SimpleData>
		<SimpleData name="municipio">CHAPADA DOS GUIMARAES</SimpleData>
		<SimpleData name="precipitac">0.0</SimpleData>
		<SimpleData name="satelite">NPP-375</SimpleData>
		<SimpleData name="bioma">Cerrado</SimpleData>
		<SimpleData name="datahora">2019/08/16 16:42:00</SimpleData>
		<SimpleData name="diasemchuv">22</SimpleData>
		<SimpleData name="pais">Brasil</SimpleData>
		<SimpleData name="areaproteg">PARNA DA CHAPADA DOS GUIMARAES</SimpleData>
	</SchemaData></ExtendedData>
      <Point><coordinates>-55.8377017022473,-15.293601838056</coordinates></Point>
  </Placemark>
  <Placemark>
	<ExtendedData><SchemaData schemaUrl="#focos_inpe">
		<SimpleData name="estado">MATO GROSSO</SimpleData>
		<SimpleData name="riscofogo">1.0</SimpleData>
		<SimpleData name="frp">10.000</SimpleData>
		<SimpleData name="municipio">CHAPADA DOS GUIMARAES</SimpleData>
		<SimpleData name="precipitac">0.0</SimpleData>
		<SimpleData name="satelite">NPP-375</SimpleData>
		<SimpleData name="bioma">Cerrado</SimpleData>
		<SimpleData name="datahora">2019/08/16 16:42:00</SimpleData>
		<SimpleData name="diasemchuv">22</SimpleData>
		<SimpleData name="pais">Brasil</SimpleData>
		<SimpleData name="areaproteg">PARNA DA CHAPADA DOS GUIMARAES</SimpleData>
	</SchemaData></ExtendedData>
      <Point><coordinates>-55.8223980674319,-15.2962995941933</coordinates></Point>
  </Placemark>
  <Placemark>
	<ExtendedData><SchemaData schemaUrl="#focos_inpe">
		<SimpleData name="estado">MATO GROSSO</SimpleData>
		<SimpleData name="riscofogo">1.0</SimpleData>
		<SimpleData name="frp">15.100</SimpleData>
		<SimpleData name="municipio">CHAPADA DOS GUIMARAES</SimpleData>
		<SimpleData name="precipitac">0.0</SimpleData>
		<SimpleData name="satelite">NPP-375</SimpleData>
		<SimpleData name="bioma">Cerrado</SimpleData>
		<SimpleData name="datahora">2019/08/16 16:42:00</SimpleData>
		<SimpleData name="diasemchuv">22</SimpleData>
		<SimpleData name="pais">Brasil</SimpleData>
		<SimpleData name="areaproteg">PARNA DA CHAPADA DOS GUIMARAES</SimpleData>
	</SchemaData></ExtendedData>
      <Point><coordinates>-55.8241014440343,-15.2974009921535</coordinates></Point>
  </Placemark>
  <Placemark>
	<ExtendedData><SchemaData schemaUrl="#focos_inpe">
		<SimpleData name="estado">MATO GROSSO</SimpleData>
		<SimpleData name="riscofogo">1.0</SimpleData>
		<SimpleData name="frp">2.300</SimpleData>
		<SimpleData name="municipio">CHAPADA DOS GUIMARAES</SimpleData>
		<SimpleData name="precipitac">0.0</SimpleData>
		<SimpleData name="satelite">NPP-375</SimpleData>
		<SimpleData name="bioma">Cerrado</SimpleData>
		<SimpleData name="datahora">2019/08/16 16:42:00</SimpleData>
		<SimpleData name="diasemchuv">22</SimpleData>
		<SimpleData name="pais">Brasil</SimpleData>
		<SimpleData name="areaproteg">PARNA DA CHAPADA DOS GUIMARAES</SimpleData>
	</SchemaData></ExtendedData>
      <Point><coordinates>-55.8241014440343,-15.2859009705367</coordinates></Point>
  </Placemark>
  <Placemark>
	<ExtendedData><SchemaData schemaUrl="#focos_inpe">
		<SimpleData name="estado">MATO GROSSO</SimpleData>
		<SimpleData name="riscofogo">1.0</SimpleData>
		<SimpleData name="frp">6.000</SimpleData>
		<SimpleData name="municipio">CHAPADA DOS GUIMARAES</SimpleData>
		<SimpleData name="precipitac">0.0</SimpleData>
		<SimpleData name="satelite">NPP-375</SimpleData>
		<SimpleData name="bioma">Cerrado</SimpleData>
		<SimpleData name="datahora">2019/08/16 16:42:00</SimpleData>
		<SimpleData name="diasemchuv">22</SimpleData>
		<SimpleData name="pais">Brasil</SimpleData>
		<SimpleData name="areaproteg">PARNA DA CHAPADA DOS GUIMARAES</SimpleData>
	</SchemaData></ExtendedData>
      <Point><coordinates>-55.8312984331346,-15.2929017591906</coordinates></Point>
  </Placemark>
  <Placemark>
	<ExtendedData><SchemaData schemaUrl="#focos_inpe">
		<SimpleData name="estado">MATO GROSSO</SimpleData>
		<SimpleData name="riscofogo">1.0</SimpleData>
		<SimpleData name="frp">5.800</SimpleData>
		<SimpleData name="municipio">CHAPADA DOS GUIMARAES</SimpleData>
		<SimpleData name="precipitac">0.0</SimpleData>
		<SimpleData name="satelite">NPP-375</SimpleData>
		<SimpleData name="bioma">Cerrado</SimpleData>
		<SimpleData name="datahora">2019/08/16 16:42:00</SimpleData>
		<SimpleData name="diasemchuv">22</SimpleData>
		<SimpleData name="pais">Brasil</SimpleData>
		<SimpleData name="areaproteg">PARNA DA CHAPADA DOS GUIMARAES</SimpleData>
	</SchemaData></ExtendedData>
      <Point><coordinates>-55.8326985908654,-15.2922016803252</coordinates></Point>
  </Placemark>
  <Placemark>
	<ExtendedData><SchemaData schemaUrl="#focos_inpe">
		<SimpleData name="estado">MATO GROSSO</SimpleData>
		<SimpleData name="riscofogo">1.0</SimpleData>
		<SimpleData name="frp">9.100</SimpleData>
		<SimpleData name="municipio">CHAPADA DOS GUIMARAES</SimpleData>
		<SimpleData name="precipitac">0.0</SimpleData>
		<SimpleData name="satelite">NPP-375</SimpleData>
		<SimpleData name="bioma">Cerrado</SimpleData>
		<SimpleData name="datahora">2019/08/16 16:42:00</SimpleData>
		<SimpleData name="diasemchuv">22</SimpleData>
		<SimpleData name="pais">Brasil</SimpleData>
		<SimpleData name="areaproteg">PARNA DA CHAPADA DOS GUIMARAES</SimpleData>
	</SchemaData></ExtendedData>
      <Point><coordinates>-55.820899809478,-15.297102232383</coordinates></Point>
  </Placemark>
  <Placemark>
	<ExtendedData><SchemaData schemaUrl="#focos_inpe">
		<SimpleData name="estado">MATO GROSSO</SimpleData>
		<SimpleData name="riscofogo">1.0</SimpleData>
		<SimpleData name="frp">3.200</SimpleData>
		<SimpleData name="municipio">CHAPADA DOS GUIMARAES</SimpleData>
		<SimpleData name="precipitac">0.0</SimpleData>
		<SimpleData name="satelite">NPP-375</SimpleData>
		<SimpleData name="bioma">Cerrado</SimpleData>
		<SimpleData name="datahora">2019/08/16 16:42:00</SimpleData>
		<SimpleData name="diasemchuv">22</SimpleData>
		<SimpleData name="pais">Brasil</SimpleData>
		<SimpleData name="areaproteg">PARNA DA CHAPADA DOS GUIMARAES</SimpleData>
	</SchemaData></ExtendedData>
      <Point><coordinates>-55.8391018599781,-15.2929998594138</coordinates></Point>
  </Placemark>
  <Placemark>
	<ExtendedData><SchemaData schemaUrl="#focos_inpe">
		<SimpleData name="estado">MATO GROSSO</SimpleData>
		<SimpleData name="riscofogo">1.0</SimpleData>
		<SimpleData name="frp">10.000</SimpleData>
		<SimpleData name="municipio">CHAPADA DOS GUIMARAES</SimpleData>
		<SimpleData name="precipitac">0.0</SimpleData>
		<SimpleData name="satelite">NPP-375</SimpleData>
		<SimpleData name="bioma">Cerrado</SimpleData>
		<SimpleData name="datahora">2019/08/16 16:42:00</SimpleData>
		<SimpleData name="diasemchuv">22</SimpleData>
		<SimpleData name="pais">Brasil</SimpleData>
		<SimpleData name="areaproteg">PARNA DA CHAPADA DOS GUIMARAES</SimpleData>
	</SchemaData></ExtendedData>
      <Point><coordinates>-55.8255016017651,-15.2965983539639</coordinates></Point>
  </Placemark>
  <Placemark>
	<ExtendedData><SchemaData schemaUrl="#focos_inpe">
		<SimpleData name="estado">MATO GROSSO</SimpleData>
		<SimpleData name="riscofogo">1.0</SimpleData>
		<SimpleData name="frp">3.200</SimpleData>
		<SimpleData name="municipio">CHAPADA DOS GUIMARAES</SimpleData>
		<SimpleData name="precipitac">0.0</SimpleData>
		<SimpleData name="satelite">NPP-375</SimpleData>
		<SimpleData name="bioma">Cerrado</SimpleData>
		<SimpleData name="datahora">2019/08/16 16:42:00</SimpleData>
		<SimpleData name="diasemchuv">22</SimpleData>
		<SimpleData name="pais">Brasil</SimpleData>
		<SimpleData name="areaproteg">PARNA DA CHAPADA DOS GUIMARAES</SimpleData>
	</SchemaData></ExtendedData>
      <Point><coordinates>-55.8384998813359,-15.2981991712421</coordinates></Point>
  </Placemark>
  <Placemark>
	<ExtendedData><SchemaData schemaUrl="#focos_inpe">
		<SimpleData name="estado">MATO GROSSO</SimpleData>
		<SimpleData name="riscofogo">1.0</SimpleData>
		<SimpleData name="frp">6.000</SimpleData>
		<SimpleData name="municipio">CHAPADA DOS GUIMARAES</SimpleData>
		<SimpleData name="precipitac">0.0</SimpleData>
		<SimpleData name="satelite">NPP-375</SimpleData>
		<SimpleData name="bioma">Cerrado</SimpleData>
		<SimpleData name="datahora">2019/08/16 16:42:00</SimpleData>
		<SimpleData name="diasemchuv">22</SimpleData>
		<SimpleData name="pais">Brasil</SimpleData>
		<SimpleData name="areaproteg">PARNA DA CHAPADA DOS GUIMARAES</SimpleData>
	</SchemaData></ExtendedData>
      <Point><coordinates>-55.834500067691,-15.2932986191844</coordinates></Point>
  </Placemark>
  <Placemark>
	<ExtendedData><SchemaData schemaUrl="#focos_inpe">
		<SimpleData name="estado">MATO GROSSO</SimpleData>
		<SimpleData name="riscofogo">1.0</SimpleData>
		<SimpleData name="frp">9.700</SimpleData>
		<SimpleData name="municipio">CUIABA</SimpleData>
		<SimpleData name="precipitac">0.0</SimpleData>
		<SimpleData name="satelite">NPP-375</SimpleData>
		<SimpleData name="bioma">Cerrado</SimpleData>
		<SimpleData name="datahora">2019/07/06 17:48:00</SimpleData>
		<SimpleData name="diasemchuv">53</SimpleData>
		<SimpleData name="pais">Brasil</SimpleData>
		<SimpleData name="areaproteg">PARNA DA CHAPADA DOS GUIMARAES</SimpleData>
	</SchemaData></ExtendedData>
      <Point><coordinates>-55.9683979541238,-15.3547985409135</coordinates></Point>
  </Placemark>
  <Placemark>
	<ExtendedData><SchemaData schemaUrl="#focos_inpe">
		<SimpleData name="estado">MATO GROSSO</SimpleData>
		<SimpleData name="riscofogo">1.0</SimpleData>
		<SimpleData name="frp">4.800</SimpleData>
		<SimpleData name="municipio">CHAPADA DOS GUIMARAES</SimpleData>
		<SimpleData name="precipitac">0.0</SimpleData>
		<SimpleData name="satelite">AQUA_M-M</SimpleData>
		<SimpleData name="bioma">Cerrado</SimpleData>
		<SimpleData name="datahora">2019/08/13 05:05:00</SimpleData>
		<SimpleData name="diasemchuv">19</SimpleData>
		<SimpleData name="pais">Brasil</SimpleData>
		<SimpleData name="areaproteg">PARNA DA CHAPADA DOS GUIMARAES</SimpleData>
	</SchemaData></ExtendedData>
      <Point><coordinates>-55.8420002756629,-15.278998282106</coordinates></Point>
  </Placemark>
  <Placemark>
	<ExtendedData><SchemaData schemaUrl="#focos_inpe">
		<SimpleData name="estado">MATO GROSSO</SimpleData>
		<SimpleData name="riscofogo">1.0</SimpleData>
		<SimpleData name="frp">4.400</SimpleData>
		<SimpleData name="municipio">CHAPADA DOS GUIMARAES</SimpleData>
		<SimpleData name="precipitac">0.0</SimpleData>
		<SimpleData name="satelite">AQUA_M-M</SimpleData>
		<SimpleData name="bioma">Cerrado</SimpleData>
		<SimpleData name="datahora">2019/08/13 05:05:00</SimpleData>
		<SimpleData name="diasemchuv">19</SimpleData>
		<SimpleData name="pais">Brasil</SimpleData>
		<SimpleData name="areaproteg">PARNA DA CHAPADA DOS GUIMARAES</SimpleData>
	</SchemaData></ExtendedData>
      <Point><coordinates>-55.8440024120359,-15.2869979093958</coordinates></Point>
  </Placemark>
  <Placemark>
	<ExtendedData><SchemaData schemaUrl="#focos_inpe">
		<SimpleData name="estado">MATO GROSSO</SimpleData>
		<SimpleData name="riscofogo">1.0</SimpleData>
		<SimpleData name="frp">23.800</SimpleData>
		<SimpleData name="municipio">CHAPADA DOS GUIMARAES</SimpleData>
		<SimpleData name="precipitac">0.0</SimpleData>
		<SimpleData name="satelite">AQUA_M-T</SimpleData>
		<SimpleData name="bioma">Cerrado</SimpleData>
		<SimpleData name="datahora">2019/08/13 17:20:00</SimpleData>
		<SimpleData name="diasemchuv">18</SimpleData>
		<SimpleData name="pais">Brasil</SimpleData>
		<SimpleData name="areaproteg">PARNA DA CHAPADA DOS GUIMARAES</SimpleData>
	</SchemaData></ExtendedData>
      <Point><coordinates>-55.830999673364,-15.2549994002363</coordinates></Point>
  </Placemark>
  <Placemark>
	<ExtendedData><SchemaData schemaUrl="#focos_inpe">
		<SimpleData name="estado">MATO GROSSO</SimpleData>
		<SimpleData name="riscofogo">1.0</SimpleData>
		<SimpleData name="frp">50.900</SimpleData>
		<SimpleData name="municipio">CHAPADA DOS GUIMARAES</SimpleData>
		<SimpleData name="precipitac">0.0</SimpleData>
		<SimpleData name="satelite">AQUA_M-T</SimpleData>
		<SimpleData name="bioma">Cerrado</SimpleData>
		<SimpleData name="datahora">2019/08/13 17:20:00</SimpleData>
		<SimpleData name="diasemchuv">18</SimpleData>
		<SimpleData name="pais">Brasil</SimpleData>
		<SimpleData name="areaproteg">PARNA DA CHAPADA DOS GUIMARAES</SimpleData>
	</SchemaData></ExtendedData>
      <Point><coordinates>-55.8629981825235,-15.2489974502184</coordinates></Point>
  </Placemark>
  <Placemark>
	<ExtendedData><SchemaData schemaUrl="#focos_inpe">
		<SimpleData name="estado">MATO GROSSO</SimpleData>
		<SimpleData name="riscofogo">1.0</SimpleData>
		<SimpleData name="frp">18.800</SimpleData>
		<SimpleData name="municipio">CHAPADA DOS GUIMARAES</SimpleData>
		<SimpleData name="precipitac">0.0</SimpleData>
		<SimpleData name="satelite">AQUA_M-T</SimpleData>
		<SimpleData name="bioma">Cerrado</SimpleData>
		<SimpleData name="datahora">2019/08/13 17:20:00</SimpleData>
		<SimpleData name="diasemchuv">18</SimpleData>
		<SimpleData name="pais">Brasil</SimpleData>
		<SimpleData name="areaproteg">PARNA DA CHAPADA DOS GUIMARAES</SimpleData>
	</SchemaData></ExtendedData>
      <Point><coordinates>-55.8410014370269,-15.2559982388723</coordinates></Point>
  </Placemark>
  <Placemark>
	<ExtendedData><SchemaData schemaUrl="#focos_inpe">
		<SimpleData name="estado">MATO GROSSO</SimpleData>
		<SimpleData name="riscofogo">1.0</SimpleData>
		<SimpleData name="frp">42.000</SimpleData>
		<SimpleData name="municipio">CHAPADA DOS GUIMARAES</SimpleData>
		<SimpleData name="precipitac">0.0</SimpleData>
		<SimpleData name="satelite">AQUA_M-T</SimpleData>
		<SimpleData name="bioma">Cerrado</SimpleData>
		<SimpleData name="datahora">2019/08/13 17:20:00</SimpleData>
		<SimpleData name="diasemchuv">18</SimpleData>
		<SimpleData name="pais">Brasil</SimpleData>
		<SimpleData name="areaproteg">PARNA DA CHAPADA DOS GUIMARAES</SimpleData>
	</SchemaData></ExtendedData>
      <Point><coordinates>-55.830000834728,-15.2639978661622</coordinates></Point>
  </Placemark>
  <Placemark>
	<ExtendedData><SchemaData schemaUrl="#focos_inpe">
		<SimpleData name="estado">MATO GROSSO</SimpleData>
		<SimpleData name="riscofogo">1.0</SimpleData>
		<SimpleData name="frp">21.500</SimpleData>
		<SimpleData name="municipio">CHAPADA DOS GUIMARAES</SimpleData>
		<SimpleData name="precipitac">0.0</SimpleData>
		<SimpleData name="satelite">AQUA_M-T</SimpleData>
		<SimpleData name="bioma">Cerrado</SimpleData>
		<SimpleData name="datahora">2019/08/13 17:20:00</SimpleData>
		<SimpleData name="diasemchuv">18</SimpleData>
		<SimpleData name="pais">Brasil</SimpleData>
		<SimpleData name="areaproteg">PARNA DA CHAPADA DOS GUIMARAES</SimpleData>
	</SchemaData></ExtendedData>
      <Point><coordinates>-55.8530008779617,-15.2479986115824</coordinates></Point>
  </Placemark>
  <Placemark>
	<ExtendedData><SchemaData schemaUrl="#focos_inpe">
		<SimpleData name="estado">MATO GROSSO</SimpleData>
		<SimpleData name="riscofogo">1.0</SimpleData>
		<SimpleData name="frp">55.600</SimpleData>
		<SimpleData name="municipio">CHAPADA DOS GUIMARAES</SimpleData>
		<SimpleData name="precipitac">0.0</SimpleData>
		<SimpleData name="satelite">AQUA_M-T</SimpleData>
		<SimpleData name="bioma">Cerrado</SimpleData>
		<SimpleData name="datahora">2019/08/13 17:20:00</SimpleData>
		<SimpleData name="diasemchuv">18</SimpleData>
		<SimpleData name="pais">Brasil</SimpleData>
		<SimpleData name="areaproteg">PARNA DA CHAPADA DOS GUIMARAES</SimpleData>
	</SchemaData></ExtendedData>
      <Point><coordinates>-55.8399981392899,-15.2650011638992</coordinates></Point>
  </Placemark>
  <Placemark>
	<ExtendedData><SchemaData schemaUrl="#focos_inpe">
		<SimpleData name="estado">MATO GROSSO</SimpleData>
		<SimpleData name="riscofogo">1.0</SimpleData>
		<SimpleData name="frp">23.000</SimpleData>
		<SimpleData name="municipio">CHAPADA DOS GUIMARAES</SimpleData>
		<SimpleData name="precipitac">0.0</SimpleData>
		<SimpleData name="satelite">AQUA_M-T</SimpleData>
		<SimpleData name="bioma">Cerrado</SimpleData>
		<SimpleData name="datahora">2019/08/13 17:20:00</SimpleData>
		<SimpleData name="diasemchuv">19</SimpleData>
		<SimpleData name="pais">Brasil</SimpleData>
		<SimpleData name="areaproteg">PARNA DA CHAPADA DOS GUIMARAES</SimpleData>
	</SchemaData></ExtendedData>
      <Point><coordinates>-55.8469989279438,-15.2850002321239</coordinates></Point>
  </Placemark>
  <Placemark>
	<ExtendedData><SchemaData schemaUrl="#focos_inpe">
		<SimpleData name="estado">MATO GROSSO</SimpleData>
		<SimpleData name="riscofogo">1.0</SimpleData>
		<SimpleData name="frp">14.400</SimpleData>
		<SimpleData name="municipio">CHAPADA DOS GUIMARAES</SimpleData>
		<SimpleData name="precipitac">0.0</SimpleData>
		<SimpleData name="satelite">AQUA_M-T</SimpleData>
		<SimpleData name="bioma">Cerrado</SimpleData>
		<SimpleData name="datahora">2019/08/13 17:20:00</SimpleData>
		<SimpleData name="diasemchuv">19</SimpleData>
		<SimpleData name="pais">Brasil</SimpleData>
		<SimpleData name="areaproteg">PARNA DA CHAPADA DOS GUIMARAES</SimpleData>
	</SchemaData></ExtendedData>
      <Point><coordinates>-55.8739987848224,-15.2420011206655</coordinates></Point>
  </Placemark>
  <Placemark>
	<ExtendedData><SchemaData schemaUrl="#focos_inpe">
		<SimpleData name="estado">MATO GROSSO</SimpleData>
		<SimpleData name="riscofogo">1.0</SimpleData>
		<SimpleData name="frp">28.500</SimpleData>
		<SimpleData name="municipio">CHAPADA DOS GUIMARAES</SimpleData>
		<SimpleData name="precipitac">0.0</SimpleData>
		<SimpleData name="satelite">AQUA_M-T</SimpleData>
		<SimpleData name="bioma">Cerrado</SimpleData>
		<SimpleData name="datahora">2019/08/13 17:20:00</SimpleData>
		<SimpleData name="diasemchuv">19</SimpleData>
		<SimpleData name="pais">Brasil</SimpleData>
		<SimpleData name="areaproteg">PARNA DA CHAPADA DOS GUIMARAES</SimpleData>
	</SchemaData></ExtendedData>
      <Point><coordinates>-55.8709978098134,-15.2599980525172</coordinates></Point>
  </Placemark>
  <Placemark>
	<ExtendedData><SchemaData schemaUrl="#focos_inpe">
		<SimpleData name="estado">MATO GROSSO</SimpleData>
		<SimpleData name="riscofogo">1.0</SimpleData>
		<SimpleData name="frp">52.900</SimpleData>
		<SimpleData name="municipio">CHAPADA DOS GUIMARAES</SimpleData>
		<SimpleData name="precipitac">0.0</SimpleData>
		<SimpleData name="satelite">AQUA_M-T</SimpleData>
		<SimpleData name="bioma">Cerrado</SimpleData>
		<SimpleData name="datahora">2019/08/15 17:05:00</SimpleData>
		<SimpleData name="diasemchuv">21</SimpleData>
		<SimpleData name="pais">Brasil</SimpleData>
		<SimpleData name="areaproteg">PARNA DA CHAPADA DOS GUIMARAES</SimpleData>
	</SchemaData></ExtendedData>
      <Point><coordinates>-55.834999487009,-15.2960008344228</coordinates></Point>
  </Placemark>
  <Placemark>
	<ExtendedData><SchemaData schemaUrl="#focos_inpe">
		<SimpleData name="estado">MATO GROSSO</SimpleData>
		<SimpleData name="riscofogo">1.0</SimpleData>
		<SimpleData name="frp">250.500</SimpleData>
		<SimpleData name="municipio">CHAPADA DOS GUIMARAES</SimpleData>
		<SimpleData name="precipitac">0.0</SimpleData>
		<SimpleData name="satelite">AQUA_M-T</SimpleData>
		<SimpleData name="bioma">Cerrado</SimpleData>
		<SimpleData name="datahora">2019/08/15 17:05:00</SimpleData>
		<SimpleData name="diasemchuv">21</SimpleData>
		<SimpleData name="pais">Brasil</SimpleData>
		<SimpleData name="areaproteg">PARNA DA CHAPADA DOS GUIMARAES</SimpleData>
	</SchemaData></ExtendedData>
      <Point><coordinates>-55.8499999029527,-15.2979985116947</coordinates></Point>
  </Placemark>
  <Placemark>
	<ExtendedData><SchemaData schemaUrl="#focos_inpe">
		<SimpleData name="estado">MATO GROSSO</SimpleData>
		<SimpleData name="riscofogo">1.0</SimpleData>
		<SimpleData name="frp">161.000</SimpleData>
		<SimpleData name="municipio">CHAPADA DOS GUIMARAES</SimpleData>
		<SimpleData name="precipitac">0.0</SimpleData>
		<SimpleData name="satelite">AQUA_M-T</SimpleData>
		<SimpleData name="bioma">Cerrado</SimpleData>
		<SimpleData name="datahora">2019/08/16 17:50:00</SimpleData>
		<SimpleData name="diasemchuv">21</SimpleData>
		<SimpleData name="pais">Brasil</SimpleData>
		<SimpleData name="areaproteg">PARNA DA CHAPADA DOS GUIMARAES</SimpleData>
	</SchemaData></ExtendedData>
      <Point><coordinates>-55.8170025551572,-15.2859990707599</coordinates></Point>
  </Placemark>
  <Placemark>
	<ExtendedData><SchemaData schemaUrl="#focos_inpe">
		<SimpleData name="estado">MATO GROSSO</SimpleData>
		<SimpleData name="riscofogo">1.0</SimpleData>
		<SimpleData name="frp">54.000</SimpleData>
		<SimpleData name="municipio">CHAPADA DOS GUIMARAES</SimpleData>
		<SimpleData name="precipitac">0.0</SimpleData>
		<SimpleData name="satelite">AQUA_M-T</SimpleData>
		<SimpleData name="bioma">Cerrado</SimpleData>
		<SimpleData name="datahora">2019/08/16 17:50:00</SimpleData>
		<SimpleData name="diasemchuv">21</SimpleData>
		<SimpleData name="pais">Brasil</SimpleData>
		<SimpleData name="areaproteg">PARNA DA CHAPADA DOS GUIMARAES</SimpleData>
	</SchemaData></ExtendedData>
      <Point><coordinates>-55.8089984687663,-15.2880012071329</coordinates></Point>
  </Placemark>
  <Placemark>
	<ExtendedData><SchemaData schemaUrl="#focos_inpe">
		<SimpleData name="estado">MATO GROSSO</SimpleData>
		<SimpleData name="riscofogo">1.0</SimpleData>
		<SimpleData name="frp">132.400</SimpleData>
		<SimpleData name="municipio">CHAPADA DOS GUIMARAES</SimpleData>
		<SimpleData name="precipitac">0.0</SimpleData>
		<SimpleData name="satelite">AQUA_M-T</SimpleData>
		<SimpleData name="bioma">Cerrado</SimpleData>
		<SimpleData name="datahora">2019/08/16 17:50:00</SimpleData>
		<SimpleData name="diasemchuv">22</SimpleData>
		<SimpleData name="pais">Brasil</SimpleData>
		<SimpleData name="areaproteg">PARNA DA CHAPADA DOS GUIMARAES</SimpleData>
	</SchemaData></ExtendedData>
      <Point><coordinates>-55.8359983256449,-15.2890000457688</coordinates></Point>
  </Placemark>
  <Placemark>
	<ExtendedData><SchemaData schemaUrl="#focos_inpe">
		<SimpleData name="estado">MATO GROSSO</SimpleData>
		<SimpleData name="riscofogo">1.0</SimpleData>
		<SimpleData name="frp">27.700</SimpleData>
		<SimpleData name="municipio">CHAPADA DOS GUIMARAES</SimpleData>
		<SimpleData name="precipitac">0.0</SimpleData>
		<SimpleData name="satelite">AQUA_M-T</SimpleData>
		<SimpleData name="bioma">Cerrado</SimpleData>
		<SimpleData name="datahora">2019/08/16 17:50:00</SimpleData>
		<SimpleData name="diasemchuv">22</SimpleData>
		<SimpleData name="pais">Brasil</SimpleData>
		<SimpleData name="areaproteg">PARNA DA CHAPADA DOS GUIMARAES</SimpleData>
	</SchemaData></ExtendedData>
      <Point><coordinates>-55.8150004187843,-15.2990018094317</coordinates></Point>
  </Placemark>
  <Placemark>
	<ExtendedData><SchemaData schemaUrl="#focos_inpe">
		<SimpleData name="estado">MATO GROSSO</SimpleData>
		<SimpleData name="riscofogo">1.0</SimpleData>
		<SimpleData name="frp">278.600</SimpleData>
		<SimpleData name="municipio">CHAPADA DOS GUIMARAES</SimpleData>
		<SimpleData name="precipitac">0.0</SimpleData>
		<SimpleData name="satelite">AQUA_M-T</SimpleData>
		<SimpleData name="bioma">Cerrado</SimpleData>
		<SimpleData name="datahora">2019/08/16 17:50:00</SimpleData>
		<SimpleData name="diasemchuv">22</SimpleData>
		<SimpleData name="pais">Brasil</SimpleData>
		<SimpleData name="areaproteg">PARNA DA CHAPADA DOS GUIMARAES</SimpleData>
	</SchemaData></ExtendedData>
      <Point><coordinates>-55.827998698355,-15.2920010207778</coordinates></Point>
  </Placemark>
  <Placemark>
	<ExtendedData><SchemaData schemaUrl="#focos_inpe">
		<SimpleData name="estado">MATO GROSSO</SimpleData>
		<SimpleData name="riscofogo">1.0</SimpleData>
		<SimpleData name="frp">0.000</SimpleData>
		<SimpleData name="municipio">CUIABA</SimpleData>
		<SimpleData name="precipitac">0.0</SimpleData>
		<SimpleData name="satelite">NOAA-18D</SimpleData>
		<SimpleData name="bioma">Cerrado</SimpleData>
		<SimpleData name="datahora">2019/08/10 01:17:02</SimpleData>
		<SimpleData name="diasemchuv">18</SimpleData>
		<SimpleData name="pais">Brasil</SimpleData>
		<SimpleData name="areaproteg">PARNA DA CHAPADA DOS GUIMARAES</SimpleData>
	</SchemaData></ExtendedData>
      <Point><coordinates>-55.8680012939055,-15.3340993938234</coordinates></Point>
  </Placemark>
  <Placemark>
	<ExtendedData><SchemaData schemaUrl="#focos_inpe">
		<SimpleData name="estado">MATO GROSSO</SimpleData>
		<SimpleData name="riscofogo">1.0</SimpleData>
		<SimpleData name="frp">0.000</SimpleData>
		<SimpleData name="municipio">CUIABA</SimpleData>
		<SimpleData name="precipitac">0.0</SimpleData>
		<SimpleData name="satelite">NOAA-18D</SimpleData>
		<SimpleData name="bioma">Cerrado</SimpleData>
		<SimpleData name="datahora">2019/08/13 00:41:47</SimpleData>
		<SimpleData name="diasemchuv">20</SimpleData>
		<SimpleData name="pais">Brasil</SimpleData>
		<SimpleData name="areaproteg">PARNA DA CHAPADA DOS GUIMARAES</SimpleData>
	</SchemaData></ExtendedData>
      <Point><coordinates>-55.8718985482262,-15.3145997449167</coordinates></Point>
  </Placemark>
  <Placemark>
	<ExtendedData><SchemaData schemaUrl="#focos_inpe">
		<SimpleData name="estado">MATO GROSSO</SimpleData>
		<SimpleData name="riscofogo">1.0</SimpleData>
		<SimpleData name="frp">0.000</SimpleData>
		<SimpleData name="municipio">CUIABA</SimpleData>
		<SimpleData name="precipitac">0.0</SimpleData>
		<SimpleData name="satelite">NOAA-18D</SimpleData>
		<SimpleData name="bioma">Cerrado</SimpleData>
		<SimpleData name="datahora">2019/08/13 00:41:47</SimpleData>
		<SimpleData name="diasemchuv">20</SimpleData>
		<SimpleData name="pais">Brasil</SimpleData>
		<SimpleData name="areaproteg">PARNA DA CHAPADA DOS GUIMARAES</SimpleData>
	</SchemaData></ExtendedData>
      <Point><coordinates>-55.8644964404775,-15.3134002467333</coordinates></Point>
  </Placemark>
  <Placemark>
	<ExtendedData><SchemaData schemaUrl="#focos_inpe">
		<SimpleData name="estado">MATO GROSSO</SimpleData>
		<SimpleData name="riscofogo">1.0</SimpleData>
		<SimpleData name="frp">0.000</SimpleData>
		<SimpleData name="municipio">CUIABA</SimpleData>
		<SimpleData name="precipitac">0.0</SimpleData>
		<SimpleData name="satelite">NOAA-18D</SimpleData>
		<SimpleData name="bioma">Cerrado</SimpleData>
		<SimpleData name="datahora">2019/08/13 00:41:47</SimpleData>
		<SimpleData name="diasemchuv">21</SimpleData>
		<SimpleData name="pais">Brasil</SimpleData>
		<SimpleData name="areaproteg">PARNA DA CHAPADA DOS GUIMARAES</SimpleData>
	</SchemaData></ExtendedData>
      <Point><coordinates>-55.8620974441107,-15.3230987915245</coordinates></Point>
  </Placemark>
  <Placemark>
	<ExtendedData><SchemaData schemaUrl="#focos_inpe">
		<SimpleData name="estado">MATO GROSSO</SimpleData>
		<SimpleData name="riscofogo">1.0</SimpleData>
		<SimpleData name="frp">0.000</SimpleData>
		<SimpleData name="municipio">CHAPADA DOS GUIMARAES</SimpleData>
		<SimpleData name="precipitac">0.0</SimpleData>
		<SimpleData name="satelite">NOAA-19D</SimpleData>
		<SimpleData name="bioma">Cerrado</SimpleData>
		<SimpleData name="datahora">2019/08/10 08:43:14</SimpleData>
		<SimpleData name="diasemchuv">15</SimpleData>
		<SimpleData name="pais">Brasil</SimpleData>
		<SimpleData name="areaproteg">PARNA DA CHAPADA DOS GUIMARAES</SimpleData>
	</SchemaData></ExtendedData>
      <Point><coordinates>-55.8250021824471,-15.2601006118415</coordinates></Point>
  </Placemark>
  <Placemark>
	<ExtendedData><SchemaData schemaUrl="#focos_inpe">
		<SimpleData name="estado">MATO GROSSO</SimpleData>
		<SimpleData name="riscofogo">1.0</SimpleData>
		<SimpleData name="frp">0.000</SimpleData>
		<SimpleData name="municipio">CHAPADA DOS GUIMARAES</SimpleData>
		<SimpleData name="precipitac">0.0</SimpleData>
		<SimpleData name="satelite">NOAA-19D</SimpleData>
		<SimpleData name="bioma">Cerrado</SimpleData>
		<SimpleData name="datahora">2019/08/10 08:43:14</SimpleData>
		<SimpleData name="diasemchuv">15</SimpleData>
		<SimpleData name="pais">Brasil</SimpleData>
		<SimpleData name="areaproteg">PARNA DA CHAPADA DOS GUIMARAES</SimpleData>
	</SchemaData></ExtendedData>
      <Point><coordinates>-55.8174038742521,-15.2613001100248</coordinates></Point>
  </Placemark>
  <Placemark>
	<ExtendedData><SchemaData schemaUrl="#focos_inpe">
		<SimpleData name="estado">MATO GROSSO</SimpleData>
		<SimpleData name="riscofogo">1.0</SimpleData>
		<SimpleData name="frp">10.800</SimpleData>
		<SimpleData name="municipio">CHAPADA DOS GUIMARAES</SimpleData>
		<SimpleData name="precipitac">0.0</SimpleData>
		<SimpleData name="satelite">TERRA_M-M</SimpleData>
		<SimpleData name="bioma">Cerrado</SimpleData>
		<SimpleData name="datahora">2019/08/16 02:30:00</SimpleData>
		<SimpleData name="diasemchuv">22</SimpleData>
		<SimpleData name="pais">Brasil</SimpleData>
		<SimpleData name="areaproteg">PARNA DA CHAPADA DOS GUIMARAES</SimpleData>
	</SchemaData></ExtendedData>
      <Point><coordinates>-55.8199990710652,-15.3040004617126</coordinates></Point>
  </Placemark>
  <Placemark>
	<ExtendedData><SchemaData schemaUrl="#focos_inpe">
		<SimpleData name="estado">MATO GROSSO</SimpleData>
		<SimpleData name="riscofogo">1.0</SimpleData>
		<SimpleData name="frp">7.300</SimpleData>
		<SimpleData name="municipio">CHAPADA DOS GUIMARAES</SimpleData>
		<SimpleData name="precipitac">0.0</SimpleData>
		<SimpleData name="satelite">TERRA_M-M</SimpleData>
		<SimpleData name="bioma">Cerrado</SimpleData>
		<SimpleData name="datahora">2019/08/16 02:30:00</SimpleData>
		<SimpleData name="diasemchuv">22</SimpleData>
		<SimpleData name="pais">Brasil</SimpleData>
		<SimpleData name="areaproteg">PARNA DA CHAPADA DOS GUIMARAES</SimpleData>
	</SchemaData></ExtendedData>
      <Point><coordinates>-55.8260010210831,-15.3049993003486</coordinates></Point>
  </Placemark>
  <Placemark>
	<ExtendedData><SchemaData schemaUrl="#focos_inpe">
		<SimpleData name="estado">MATO GROSSO</SimpleData>
		<SimpleData name="riscofogo">1.0</SimpleData>
		<SimpleData name="frp">42.400</SimpleData>
		<SimpleData name="municipio">CHAPADA DOS GUIMARAES</SimpleData>
		<SimpleData name="precipitac">0.0</SimpleData>
		<SimpleData name="satelite">TERRA_M-T</SimpleData>
		<SimpleData name="bioma">Cerrado</SimpleData>
		<SimpleData name="datahora">2019/08/12 13:50:00</SimpleData>
		<SimpleData name="diasemchuv">17</SimpleData>
		<SimpleData name="pais">Brasil</SimpleData>
		<SimpleData name="areaproteg">PARNA DA CHAPADA DOS GUIMARAES</SimpleData>
	</SchemaData></ExtendedData>
      <Point><coordinates>-55.8440024120359,-15.2690009775441</coordinates></Point>
  </Placemark>
  <Placemark>
	<ExtendedData><SchemaData schemaUrl="#focos_inpe">
		<SimpleData name="estado">MATO GROSSO</SimpleData>
		<SimpleData name="riscofogo">1.0</SimpleData>
		<SimpleData name="frp">13.100</SimpleData>
		<SimpleData name="municipio">CUIABA</SimpleData>
		<SimpleData name="precipitac">0.0</SimpleData>
		<SimpleData name="satelite">TERRA_M-T</SimpleData>
		<SimpleData name="bioma">Cerrado</SimpleData>
		<SimpleData name="datahora">2019/08/10 14:00:00</SimpleData>
		<SimpleData name="diasemchuv">18</SimpleData>
		<SimpleData name="pais">Brasil</SimpleData>
		<SimpleData name="areaproteg">PARNA DA CHAPADA DOS GUIMARAES</SimpleData>
	</SchemaData></ExtendedData>
      <Point><coordinates>-55.9360025849706,-15.3540003618249</coordinates></Point>
  </Placemark>
  <Placemark>
	<ExtendedData><SchemaData schemaUrl="#focos_inpe">
		<SimpleData name="estado">MATO GROSSO</SimpleData>
		<SimpleData name="riscofogo">1.0</SimpleData>
		<SimpleData name="frp">68.300</SimpleData>
		<SimpleData name="municipio">CUIABA</SimpleData>
		<SimpleData name="precipitac">0.0</SimpleData>
		<SimpleData name="satelite">TERRA_M-T</SimpleData>
		<SimpleData name="bioma">Cerrado</SimpleData>
		<SimpleData name="datahora">2019/08/10 14:00:00</SimpleData>
		<SimpleData name="diasemchuv">18</SimpleData>
		<SimpleData name="pais">Brasil</SimpleData>
		<SimpleData name="areaproteg">PARNA DA CHAPADA DOS GUIMARAES</SimpleData>
	</SchemaData></ExtendedData>
      <Point><coordinates>-55.9450010508964,-15.3519982254519</coordinates></Point>
  </Placemark>
  <Placemark>
	<ExtendedData><SchemaData schemaUrl="#focos_inpe">
		<SimpleData name="estado">MATO GROSSO</SimpleData>
		<SimpleData name="riscofogo">1.0</SimpleData>
		<SimpleData name="frp">14.300</SimpleData>
		<SimpleData name="municipio">CHAPADA DOS GUIMARAES</SimpleData>
		<SimpleData name="precipitac">0.0</SimpleData>
		<SimpleData name="satelite">TERRA_M-T</SimpleData>
		<SimpleData name="bioma">Cerrado</SimpleData>
		<SimpleData name="datahora">2019/08/12 13:50:00</SimpleData>
		<SimpleData name="diasemchuv">18</SimpleData>
		<SimpleData name="pais">Brasil</SimpleData>
		<SimpleData name="areaproteg">PARNA DA CHAPADA DOS GUIMARAES</SimpleData>
	</SchemaData></ExtendedData>
      <Point><coordinates>-55.8600016666156,-15.2880012071329</coordinates></Point>
  </Placemark>
  <Placemark>
	<ExtendedData><SchemaData schemaUrl="#focos_inpe">
		<SimpleData name="estado">MATO GROSSO</SimpleData>
		<SimpleData name="riscofogo">1.0</SimpleData>
		<SimpleData name="frp">28.400</SimpleData>
		<SimpleData name="municipio">CHAPADA DOS GUIMARAES</SimpleData>
		<SimpleData name="precipitac">0.0</SimpleData>
		<SimpleData name="satelite">TERRA_M-T</SimpleData>
		<SimpleData name="bioma">Cerrado</SimpleData>
		<SimpleData name="datahora">2019/08/12 13:50:00</SimpleData>
		<SimpleData name="diasemchuv">18</SimpleData>
		<SimpleData name="pais">Brasil</SimpleData>
		<SimpleData name="areaproteg">PARNA DA CHAPADA DOS GUIMARAES</SimpleData>
	</SchemaData></ExtendedData>
      <Point><coordinates>-55.8460000893078,-15.280001579843</coordinates></Point>
  </Placemark>
  <Placemark>
	<ExtendedData><SchemaData schemaUrl="#focos_inpe">
		<SimpleData name="estado">MATO GROSSO</SimpleData>
		<SimpleData name="riscofogo">1.0</SimpleData>
		<SimpleData name="frp">10.800</SimpleData>
		<SimpleData name="municipio">CUIABA</SimpleData>
		<SimpleData name="precipitac">0.0</SimpleData>
		<SimpleData name="satelite">TERRA_M-T</SimpleData>
		<SimpleData name="bioma">Cerrado</SimpleData>
		<SimpleData name="datahora">2019/08/10 14:00:00</SimpleData>
		<SimpleData name="diasemchuv">19</SimpleData>
		<SimpleData name="pais">Brasil</SimpleData>
		<SimpleData name="areaproteg">PARNA DA CHAPADA DOS GUIMARAES</SimpleData>
	</SchemaData></ExtendedData>
      <Point><coordinates>-55.9659989577571,-15.3399987845171</coordinates></Point>
  </Placemark>
  <Placemark>
	<ExtendedData><SchemaData schemaUrl="#focos_inpe">
		<SimpleData name="estado">MATO GROSSO</SimpleData>
		<SimpleData name="riscofogo">1.0</SimpleData>
		<SimpleData name="frp">10.500</SimpleData>
		<SimpleData name="municipio">CUIABA</SimpleData>
		<SimpleData name="precipitac">0.0</SimpleData>
		<SimpleData name="satelite">TERRA_M-T</SimpleData>
		<SimpleData name="bioma">Cerrado</SimpleData>
		<SimpleData name="datahora">2019/08/10 14:00:00</SimpleData>
		<SimpleData name="diasemchuv">19</SimpleData>
		<SimpleData name="pais">Brasil</SimpleData>
		<SimpleData name="areaproteg">PARNA DA CHAPADA DOS GUIMARAES</SimpleData>
	</SchemaData></ExtendedData>
      <Point><coordinates>-55.9640012804851,-15.3310003185913</coordinates></Point>
  </Placemark>
  <Placemark>
	<ExtendedData><SchemaData schemaUrl="#focos_inpe">
		<SimpleData name="estado">MATO GROSSO</SimpleData>
		<SimpleData name="riscofogo">1.0</SimpleData>
		<SimpleData name="frp">41.900</SimpleData>
		<SimpleData name="municipio">CHAPADA DOS GUIMARAES</SimpleData>
		<SimpleData name="precipitac">0.0</SimpleData>
		<SimpleData name="satelite">TERRA_M-T</SimpleData>
		<SimpleData name="bioma">Cerrado</SimpleData>
		<SimpleData name="datahora">2019/08/16 13:25:00</SimpleData>
		<SimpleData name="diasemchuv">22</SimpleData>
		<SimpleData name="pais">Brasil</SimpleData>
		<SimpleData name="areaproteg">PARNA DA CHAPADA DOS GUIMARAES</SimpleData>
	</SchemaData></ExtendedData>
      <Point><coordinates>-55.8349994870089,-15.2939986980498</coordinates></Point>
  </Placemark>
</Folder>
</Document></kml>
