<?xml version="1.0" encoding="utf-8" ?>
<kml xmlns="http://www.opengis.net/kml/2.2">
<Document id="root_doc">
<Schema name="karipuna" id="karipuna">
	<SimpleField name="timestamp" type="string"></SimpleField>
	<SimpleField name="begin" type="string"></SimpleField>
	<SimpleField name="end" type="string"></SimpleField>
	<SimpleField name="altitudeMode" type="string"></SimpleField>
	<SimpleField name="tessellate" type="int"></SimpleField>
	<SimpleField name="extrude" type="int"></SimpleField>
	<SimpleField name="visibility" type="int"></SimpleField>
	<SimpleField name="drawOrder" type="int"></SimpleField>
	<SimpleField name="icon" type="string"></SimpleField>
	<SimpleField name="gid" type="int"></SimpleField>
	<SimpleField name="terrai_codigo" type="int"></SimpleField>
	<SimpleField name="terrai_nome" type="string"></SimpleField>
	<SimpleField name="etnia_nome" type="string"></SimpleField>
	<SimpleField name="municipio_nome" type="string"></SimpleField>
	<SimpleField name="uf_sigla" type="string"></SimpleField>
	<SimpleField name="superficie_perimetro_ha" type="float"></SimpleField>
	<SimpleField name="fase_ti" type="string"></SimpleField>
	<SimpleField name="modalidade_ti" type="string"></SimpleField>
	<SimpleField name="reestudo_ti" type="string"></SimpleField>
	<SimpleField name="cr" type="string"></SimpleField>
	<SimpleField name="faixa_fronteira" type="string"></SimpleField>
	<SimpleField name="undadm_codigo" type="string"></SimpleField>
	<SimpleField name="undadm_nome" type="string"></SimpleField>
	<SimpleField name="undadm_sigla" type="string"></SimpleField>
	<SimpleField name="dominio_uniao" type="string"></SimpleField>
	<SimpleField name="data_atualizacao" type="string"></SimpleField>
	<SimpleField name="epsg" type="int"></SimpleField>
</Schema>
<Folder><name>karipuna</name>
  <Placemark>
	<Style><LineStyle><color>ff0000ff</color></LineStyle><PolyStyle><fill>0</fill></PolyStyle></Style>
	<ExtendedData><SchemaData schemaUrl="#karipuna">
		<SimpleData name="tessellate">-1</SimpleData>
		<SimpleData name="extrude">0</SimpleData>
		<SimpleData name="visibility">-1</SimpleData>
		<SimpleData name="gid">195</SimpleData>
		<SimpleData name="terrai_codigo">21601</SimpleData>
		<SimpleData name="terrai_nome">Karipuna</SimpleData>
		<SimpleData name="etnia_nome">Karipuna</SimpleData>
		<SimpleData name="municipio_nome">Porto Velho,Nova Mamoré</SimpleData>
		<SimpleData name="uf_sigla">RO</SimpleData>
		<SimpleData name="superficie_perimetro_ha">152929.8599</SimpleData>
		<SimpleData name="fase_ti">Regularizada</SimpleData>
		<SimpleData name="modalidade_ti">Tradicionalmente ocupada</SimpleData>
		<SimpleData name="cr">COORDENACAO REGIONAL DE JI PARANA</SimpleData>
		<SimpleData name="faixa_fronteira">Sim</SimpleData>
		<SimpleData name="undadm_codigo">30202001948</SimpleData>
		<SimpleData name="undadm_nome">COORDENACAO REGIONAL DE JI PARANA</SimpleData>
		<SimpleData name="undadm_sigla">CR-JPR</SimpleData>
		<SimpleData name="dominio_uniao">t</SimpleData>
		<SimpleData name="data_atualizacao">12/11/2018</SimpleData>
		<SimpleData name="epsg">0</SimpleData>
	</SchemaData></ExtendedData>
      <Polygon><outerBoundaryIs><LinearRing><coordinates>-64.400500276991,-10.0865932499034 -64.400621097146,-10.0869656211975 -64.400970916128,-10.0888879802924 -64.40156320004,-10.0909225119473 -64.401565530862,-10.0919460472918 -64.401165790681,-10.0933358544494 -64.401111572828,-10.0939431583517 -64.401258607015,-10.0947119082281 -64.402050828427,-10.0953572955844 -64.402255182688,-10.0956453159505 -64.402840220296,-10.096760672021 -64.403304093948,-10.0972227307302 -64.405174371746,-10.0980815153876 -64.406008610286,-10.0987543850059 -64.406608549188,-10.0995776170603 -64.406786470722,-10.1003534613286 -64.4064723096,-10.1015691267162 -64.405662198929,-10.1027557131537 -64.404701513097,-10.1038330776802 -64.403860124787,-10.1045011531755 -64.403223092511,-10.1051401414228 -64.402792698925,-10.1057741828951 -64.402518242023,-10.1066386728065 -64.402525714172,-10.1072042088638 -64.4029766482,-10.1078774455411 -64.404343135463,-10.1095352349178 -64.404902680194,-10.1106331544984 -64.405541717789,-10.1114395833737 -64.405995703054,-10.1123700384742 -64.406266113513,-10.1134719923047 -64.40650381069,-10.114163493036 -64.406940544936,-10.1148188773573 -64.40795145381,-10.1157566298827 -64.408222259472,-10.1161081017269 -64.409196668306,-10.1179639306147 -64.409285643364,-10.1184054263079 -64.409163204802,-10.1187436600031 -64.408908434221,-10.1189097666512 -64.408135288866,-10.1191408401183 -64.408037973971,-10.1192984921043 -64.40801093602,-10.1195643526605 -64.408078400751,-10.1198443610396 -64.408390742992,-10.1200951988027 -64.409054636868,-10.1204211202358 -64.409202101075,-10.120652408924 -64.409157920542,-10.120836874142 -64.409097782811,-10.1210875870822 -64.408745306674,-10.1215098179183 -64.408077713633,-10.1219465016225 -64.407907116575,-10.1221238180096 -64.407904973594,-10.1222807036567 -64.408140111759,-10.1225503212468 -64.408485542761,-10.1225822934418 -64.408720554066,-10.1227599561589 -64.408543484286,-10.1238586663314 -64.408585014672,-10.1249281371199 -64.408762270544,-10.1254622033032 -64.409518175793,-10.1260644985334 -64.40982944935,-10.1261315191535 -64.410980639252,-10.1265846434407 -64.411390942388,-10.1270732208419 -64.411480316328,-10.127353495191 -64.411565955054,-10.1274479761071 -64.41157335964,-10.1276178390352 -64.411657545824,-10.1277126899552 -64.411717153536,-10.1280094584663 -64.411688855508,-10.1285713476916 -64.411256134827,-10.12944583195 -64.411110633761,-10.1299360744012 -64.410996545998,-10.1300559137133 -64.410850574418,-10.1305226463245 -64.410868662044,-10.1312357009438 -64.410935531335,-10.131565803844 -64.411616457494,-10.1313783331469 -64.411738680288,-10.1314712110079 -64.411817323179,-10.1316546947 -64.411819621406,-10.1321382390312 -64.411418818959,-10.1325292132304 -64.41130413024,-10.1329501505516 -64.411246276387,-10.1329706555946 -64.411074030347,-10.1345859916784 -64.410797655133,-10.1354690306738 -64.410792608455,-10.1357340642909 -64.410978892356,-10.1358468309689 -64.41120320894,-10.1357879106869 -64.411552905162,-10.1355612652658 -64.411951822261,-10.1355930092468 -64.412010992805,-10.1358528874839 -64.411817093414,-10.1369389205935 -64.411879777657,-10.1371878434056 -64.412017508961,-10.1374030781497 -64.412938887881,-10.1374004738627 -64.413184333471,-10.1375195853617 -64.413392205803,-10.1379772895889 -64.41348018876,-10.1386461882362 -64.413457477152,-10.1393563402706 -64.413518750069,-10.1398242624298 -64.413738962177,-10.140263832146 -64.41401866055,-10.1405978085541 -64.415002678056,-10.1407687096132 -64.415933619155,-10.1407387453432 -64.417333224099,-10.1409339766273 -64.41893272351,-10.1415950770696 -64.419573756852,-10.1417326346657 -64.419922497851,-10.1417247066407 -64.420599022907,-10.1413851572275 -64.421330680984,-10.1408006921902 -64.421793623107,-10.140285658446 -64.422031311791,-10.1401968313329 -64.42260478061,-10.140389560169 -64.423112089874,-10.1408501199093 -64.423923563131,-10.1410246350073 -64.424247182039,-10.1415688126176 -64.424285703538,-10.1422316779729 -64.424519255599,-10.1435812350155 -64.424636133782,-10.1439273917287 -64.425188670707,-10.1449566601311 -64.425487984835,-10.1456563658105 -64.426019033203,-10.1463236963258 -64.426587761003,-10.146762010944 -64.427997703055,-10.1473265020612 -64.428385574648,-10.1475811473254 -64.429082786449,-10.1475222336783 -64.429875664729,-10.1472042146052 -64.430360177981,-10.1472332094412 -64.430770016518,-10.1476043984594 -64.430891851759,-10.1479559491545 -64.430906425052,-10.1496546508563 -64.431367525132,-10.1499378150955 -64.431992698472,-10.1499935853885 -64.432228800254,-10.1498553919944 -64.43236006553,-10.1498433389784 -64.432764806888,-10.1495600082023 -64.433062916731,-10.1494719098282 -64.433437561342,-10.1495011916392 -64.433960328391,-10.1499637458125 -64.433997986718,-10.1510220082679 -64.434664639304,-10.1513135824071 -64.434784297398,-10.1514617064192 -64.434869689927,-10.1517429817583 -64.434846429298,-10.1519502267764 -64.434697490409,-10.1520301750494 -64.433362926323,-10.1517798574633 -64.432943119996,-10.1517533935303 -64.43256317917,-10.1519093025704 -64.432458178904,-10.1521222451025 -64.432488253544,-10.1522983340875 -64.432777522407,-10.1525824290957 -64.433768254521,-10.1526731281957 -64.434954698499,-10.153331152037 -64.43536445903,-10.153354582583 -64.435663637466,-10.1530152946569 -64.435873999116,-10.1528952015668 -64.436209972605,-10.1529487073618 -64.437096334863,-10.1537825397912 -64.43764431088,-10.1541246291174 -64.437878239832,-10.1544387050555 -64.437939293699,-10.1545207181756 -64.437922748994,-10.1549442144888 -64.437742452806,-10.1553386803519 -64.437200759738,-10.1559957682282 -64.437325722155,-10.1562067077053 -64.437586056468,-10.1562009511373 -64.437925840843,-10.1560038005893 -64.438403350962,-10.1560552324873 -64.438589068637,-10.1565678071275 -64.437495515907,-10.157669546155 -64.437494293516,-10.1578455930831 -64.437572516862,-10.1579301512141 -64.438045336524,-10.1580548419112 -64.438309107051,-10.1583482658703 -64.4383080681,-10.1586060482035 -64.438141082919,-10.1589976549816 -64.437646557122,-10.1596326544849 -64.437795481626,-10.1601606679882 -64.438231082589,-10.1608999092395 -64.43811774386,-10.1615143404508 -64.437979131325,-10.1615776056178 -64.437938101177,-10.1616882764379 -64.437450484265,-10.1617251359669 -64.437196433118,-10.161953200074 -64.43723411501,-10.1623188591132 -64.437780884586,-10.1629388927445 -64.437986637074,-10.1633172009706 -64.438077938251,-10.1646530780673 -64.43820341147,-10.1649165419134 -64.438458268508,-10.1650926414655 -64.438694154918,-10.1650882601415 -64.438976159833,-10.1647233614333 -64.439246919469,-10.164108966244 -64.439363487361,-10.164054022024 -64.43961165035,-10.164079964733 -64.439771107471,-10.164187674211 -64.439888504051,-10.1649707129374 -64.440229170601,-10.1652530344495 -64.440767551468,-10.1653428941236 -64.441318691938,-10.1651636130455 -64.441409195695,-10.1650562505014 -64.441748075906,-10.1650833355035 -64.441871598698,-10.1652151627955 -64.441932597938,-10.1659152616788 -64.442173224044,-10.1660926855679 -64.442539761264,-10.1661412523189 -64.442985989535,-10.1655026610407 -64.443191749609,-10.1653927122096 -64.443392431305,-10.1654950830386 -64.443611343747,-10.1665468455871 -64.444003596079,-10.1669156454833 -64.444376125734,-10.1668752143763 -64.444699311286,-10.1667398823562 -64.444880153599,-10.1664482138931 -64.445132221964,-10.166225578962 -64.445646044676,-10.166190398668 -64.446443131435,-10.1667017132012 -64.44700714694,-10.1671935302174 -64.447477647908,-10.1673466057625 -64.448038320836,-10.1672880906385 -64.44824696628,-10.1678124559827 -64.44858013409,-10.1681505102719 -64.448901356484,-10.1682914715219 -64.449111394514,-10.1682905422689 -64.449321037507,-10.1682019958339 -64.449453248337,-10.1681028368049 -64.449545244277,-10.1679447589678 -64.44970043449,-10.1679918819228 -64.44983744618,-10.1680931391089 -64.450160522444,-10.1689017530082 -64.450127246769,-10.1692536199934 -64.449821808638,-10.1702883438609 -64.449609451005,-10.170594171153 -64.449178862181,-10.1709951762872 -64.448713916344,-10.1712856644383 -64.448220296053,-10.1714925480444 -64.447877525588,-10.1717775204766 -64.447719753334,-10.1720047151297 -64.447613350573,-10.1725331269489 -64.447670499849,-10.1729835142151 -64.447824708074,-10.1732010070202 -64.448253277054,-10.1735649360954 -64.449158952481,-10.1740267568906 -64.449397528327,-10.1744955026608 -64.449400111354,-10.174886094522 -64.449338189567,-10.1750984823841 -64.44913311187,-10.1752986736572 -64.44864212259,-10.1754211908493 -64.44847314045,-10.1755918327853 -64.448418082303,-10.1760512119705 -64.448677366747,-10.1765384915728 -64.448791997025,-10.177065023897 -64.448560116261,-10.1773525835501 -64.447731434393,-10.1777566126413 -64.447698068729,-10.1780682505795 -64.447843843642,-10.1782761955026 -64.44834258089,-10.1786556346268 -64.448574847902,-10.1790605796559 -64.448602079598,-10.1792909315311 -64.448493191892,-10.1797131158062 -64.44872714995,-10.1805947244807 -64.448413858318,-10.1817109527042 -64.448467820543,-10.1818986906823 -64.448717931712,-10.1820910739874 -64.449385838514,-10.1823806115045 -64.44967266004,-10.1826376611156 -64.449874823004,-10.1831044029778 -64.44984824707,-10.183545118765 -64.449734621824,-10.1838077404472 -64.448406151483,-10.1852815400208 -64.44820079816,-10.1860490969762 -64.44831796432,-10.1863887249724 -64.448676379697,-10.1866745665245 -64.449119513969,-10.1867024437455 -64.449599578945,-10.1866435321695 -64.449970982828,-10.1866722683835 -64.450241957594,-10.1870571445447 -64.450190418834,-10.1881128947402 -64.450253121772,-10.1886582783474 -64.450495947744,-10.1888930991525 -64.451176893672,-10.1889750700776 -64.451468976002,-10.1891427586576 -64.452230792804,-10.189930519038 -64.453503132057,-10.1915386179367 -64.454103698159,-10.192128263506 -64.454334689543,-10.1922477619511 -64.455220019569,-10.1930789045485 -64.458968527512,-10.1958969175748 -64.461748637826,-10.1973332285434 -64.462452515566,-10.1978557561297 -64.462999108566,-10.1987325131071 -64.463175478862,-10.1993007095764 -64.463206979881,-10.2000229937437 -64.463090000254,-10.2003693619609 -64.462721275435,-10.2010491322802 -64.462455371281,-10.2014015887993 -64.461504633734,-10.2023266453098 -64.46127823792,-10.202777931577 -64.461274572974,-10.2029548029221 -64.461457236085,-10.2032217939762 -64.461943054196,-10.2035382446723 -64.462062660874,-10.2037875323385 -64.462120417444,-10.2038034566255 -64.462125627982,-10.2046252273969 -64.461950321773,-10.20499065767 -64.461840513976,-10.2056083308983 -64.461899675842,-10.2058726217954 -64.46209593635,-10.2061778924996 -64.462291426484,-10.2063343405966 -64.462687754207,-10.2063611355627 -64.463263324367,-10.2063036720906 -64.463542383581,-10.2063727617457 -64.463673530468,-10.2066303117098 -64.463456254489,-10.207038518801 -64.463244165023,-10.2072040316571 -64.463161536315,-10.2074572022862 -64.463197043112,-10.2076581318643 -64.463610266761,-10.2076851183983 -64.463949666871,-10.2074576453952 -64.46421334782,-10.2074967009912 -64.464294914964,-10.2079296062024 -64.464183559535,-10.2086073223977 -64.463956013176,-10.209244600853 -64.463972295364,-10.2097318690702 -64.46406164365,-10.2098495519373 -64.464436258089,-10.2097369295302 -64.464829836291,-10.2093607479461 -64.465061349744,-10.2094706494191 -64.465203645282,-10.2096109681022 -64.464835002494,-10.2109288074968 -64.464841630625,-10.211459251151 -64.46516160201,-10.2116317725451 -64.465742744819,-10.2116341358931 -64.466086384117,-10.2117730974002 -64.466596237449,-10.2123508210985 -64.467190833783,-10.2126591775796 -64.467503766885,-10.2127494532216 -64.468371080403,-10.2127771926537 -64.468912334268,-10.2129979019858 -64.46985168072,-10.2137442998121 -64.470297141179,-10.2142915694604 -64.471031345815,-10.2154428685789 -64.471155269773,-10.215735703827 -64.471794576064,-10.2165940270904 -64.472146989499,-10.2173084379878 -64.472123377269,-10.217810804311 -64.471668387826,-10.2184681022713 -64.471610497111,-10.2186819228244 -64.471754973439,-10.2188772915125 -64.472437547777,-10.2188818961425 -64.472539318476,-10.2188232079285 -64.472720656771,-10.2188962579355 -64.472911314385,-10.2192900584817 -64.472756953153,-10.219861641812 -64.472401551957,-10.2205598065093 -64.472404500531,-10.2208232658124 -64.472542273252,-10.2211685735846 -64.472746912013,-10.2214663856967 -64.472836910586,-10.2215257410648 -64.473012234571,-10.2216414031748 -64.473599639176,-10.2216707566218 -64.474706652927,-10.2213400701637 -64.475126050991,-10.2213421975427 -64.475513969723,-10.2214711979077 -64.475819619819,-10.2216673990128 -64.476488151958,-10.2222667153861 -64.478039545169,-10.2245347148092 -64.478667011772,-10.2257064534437 -64.479045953912,-10.2268613264753 -64.479303470309,-10.2278918835707 -64.479457462243,-10.2287670668241 -64.479961708729,-10.2294972904935 -64.480603250811,-10.2303928305839 -64.480610055389,-10.230561513886 -64.480754254755,-10.2308127548931 -64.480648617935,-10.2321071675907 -64.480749584017,-10.2324047188039 -64.481097586139,-10.232813286985 -64.481344580794,-10.2331032709272 -64.481467684743,-10.2337857062915 -64.4819648205,-10.2340483579586 -64.482398235906,-10.2339945808136 -64.48277948773,-10.2344235768128 -64.482841916716,-10.2346777235349 -64.482730066498,-10.2357119478254 -64.482675636567,-10.2357257583604 -64.482557962997,-10.2359588409665 -64.482559811471,-10.2363569307457 -64.482652363025,-10.2366504509128 -64.483437582694,-10.2377973117034 -64.483592938924,-10.2389168477829 -64.4839562907,-10.239184173331 -64.485115250792,-10.2394343097172 -64.48570636108,-10.2394305242172 -64.487439351219,-10.2392236948371 -64.488315523456,-10.2392774593601 -64.488903853619,-10.2394205169591 -64.489944598317,-10.2397923308113 -64.490579531386,-10.2400191646284 -64.4916170449,-10.2404739887616 -64.491847846966,-10.2410495934919 -64.491974282864,-10.2417554239432 -64.492323573626,-10.2426642089877 -64.492669780109,-10.243342720898 -64.493351367205,-10.2442183313844 -64.494054622422,-10.2449650894448 -64.495398441141,-10.2459135974012 -64.496092315384,-10.2465255885445 -64.496675690821,-10.2467385405916 -64.497378705348,-10.2462843158374 -64.497615147245,-10.2463087206284 -64.498088777907,-10.2467102429496 -64.498523513714,-10.2468579662196 -64.498766828713,-10.2474309759209 -64.499021784327,-10.247568672897 -64.499243274672,-10.247601412592 -64.499427539668,-10.247628645861 -64.499630817415,-10.2478013950671 -64.49963299001,-10.2480500244262 -64.499340331234,-10.2483782214074 -64.499086712026,-10.2484672783854 -64.49888338431,-10.2487114295315 -64.499125327367,-10.249632902964 -64.499560048701,-10.2502609927302 -64.499700862973,-10.2506416204084 -64.499653833279,-10.2512204907867 -64.499471437288,-10.2515859706629 -64.498772391558,-10.2523838971862 -64.498204015733,-10.2530326608616 -64.498202520408,-10.2532385441107 -64.498352357142,-10.2537525796789 -64.498740440679,-10.2542645269881 -64.49920269903,-10.2556222269258 -64.499251185127,-10.2557141226958 -64.499402473975,-10.256000863139 -64.499567121297,-10.256099060913 -64.499588850567,-10.256112023725 -64.499799023255,-10.256093277641 -64.499827166271,-10.25609076999 -64.500005569068,-10.256032320091 -64.500099229305,-10.2559688569339 -64.500449509095,-10.2557315299168 -64.500880537447,-10.2553190847396 -64.501239708547,-10.2549753944525 -64.502052605595,-10.2543193015612 -64.502753457577,-10.2541984283191 -64.503088243628,-10.2542862123291 -64.503458622935,-10.2545467901933 -64.503765467311,-10.2549029552514 -64.504252318456,-10.2556652445668 -64.504745630855,-10.2562483001951 -64.50509807698,-10.2564373970392 -64.505664543681,-10.2567413192523 -64.505754832074,-10.2568332672643 -64.505969897113,-10.2570522836104 -64.506706392336,-10.258212678446 -64.506839810341,-10.258243430813 -64.507006424989,-10.2580347088409 -64.507018180681,-10.2568921837744 -64.50718450262,-10.2565643808282 -64.507580386425,-10.2564072132781 -64.508256654764,-10.2563569692191 -64.508819634322,-10.2564604070822 -64.509185073601,-10.2566974040583 -64.509847260935,-10.2573359053546 -64.510360377944,-10.2579734694789 -64.510748852742,-10.2586211968382 -64.510869466839,-10.2589538103283 -64.511039476834,-10.2605595829141 -64.511158502571,-10.2611926490614 -64.511459629846,-10.2621493632159 -64.511763536565,-10.262576056777 -64.512129176276,-10.2629114180972 -64.512433906707,-10.2635495861395 -64.512410384301,-10.2640559209368 -64.512158596518,-10.2648969477361 -64.512158090877,-10.2652130359143 -64.512682782198,-10.2658997270846 -64.513128696243,-10.2662419405458 -64.513432508432,-10.2663973920609 -64.513771785574,-10.2662936425738 -64.513879859924,-10.2657548171536 -64.514169792206,-10.2656218212975 -64.514810341847,-10.2659654780167 -64.51557942713,-10.266598128489 -64.516154109899,-10.2668154206651 -64.516503827974,-10.2668726461961 -64.517476838109,-10.266678498323 -64.518038738339,-10.266646669869 -64.518959279217,-10.2668203820411 -64.519612913136,-10.2671119836082 -64.520026804933,-10.2675703363724 -64.520124406001,-10.2680518739176 -64.520142923587,-10.2685843243629 -64.520260899062,-10.268724364083 -64.520592183825,-10.268802102617 -64.521323076332,-10.268755278773 -64.521453506659,-10.268846978336 -64.521683915229,-10.2693433518662 -64.521900491403,-10.270955491467 -64.522475784984,-10.2722713828896 -64.522589730784,-10.2728856594179 -64.522517718803,-10.2732515375171 -64.522272636617,-10.2736190412333 -64.521785809655,-10.2739269248314 -64.520124385406,-10.2737604876043 -64.519783259902,-10.2738220350124 -64.519551876891,-10.2740009629835 -64.519473568469,-10.2744632522347 -64.519508028765,-10.2750646972719 -64.519735310017,-10.2755364964522 -64.519879029992,-10.2757399374613 -64.52003585824,-10.2759619270564 -64.521302436726,-10.2773816260021 -64.521752494013,-10.2780870904174 -64.523166818021,-10.2786375875246 -64.524915807607,-10.2785228746176 -64.535674364706,-10.2776322228522 -64.544557248873,-10.2769214333788 -64.553854941036,-10.2761622260925 -64.560920908729,-10.2756284745672 -64.562697274824,-10.2754493456341 -64.572190532359,-10.2746127986987 -64.579678567432,-10.2741607559595 -64.57994637984,-10.2741710691395 -64.580941549002,-10.2741738134775 -64.590486602595,-10.2741968720105 -64.595618065091,-10.2741898985825 -64.597474218298,-10.2741891861535 -64.608649376758,-10.2741479183615 -64.611376256845,-10.2740759741595 -64.611652115981,-10.2740877037275 -64.613025355068,-10.2741023663185 -64.615453806072,-10.2740534170985 -64.617032040284,-10.2740432182825 -64.61798358731,-10.2740322154855 -64.620217972464,-10.2740102461375 -64.622317568133,-10.2739935195764 -64.623867210969,-10.2739682959324 -64.624588375355,-10.2739579211014 -64.626671727554,-10.2739379026094 -64.626724508587,-10.2739180008134 -64.628630584212,-10.2739062726344 -64.630799118041,-10.2738625012754 -64.631684111524,-10.2738589987174 -64.633061464363,-10.2738239659884 -64.633670668618,-10.2738096686024 -64.634193800691,-10.2737994383124 -64.635330422735,-10.2737794598113 -64.635990474991,-10.2737690966613 -64.636165252986,-10.2737655296983 -64.638104376197,-10.2737258868063 -64.644979575444,-10.2736167495143 -64.654364035851,-10.2736611450823 -64.655889184017,-10.2736705203033 -64.663374788218,-10.2735240814862 -64.672804595055,-10.2725817847428 -64.682425697123,-10.2719410857545 -64.691586890856,-10.2721053931276 -64.700889434563,-10.2722459884556 -64.709784490888,-10.2723439477767 -64.718121176189,-10.2724426315917 -64.724768273159,-10.2724843291167 -64.725040360818,-10.2724929802667 -64.727650652314,-10.2725417543498 -64.734377781355,-10.2727284524178 -64.736158876486,-10.2727408453539 -64.736318700337,-10.2721132466076 -64.737056636272,-10.2704810222648 -64.737390537248,-10.2695124539453 -64.737416903665,-10.268858599114 -64.737053330583,-10.2672505364733 -64.736923595372,-10.2656225962925 -64.736741433722,-10.264657147243 -64.736420011322,-10.2639974714777 -64.735466991037,-10.262540185006 -64.735120541841,-10.2618932080907 -64.734889392596,-10.2612327738344 -64.734646549835,-10.2599500572848 -64.734670658028,-10.2589633424293 -64.734977715496,-10.2564169987131 -64.735004598835,-10.2549007709934 -64.734900494505,-10.2532980046097 -64.734762702957,-10.2522976016482 -64.734375352269,-10.2509242534806 -64.733856775852,-10.2499748807301 -64.733361400866,-10.2493290522468 -64.731860165877,-10.2477693489591 -64.73167911281,-10.247505698301 -64.731433685682,-10.2468671212996 -64.731355223429,-10.2460494694283 -64.733480559084,-10.2415621217292 -64.735570531315,-10.2387055830718 -64.736544700797,-10.2371379232951 -64.737039227015,-10.2359701511515 -64.737453048332,-10.234780480633 -64.738453116692,-10.23271066544 -64.738850913287,-10.2321328468617 -64.739920050667,-10.2310006936202 -64.74054084219,-10.23066773364 -64.739417740842,-10.2298761579247 -64.738022255104,-10.2294917675955 -64.736225719726,-10.2287612995111 -64.734892976891,-10.2280090947098 -64.73385615762,-10.2274777473435 -64.732694464245,-10.2270205618473 -64.731577046113,-10.2267709282692 -64.730534995158,-10.2267753849992 -64.728750474949,-10.2270799402404 -64.727323606459,-10.2275001192636 -64.724321655194,-10.2286134599821 -64.723221820152,-10.2286852732651 -64.720376185067,-10.2280709203728 -64.718923502465,-10.2278525795307 -64.716777701117,-10.2274061707775 -64.715704674322,-10.2271162934554 -64.711774156642,-10.2257840546197 -64.709635549076,-10.2253830383516 -64.707477389315,-10.2252158924225 -64.705727857896,-10.2252256955325 -64.705058436272,-10.2252294712375 -64.702688276972,-10.2254594733436 -64.698654150212,-10.2261747661689 -64.696276921867,-10.226245465552 -64.6951723135,-10.226400478049 -64.69444383652,-10.226409444143 -64.692964075971,-10.2254973083206 -64.691464822036,-10.2244685135851 -64.690305978089,-10.2232894503106 -64.687501113553,-10.2231212132435 -64.685788592024,-10.2230365790305 -64.684431068049,-10.2226388089193 -64.683257059277,-10.2225973216603 -64.681658511212,-10.2211720521386 -64.680049924032,-10.2208195224994 -64.679426050822,-10.2197129723579 -64.678722048467,-10.2195315523528 -64.677827846898,-10.2193686761427 -64.676897998368,-10.2183480901353 -64.67549454632,-10.217716827343 -64.67532381872,-10.2174189694058 -64.674374088217,-10.2159800854052 -64.673175362791,-10.2151143157837 -64.672250127876,-10.2146010322575 -64.671427355511,-10.2140374597452 -64.670513035479,-10.2130561881058 -64.669339018765,-10.2128920783487 -64.669075407006,-10.2120342134993 -64.66854200127,-10.211362034983 -64.667199578419,-10.2109393597688 -64.665426380716,-10.2099248216253 -64.665367851851,-10.2084846409287 -64.665385552257,-10.207167641402 -64.664720600845,-10.2061457920196 -64.659143135197,-10.1946962389862 -64.656799940249,-10.1901045483681 -64.654654469706,-10.1879426227001 -64.652898116862,-10.1857602997491 -64.652403252032,-10.1846418110405 -64.651721841522,-10.1827484019737 -64.65087467377,-10.1819941260523 -64.649617833749,-10.1808386979258 -64.648610028689,-10.1787014954438 -64.647591316894,-10.1785914099467 -64.647006820744,-10.1779066073604 -64.647335600736,-10.1768559596569 -64.647790351143,-10.1759079731195 -64.647691748394,-10.174905053339 -64.648672801675,-10.1740018278766 -64.649925257488,-10.1722108876808 -64.650564147179,-10.1703151927569 -64.651732873346,-10.1690900840413 -64.653104311363,-10.1670176007694 -64.653982734423,-10.1658920822088 -64.655199172695,-10.1654018688296 -64.655445353264,-10.1643547775881 -64.655233622684,-10.1630264185495 -64.655261554762,-10.1613966601478 -64.655250134571,-10.159799674828 -64.655572502237,-10.1587100529285 -64.655636145146,-10.157586206908 -64.655451293746,-10.1565524914585 -64.654247438759,-10.1546421124486 -64.655030272353,-10.1531758497949 -64.655929323639,-10.1519804627844 -64.6570465168,-10.1502492986956 -64.658616082332,-10.1499404118064 -64.659475924361,-10.1495988848393 -64.659758220245,-10.1486873419259 -64.660785104013,-10.1478467189965 -64.661500664103,-10.1461453033867 -64.661445224046,-10.1461453033867 -64.660871612226,-10.1450274844012 -64.661611911473,-10.1440987761998 -64.660886432567,-10.1431491457693 -64.660886432567,-10.1431491457693 -64.660886432567,-10.1431491457693 -64.661100634684,-10.1417775126287 -64.66164266091,-10.1407592779662 -64.660166759518,-10.1398868413238 -64.660571120816,-10.138148371032 -64.661018,-10.1367670014074 -64.65977195944,-10.1353481446847 -64.658263713343,-10.1309648943677 -64.658158655952,-10.1308867702187 -64.65807748347,-10.1305027626455 -64.657376621876,-10.1288264152367 -64.656521206112,-10.1260114263854 -64.65634800347,-10.1254803088842 -64.655690101651,-10.1223471061967 -64.654976454421,-10.1199488099756 -64.654900927782,-10.1194183975884 -64.654998375432,-10.1183694397909 -64.655378672955,-10.1175708474465 -64.655979008384,-10.1168203275462 -64.65675876328,-10.1161867973339 -64.657952553981,-10.1155886078026 -64.659088686668,-10.1151526309484 -64.659088686668,-10.1151526309484 -64.660954704983,-10.1145012259261 -64.661779572249,-10.1140745859889 -64.66225453211,-10.1136620056857 -64.662886211795,-10.1128374549714 -64.664285275736,-10.1105949495573 -64.665965527645,-10.1083558094643 -64.666328030391,-10.1075646204889 -64.666443075969,-10.1070330703887 -64.666490169625,-10.1062035199493 -64.66670033613,-10.1051870824709 -64.667374421247,-10.1027882151438 -64.667546775538,-10.1022596275635 -64.667819266581,-10.1014236918581 -64.668466720287,-10.1009205122049 -64.66917,-10.0982720013897 -64.668590330398,-10.0957869979846 -64.669000477825,-10.0949137515162 -64.669473538393,-10.0943880711759 -64.670050342946,-10.0939711726787 -64.670987278077,-10.0929623545613 -64.671661824061,-10.0919873202898 -64.673292162971,-10.0896838361548 -64.672843896302,-10.0885239466892 -64.672928839915,-10.0876200810728 -64.673405439575,-10.0869575828425 -64.674052008354,-10.0854795649168 -64.674393125045,-10.0848815046156 -64.674725890596,-10.0840097317282 -64.675047239242,-10.081333197173 -64.675473810298,-10.0798485249093 -64.675851688681,-10.0789694712609 -64.676101559456,-10.0780160271444 -64.676359268889,-10.0764082609627 -64.676875328039,-10.0751015972401 -64.677492197361,-10.0740434924666 -64.678712194338,-10.0723408879659 -64.679843272484,-10.0703105470919 -64.680392241273,-10.0696733659606 -64.681284335607,-10.0689367060073 -64.682654302701,-10.0678054240068 -64.683240854404,-10.0670112833024 -64.683779811883,-10.06606359839 -64.684554307415,-10.063797560691 -64.685228472491,-10.0625026537684 -64.686042402944,-10.0611943759788 -64.686813004025,-10.0595893312581 -64.687008527974,-10.0585938517816 -64.687089520389,-10.057309560895 -64.686970956299,-10.0541841410036 -64.687019176662,-10.0522602924227 -64.686728634154,-10.0501828499258 -64.68629877722,-10.0478175331477 -64.686234873458,-10.0471556254074 -64.686243902517,-10.046204671165 -64.686371290788,-10.0445598664852 -64.687017270743,-10.0432638942206 -64.687326245994,-10.0427996341244 -64.687449535529,-10.0425936862323 -64.686432227949,-10.0422360818572 -64.685354721113,-10.0422585574832 -64.684285298395,-10.0424865787543 -64.682893738308,-10.0431981047346 -64.68210669579,-10.0435452861738 -64.680239551989,-10.0443688850461 -64.678846430733,-10.0454887780787 -64.67820893441,-10.0458464088018 -64.676902020857,-10.046280204053 -64.675163774525,-10.0466151897802 -64.674495700668,-10.0469343623403 -64.674246265254,-10.0471207768174 -64.673967803376,-10.0476043337736 -64.674056692467,-10.048499106757 -64.674004790115,-10.0491374715183 -64.673697755785,-10.0493515686954 -64.673377521795,-10.0494821092685 -64.67113403031,-10.0495225475355 -64.670469697487,-10.0491698750443 -64.668607721394,-10.0477241369317 -64.667616659212,-10.0472115389854 -64.666652188281,-10.0470294265514 -64.666094363243,-10.0470416333334 -64.66377659077,-10.0467720216152 -64.66214411095,-10.04628115921 -64.659862309124,-10.0452823727916 -64.659513269194,-10.0452029321435 -64.658238520882,-10.0451350867435 -64.656253964055,-10.0453818874106 -64.655599959926,-10.0452975497546 -64.655259749671,-10.0451608346595 -64.654916889381,-10.0448968350194 -64.654208627435,-10.0441879497231 -64.653302802764,-10.0436783992768 -64.652783017441,-10.0425237593653 -64.65219071461,-10.0401448801302 -64.651598805795,-10.0387048070516 -64.651031584833,-10.0377261508021 -64.650188805299,-10.0366927203427 -64.649585261415,-10.0360862745524 -64.647782848722,-10.0347894506008 -64.647260278362,-10.0344833891887 -64.646729909444,-10.0343124357736 -64.64404489465,-10.0341311954615 -64.641913731281,-10.0337315638963 -64.640828313295,-10.0334683271532 -64.640044145666,-10.0331990775211 -64.63872684185,-10.0325694640378 -64.637858437624,-10.0324534157238 -64.636798570837,-10.0325002379148 -64.636008380252,-10.0323014341927 -64.634125787346,-10.0319546824635 -64.630863772988,-10.0314859513753 -64.630051577244,-10.0315193275253 -64.629315164535,-10.0316773650994 -64.628927601094,-10.0319345866915 -64.628264645673,-10.0326278538948 -64.627864534911,-10.0332045548281 -64.626572848386,-10.0356385886642 -64.626207636112,-10.0359896351104 -64.625519084522,-10.0363639643465 -64.624878806062,-10.0365405982886 -64.624224805894,-10.0366187537576 -64.622581425279,-10.0365976874856 -64.620959124368,-10.0363576226845 -64.619968411802,-10.0363014377065 -64.618660150393,-10.0364984104056 -64.618014606528,-10.0367178234677 -64.617281859188,-10.0370854839589 -64.616582074947,-10.0376255708641 -64.61578152245,-10.0384843079905 -64.614459913953,-10.0400579267402 -64.613270012562,-10.0411157383057 -64.611867690107,-10.0421799175772 -64.611171573564,-10.0426179069524 -64.60784931752,-10.043972846131 -64.607833933605,-10.044035126472 -64.60680265764,-10.0443048506231 -64.605606005236,-10.0441875114671 -64.603906149176,-10.0437850965729 -64.602379718391,-10.0431822938326 -64.601572952556,-10.0426589165554 -64.600797114609,-10.0422474023912 -64.599745365865,-10.0422250393052 -64.599752870491,-10.04187168131 -64.599963632646,-10.041745705322 -64.599845580082,-10.0408617004316 -64.599531227979,-10.0397642028971 -64.599399022763,-10.0395066325149 -64.599486531237,-10.0386037608565 -64.598927471517,-10.037366607266 -64.59864928321,-10.0361492275154 -64.598170975641,-10.0354317245521 -64.598027071312,-10.0349307653749 -64.5980720896,-10.0347691263658 -64.597952205404,-10.0336303733933 -64.597936015361,-10.0318186882225 -64.596377296585,-10.0309680971821 -64.595591574851,-10.030828328836 -64.595372652559,-10.0309076606151 -64.594613641056,-10.0304175126228 -64.594033682986,-10.0302362827378 -64.593937420052,-10.0301992149417 -64.593188995168,-10.0310961120131 -64.592687824296,-10.0317160176504 -64.591940055001,-10.0320425963436 -64.591213258332,-10.0324426055308 -64.589651067807,-10.0327653094719 -64.589079229028,-10.0326315893108 -64.588286862671,-10.0325704042588 -64.58787645135,-10.0321021684986 -64.586412480727,-10.0313374357113 -64.585183222907,-10.0304145632178 -64.582734801531,-10.03066446209 -64.582750410494,-10.0308882591271 -64.581717956405,-10.0315359555803 -64.581214668319,-10.0314989887473 -64.581153500696,-10.0305973743219 -64.581029307626,-10.0304927524829 -64.578297497745,-10.0215347207798 -64.575555668998,-10.0125470589068 -64.571592953377,-9.99956273564484 -64.571439809447,-9.99876007096868 -64.571312885242,-9.99806654710807 -64.56971337761,-9.99689355428844 -64.568813927882,-9.99674983245328 -64.567873962228,-9.99664410991463 -64.567224445906,-9.99609962272939 -64.565351236384,-9.99511149683415 -64.564876076858,-9.99374896041174 -64.56384675787,-9.99265030346544 -64.56400366844,-9.99185094958038 -64.56403045284,-9.99169551982711 -64.563931644999,-9.99124319094401 -64.563835063718,-9.99042066980494 -64.563707791063,-9.98858423703212 -64.563502877407,-9.98842703766325 -64.563636946246,-9.98768998687992 -64.563533733244,-9.98666416440806 -64.563791697308,-9.98571463813793 -64.563888643359,-9.98544738067542 -64.564085080016,-9.98397711468115 -64.564122992739,-9.9836347380658 -64.564703358875,-9.98241114578145 -64.564733614731,-9.98103295984784 -64.564243388377,-9.97983959903761 -64.564607276247,-9.97882342008515 -64.56394380789,-9.97702209541284 -64.563915065542,-9.97640972966837 -64.563156100835,-9.97427054740251 -64.562825378466,-9.97316212882352 -64.563008149242,-9.97241507649518 -64.56331864648,-9.96851934433764 -64.562963784903,-9.96786146263765 -64.563005984968,-9.96645250528932 -64.563706019186,-9.96540471891226 -64.562925949602,-9.96493695224174 -64.56272767654,-9.96397584711882 -64.563004994899,-9.96230370583057 -64.565162952211,-9.96050003016046 -64.565913234361,-9.95825980733947 -64.566684752762,-9.95740077498519 -64.566371572941,-9.95643182988826 -64.566324089856,-9.95499464171371 -64.566700633714,-9.95387334518841 -64.567188724507,-9.9533848530579 -64.567820279838,-9.95278438380813 -64.567911997785,-9.95269718272079 -64.568362901418,-9.9520287952287 -64.568578370211,-9.95150556588426 -64.568648699939,-9.95101903924015 -64.568663686507,-9.95035269419535 -64.56827151655,-9.94810360875835 -64.567806702578,-9.94585486225505 -64.567509826908,-9.94454170909027 -64.567120425639,-9.94286884159042 -64.566935626262,-9.94220343384063 -64.566550348463,-9.94139490076167 -64.565964591916,-9.94044324848145 -64.565562785716,-9.93997693435044 -64.564942686856,-9.9394396107312 -64.564304509434,-9.93892038107147 -64.563994289342,-9.93861570162433 -64.563683297305,-9.93814896015793 -64.563499278705,-9.93764561052821 -64.562946362228,-9.93595549294285 -64.562688070136,-9.93511034509238 -64.561696957791,-9.93293606477082 -64.561658756616,-9.93254008000764 -64.561816663797,-9.93136885660453 -64.561831493976,-9.93066649751961 -64.561736670956,-9.92982058557284 -64.561606805322,-9.92924495386748 -64.561348436698,-9.9283817951362 -64.561125542762,-9.92733839895203 -64.561066360285,-9.9263482632922 -64.561153331464,-9.92553752096934 -64.561368545697,-9.92496027889188 -64.561512669819,-9.92469437891046 -64.562178829281,-9.92347989372922 -64.562934366349,-9.92194573223335 -64.563328205511,-9.92073739670541 -64.563524053129,-9.91990814078845 -64.563610025705,-9.91949677604597 -64.563648366715,-9.91931331340409 -64.563733880509,-9.91819645110429 -64.563892381409,-9.91715128051973 -64.564120365006,-9.91543950624697 -64.564153872001,-9.91484510224261 -64.564075418701,-9.91362095747657 -64.563998761696,-9.912774963215 -64.564069016043,-9.91227043085517 -64.564265547741,-9.91158522880637 -64.564479806995,-9.91080990590913 -64.564550404515,-9.91037739919804 -64.564435972962,-9.90922545156663 -64.564191177767,-9.90738982958052 -64.564131404297,-9.90627364628502 -64.564127735969,-9.90549934354478 -64.564195260547,-9.90441857489601 -64.564570493191,-9.90312028895484 -64.564818598709,-9.90182259273726 -64.564869583725,-9.90108405030954 -64.564795152817,-9.90070624018937 -64.564592998406,-9.90020297172655 -64.564062590795,-9.8994131124525 -64.563731868259,-9.89860431657035 -64.563473871656,-9.8978131832431 -64.563416152006,-9.8971291696335 -64.56348504456,-9.89633651773125 -64.563646185155,-9.89584956414053 -64.563825318763,-9.8953265143577 -64.564185714937,-9.89473058914424 -64.564763687861,-9.89406162383275 -64.565214877898,-9.89346527536508 -64.565664446111,-9.89252679445167 -64.566023639949,-9.8916787700012 -64.566472606917,-9.89061423601003 -64.566724800315,-9.89018088354574 -64.567067876466,-9.88976511376796 -64.567393388166,-9.88947547859763 -64.567882509486,-9.88922109300672 -64.5691151621,-9.88874715049271 -64.569513734707,-9.88854721096302 -64.569929876589,-9.88822113142778 -64.570255044495,-9.88785946615532 -64.570579610808,-9.8873717506562 -64.570848757859,-9.8866862090539 -64.570972541649,-9.8859833423155 -64.570968864956,-9.88520903643406 -64.570819653562,-9.88438139132959 -64.570580589568,-9.88375224533351 -64.570214831683,-9.88321372823178 -64.569795027439,-9.88276550074218 -64.569539001888,-9.88238853841822 -64.569464058629,-9.8819026871603 -64.569534134458,-9.88136213394766 -64.569695688829,-9.88096521806329 -64.569947786842,-9.88051385655299 -64.570615837886,-9.87970040222534 -64.570849946688,-9.87928513902225 -64.570938266181,-9.87876250931733 -64.570952664844,-9.87797011258348 -64.571054616567,-9.87649302921633 -64.571304227679,-9.87551946133991 -64.57183597312,-9.87399798820414 -64.571681325355,-9.87332329095404 -64.571678683082,-9.8727663619827 -64.571753719654,-9.87207130291579 -64.57188928002,-9.87158910412588 -64.57176209881,-9.87041069715256 -64.571695081156,-9.86999184083528 -64.571215743395,-9.86833350884146 -64.570668780862,-9.86612734131499 -64.570355616603,-9.8652259693957 -64.569944069679,-9.86414771291122 -64.569844773983,-9.86377737034126 -64.569891330596,-9.86330961254036 -64.570003449614,-9.8629544063722 -64.570181288331,-9.86274399485741 -64.570894540407,-9.86230537598712 -64.571153432826,-9.8620462196641 -64.571330578087,-9.86169071035925 -64.571442389673,-9.86127101548667 -64.571471084541,-9.86046478249011 -64.571416510903,-9.85923976580748 -64.571364305355,-9.85851451546676 -64.57123211309,-9.85806371573076 -64.570838665681,-9.85737230267137 -64.570608474119,-9.85682522730503 -64.570508720985,-9.85635815052722 -64.570554285421,-9.85568081382223 -64.570551310018,-9.85505206990865 -64.570452094273,-9.8546978473688 -64.570205571792,-9.85413472654415 -64.56974718221,-9.85345973386885 -64.56802964565,-9.85122675205638 -64.565885889729,-9.84823800201767 -64.564418179478,-9.84643590002559 -64.564381560825,-9.84639093386317 -64.563466500295,-9.84539560202114 -64.561506493476,-9.84343777729978 -64.559448897687,-9.84146425995023 -64.559040223604,-9.84098248568172 -64.558745495319,-9.84053242206942 -64.558433077024,-9.83977612512579 -64.55834945299,-9.83927672497717 -64.55822901286,-9.83785853174666 -64.558312993948,-9.83372989984026 -64.558321499574,-9.83331166798038 -64.558254062594,-9.83279607195725 -64.558024062413,-9.83228122237263 -64.557696380824,-9.83173458071389 -64.557206071482,-9.83117256404945 -64.556765507512,-9.8308199049934 -64.555297972139,-9.82985932384598 -64.553342027128,-9.82873976192719 -64.551452015296,-9.82781334439519 -64.550621553291,-9.82751083048636 -64.549922114446,-9.82741730241062 -64.549060871475,-9.82748573438955 -64.547582584594,-9.82770208920814 -64.547224586655,-9.82762311703031 -64.547150032652,-9.82758373818369 -64.546800892554,-9.82739933992021 -64.546343414797,-9.82690164438569 -64.545917026764,-9.82609748002464 -64.545553791493,-9.82488997245742 -64.544844559429,-9.82268446242036 -64.544500652986,-9.82213787945442 -64.544229677129,-9.8218494094914 -64.5400621714,-9.82214332672373 -64.539494913064,-9.82255789497221 -64.532443857425,-9.82758448353779 -64.523659960648,-9.83378488319148 -64.517909408661,-9.83784174753215 -64.51700565,-9.83850051127373 -64.50986395,-9.84349619127591 -64.504179845338,-9.83660259031591 -64.499335240674,-9.83072712296535 -64.4988063,-9.83008563127008 -64.494951122923,-9.82532587351431 -64.490405875749,-9.81980996026432 -64.489092426504,-9.81822336406893 -64.48801127865,-9.81947014592207 -64.486910505144,-9.82010042180304 -64.486693584446,-9.8197754540409 -64.485966122897,-9.81926755079328 -64.484884272595,-9.81891436753393 -64.48382262253,-9.81827578714335 -64.482939036963,-9.81818540521161 -64.482248387737,-9.81768376016399 -64.481100752078,-9.81756665263404 -64.48089732753,-9.81682860029352 -64.480625626217,-9.81663531673954 -64.480370290278,-9.81652022731719 -64.48020352248,-9.81632740703951 -64.479846738326,-9.81603778325488 -64.47898498292,-9.8153926876964 -64.479041591317,-9.81444043675439 -64.479178723332,-9.81386371166564 -64.479422507112,-9.8119289284338 -64.478719995664,-9.81153571852053 -64.476996930309,-9.81133272911624 -64.476137544362,-9.81040332912714 -64.475392515851,-9.80918690187282 -64.474427465664,-9.80768458576586 -64.473200962322,-9.80626087202895 -64.471985622027,-9.80489573114966 -64.47151701365,-9.80504703663382 -64.470966524599,-9.80482864983253 -64.470986832526,-9.80469356689207 -64.469704068055,-9.80439700352374 -64.468975350511,-9.80352442919717 -64.467990136241,-9.80318261719132 -64.467059335993,-9.80358679209939 -64.465517733412,-9.80379911377629 -64.46550685771,-9.80440308561094 -64.465365821124,-9.80457758832332 -64.464176515203,-9.80483072544273 -64.462664818898,-9.80368827603294 -64.461094570705,-9.80442201070305 -64.461086732986,-9.80442567300096 -64.461089066805,-9.80441389993595 -64.460567700736,-9.80422445622337 -64.460112545074,-9.80395877703445 -64.459598400201,-9.80333619461758 -64.459354036402,-9.8029077566992 -64.458118849676,-9.79979180004075 -64.457735496472,-9.79905653502654 -64.457224362566,-9.79849361015879 -64.457042664716,-9.79821951528467 -64.455878824884,-9.79640347145819 -64.455416122898,-9.79523904775369 -64.454897735583,-9.79321768552422 -64.454489166414,-9.79003668271484 -64.454317948389,-9.78944606978979 -64.454135348634,-9.78917107248667 -64.453768993598,-9.7887757022782 -64.452802944867,-9.78799047611656 -64.449890465528,-9.78631569390335 -64.448565249541,-9.78573633094189 -64.447818694804,-9.78532086860771 -64.445739205539,-9.78443728210783 -64.445189055255,-9.78411682761839 -64.444897264119,-9.7838865941484 -64.444208650004,-9.78316616256148 -64.442834623721,-9.78119903836744 -64.441738542168,-9.77984287372306 -64.440605495042,-9.77815592145893 -64.440315638839,-9.77752511468656 -64.43980555114,-9.77697932960642 -64.439700572374,-9.77694450842041 -64.439484361321,-9.7766922511269 -64.438614169855,-9.77592465221127 -64.437750945222,-9.775293553883 -64.437086759212,-9.77494733980335 -64.436265242222,-9.77426180801516 -64.435160083454,-9.77354039998464 -64.43252502127,-9.77210297634353 -64.430982737285,-9.77104974339538 -64.428743600608,-9.7692516488691 -64.427929586232,-9.76839426164864 -64.426741164922,-9.76673641534032 -64.424881696925,-9.7648218656216 -64.424569008223,-9.76459983700351 -64.423234334068,-9.76369578392042 -64.421724733857,-9.76302574350163 -64.420439546889,-9.76261155820246 -64.419465132143,-9.76239770734666 -64.417201242195,-9.762262462081 -64.416551627379,-9.76211958515294 -64.415916248584,-9.76189255718205 -64.411548510478,-9.76001546498944 -64.410758723847,-9.75948525376712 -64.41002267739,-9.75872876398549 -64.40976206735,-9.75831571612751 -64.409287490578,-9.75730857814298 -64.409214806265,-9.75649689752684 -64.409224096107,-9.75588741958837 -64.409414508214,-9.75434766404092 -64.409415165721,-9.75434612284372 -64.409694321461,-9.75369186180433 -64.410283283668,-9.75112146329503 -64.410676073814,-9.74698578630857 -64.410855981609,-9.74641629276772 -64.410853650918,-9.74640469367512 -64.410484519701,-9.74456510150483 -64.410323728425,-9.74404313291651 -64.409094879254,-9.74182927582396 -64.407948649416,-9.73866383827171 -64.407499463877,-9.73674514328869 -64.40727180885,-9.73483638656888 -64.406754742324,-9.7332480027131 -64.406107764551,-9.73197753831756 -64.40564378932,-9.73131123281408 -64.40412100228,-9.72940508396867 -64.402958143989,-9.72812858609322 -64.402145459749,-9.72732988343898 -64.400598608349,-9.72598261542581 -64.399322102156,-9.72476715069589 -64.398863257604,-9.72423373493616 -64.39813942764,-9.72310009827079 -64.396455891603,-9.72131210415722 -64.395688760429,-9.72028171578428 -64.394926353572,-9.71885164302747 -64.394412148851,-9.7172713556217 -64.393972207643,-9.7151346720305 -64.393836197879,-9.71398234675841 -64.393656406277,-9.7132624181805 -64.393580197892,-9.71268583693506 -64.393118120036,-9.7111442182537 -64.392775130125,-9.71040867379389 -64.392626550954,-9.71018322212299 -64.391291254815,-9.70861259471603 -64.390346806627,-9.70766881160083 -64.390135416701,-9.70746079370534 -64.388242531306,-9.70592768048049 -64.386274387908,-9.70426374663778 -64.385302959479,-9.70362387142691 -64.385091113039,-9.70340021441632 -64.384289900141,-9.70305378593967 -64.383542713258,-9.70286691514639 -64.382660147914,-9.70278096242456 -64.380626166122,-9.70238769061629 -64.379377196042,-9.70207172408576 -64.379375635808,-9.70207055806266 -64.378848810166,-9.70167779741139 -64.378426532472,-9.70093260497197 -64.378335527912,-9.70029639737321 -64.378417298418,-9.6993421115087 -64.378387772076,-9.69903027338027 -64.378177329098,-9.69838098237719 -64.377885861388,-9.69775371758043 -64.377288702347,-9.69680848777133 -64.376398649609,-9.69600007051369 -64.375805473616,-9.69535863877131 -64.375668147176,-9.69520638093945 -64.374047476369,-9.69267652216218 -64.373410849892,-9.69076120711267 -64.37320213353,-9.68918868837911 -64.373243259274,-9.68854380878303 -64.373477589952,-9.68789996299086 -64.373888792175,-9.6872744012933 -64.374073101537,-9.68710366664883 -64.374890240402,-9.68635079158571 -64.374863259519,-9.68599101305856 -64.37474006832,-9.68572747336935 -64.3743663541,-9.68548754615864 -64.37373217068,-9.68528934483736 -64.372112822667,-9.68508785368467 -64.371683914058,-9.68494398313412 -64.371331011537,-9.68444173785571 -64.3712139831,-9.68412391740917 -64.371312589423,-9.68327084053441 -64.371673328052,-9.68188683236353 -64.372507623434,-9.67997466910192 -64.37259070238,-9.67933776350165 -64.372468946685,-9.67830381189981 -64.372437907563,-9.67806612356571 -64.372104071803,-9.6770954106407 -64.371473891538,-9.67585732868808 -64.370486713097,-9.67422642328989 -64.370354529873,-9.67354064226121 -64.370379949416,-9.67306672043171 -64.370451491319,-9.67295521537216 -64.37049617391,-9.67273802649407 -64.370549837288,-9.67271158645456 -64.370559490605,-9.67262112545712 -64.371102947989,-9.67180062750497 -64.37139174456,-9.67110503214778 -64.37162077716,-9.67005430582114 -64.371638233225,-9.66851523742669 -64.371637476184,-9.66851234177299 -64.371488270023,-9.66793893768575 -64.371551698861,-9.66762582512342 -64.37147808249,-9.66677433166566 -64.3717039435,-9.66561601996887 -64.372224761997,-9.66415994160236 -64.372514929146,-9.66358007606471 -64.372853939768,-9.66313383953493 -64.373399244393,-9.66254934060678 -64.375061912948,-9.66110226228707 -64.375600795886,-9.66050964921713 -64.376325970289,-9.65956454059823 -64.377340046936,-9.65795638400465 -64.378010414972,-9.65675831189125 -64.378210686211,-9.65625928368834 -64.379161433205,-9.65387193305734 -64.381800395593,-9.6480562151464 -64.383127781538,-9.64597749824972 -64.384165539209,-9.64460614564276 -64.384928371779,-9.64330099337591 -64.385564395773,-9.64240686856084 -64.385794660002,-9.64189415408292 -64.386129734174,-9.64138553606501 -64.387036599233,-9.63965391491818 -64.387440084571,-9.6384948814326 -64.387607935917,-9.63764966124065 -64.387745620386,-9.63477367111604 -64.387887027751,-9.6334773482863 -64.387983662179,-9.6305897738696 -64.388004896863,-9.62998837429934 -64.388233341576,-9.62903259724905 -64.38884052669,-9.62710958087134 -64.389730488769,-9.62392674150542 -64.390286229896,-9.62235025359586 -64.390627334219,-9.62109381512423 -64.390786133856,-9.6198200267189 -64.390785857744,-9.61952976947408 -64.390764472761,-9.61831005942427 -64.390682749656,-9.61810392008489 -64.390146723571,-9.61675185332773 -64.389634048175,-9.61570863526409 -64.389058811876,-9.61295486653335 -64.388741851758,-9.61052558091533 -64.388235352775,-9.60808801656393 -64.388158719912,-9.60739297035833 -64.387671947002,-9.60532243961048 -64.387410961221,-9.60253666003062 -64.387408134353,-9.60184222310703 -64.387572765364,-9.59975913132547 -64.387454189284,-9.59905521630147 -64.38734607269,-9.59733852092566 -64.387235073282,-9.5964799518356 -64.386587978455,-9.59351306344047 -64.386606803453,-9.59141969949581 -64.386405566677,-9.58830725033682 -64.38641496516,-9.58725650068688 -64.386323200821,-9.58574861512516 -64.385813432342,-9.58517918031532 -64.385690054253,-9.58508472840458 -64.385465517313,-9.58498254595614 -64.384780573017,-9.58480082373667 -64.383023689066,-9.58448683406854 -64.381953832794,-9.58419451328542 -64.381265746453,-9.583910612455 -64.380357635969,-9.58328759914354 -64.379809911457,-9.58279245282164 -64.378962377678,-9.58182739707154 -64.378554983988,-9.58111286464694 -64.378168131824,-9.57984305139202 -64.377461231419,-9.57850578893557 -64.377259581879,-9.57797761940775 -64.37720204459,-9.57782689997998 -64.376873657703,-9.57846466209485 -64.376285012463,-9.57919230131385 -64.375522654548,-9.57998970597178 -64.375402042562,-9.5802837576123 -64.37542034629,-9.58050818369739 -64.37547435126,-9.58095696683918 -64.375825046728,-9.58162907151195 -64.376366785255,-9.5822140703461 -64.3769953838,-9.58276418582343 -64.377989366724,-9.58331284775525 -64.379297237817,-9.58403294883405 -64.380569685454,-9.58459776404768 -64.381320227269,-9.58518192157853 -64.381495198613,-9.58542299218433 -64.381814668451,-9.58586659674991 -64.381964905945,-9.58635320743051 -64.382004207161,-9.58690461026544 -64.381978527671,-9.58742869273006 -64.381821671304,-9.58767144099675 -64.381276409628,-9.58796466478838 -64.380601610962,-9.58818960466657 -64.37987243966,-9.58858969836304 -64.378743147395,-9.58900865049761 -64.378482574199,-9.58911330398235 -64.378239538059,-9.58925242227541 -64.377910341855,-9.58959911405945 -64.375779108783,-9.59181802888738 -64.37496494412,-9.59271925588405 -64.37461820161,-9.59303147525167 -64.374323657552,-9.5933434872257 -64.373994592596,-9.59372471555646 -64.373215912701,-9.59479848780981 -64.371950379036,-9.59596053535229 -64.371360796994,-9.5964636759017 -64.370700640955,-9.59672532877021 -64.370196042203,-9.59672732612041 -64.369604234074,-9.59667786046488 -64.369168819626,-9.59657596556294 -64.368872395777,-9.59642171580078 -64.368540688153,-9.59614672069597 -64.368015228272,-9.59528534046171 -64.367384954544,-9.59432075576451 -64.36708659562,-9.59368297581864 -64.366717395424,-9.59273462845875 -64.366629219182,-9.59244139978163 -64.366541322308,-9.59221724724754 -64.366191390547,-9.59173509150524 -64.36543836637,-9.59052921865414 -64.364597519842,-9.58911645969185 -64.363897117864,-9.5880139868733 -64.3634065512,-9.58716972863455 -64.362916676552,-9.58649815639797 -64.362095798541,-9.58572426923185 -64.361764520333,-9.58555287856768 -64.36153825851,-9.58553649744217 -64.361277336446,-9.58555479227208 -64.361103479317,-9.58559001251689 -64.360860299024,-9.58569458483584 -64.360652400812,-9.58591990095984 -64.360393405004,-9.58642172249083 -64.360205174473,-9.58721684611807 -64.36008681751,-9.58808077296983 -64.36011144365,-9.58989394329947 -64.360237371889,-9.5909296009908 -64.360209182211,-9.59258755589389 -64.360091720339,-9.59367597661164 -64.359886017905,-9.59445389901327 -64.359748472027,-9.59486890142614 -64.35921189627,-9.59557904526413 -64.358778958804,-9.59609882186784 -64.357200713741,-9.59740020239559 -64.357079531228,-9.59755610251325 -64.357028087072,-9.59774626425763 -64.357011510879,-9.59795355932892 -64.35708207418,-9.59819505281732 -64.35723949969,-9.5984016657049 -64.357815080218,-9.59874479353254 -64.359401245793,-9.59942933764883 -64.360168439671,-9.59982351334159 -64.360918576362,-9.60030410405169 -64.361564592431,-9.60085417738392 -64.362001667626,-9.60137053167003 -64.362841920165,-9.60262787604585 -64.364031224069,-9.60414287578788 -64.364660681265,-9.6049002362457 -64.365080296253,-9.60539938663001 -64.36534220159,-9.6056228522684 -64.365813260726,-9.60593183907893 -64.366562381775,-9.60615337948902 -64.3671020724,-9.60622032158624 -64.367606477892,-9.60616652033153 -64.367936947665,-9.60613067620421 -64.368232478664,-9.60606043012888 -64.368475805831,-9.60599039035305 -64.369604335746,-9.60536423682219 -64.370819514454,-9.604651387271 -64.371132166455,-9.60451199650074 -64.371392962307,-9.60445915556402 -64.371653897076,-9.60444085119421 -64.371914901322,-9.60443981625551 -64.372175908056,-9.60443878111001 -64.372489391308,-9.60450661466764 -64.372803155455,-9.60464352138429 -64.373186936885,-9.60488376670549 -64.373728853339,-9.60550330359525 -64.37435895954,-9.60641606193623 -64.375426730016,-9.60798330602128 -64.376005618676,-9.60913803185766 -64.376164528368,-9.6097072800527 -64.376218683957,-9.6101905982359 -64.376221126642,-9.61079500627685 -64.376171297871,-9.61138235251239 -64.376174368991,-9.61214218179441 -64.375780223873,-9.61364616144824 -64.374919391177,-9.61592910465539 -64.374505676691,-9.61689782078909 -64.374245918488,-9.61720969671872 -64.373968688326,-9.61750437462024 -64.372840410062,-9.61819962237653 -64.371990126225,-9.61879015126837 -64.371729528737,-9.61889480046232 -64.371538115809,-9.61889556047152 -64.371311832047,-9.61887918890891 -64.37106800976,-9.61882834951899 -64.370876109746,-9.61870822683404 -64.370596927373,-9.61851937573496 -64.370073990473,-9.61829695133047 -64.369150415136,-9.61797249956643 -64.368017957492,-9.6176316023181 -64.367163781831,-9.61725506266774 -64.366309743971,-9.6169130574497 -64.364602226617,-9.61636719226837 -64.363103734836,-9.61587230077646 -64.361815232246,-9.61567015153658 -64.358908093835,-9.61538801867936 -64.358438337442,-9.61540713556027 -64.357934190738,-9.61553000185722 -64.357065587388,-9.61589606627077 -64.356284399025,-9.61636540311786 -64.355607889718,-9.61690340279959 -64.354827246815,-9.61751088729535 -64.354080509008,-9.61789373737801 -64.353177433954,-9.61834627600199 -64.352847498282,-9.61852026082346 -64.352482554839,-9.61864257487252 -64.352152138035,-9.61869567584804 -64.351647640041,-9.61873218764805 -64.350551364214,-9.61873647517695 -64.349333755702,-9.61886211844091 -64.349142480487,-9.61889740557832 -64.349003611672,-9.61898429309866 -64.348899683798,-9.61910558422341 -64.348830694349,-9.61926127649287 -64.348831379016,-9.61943396674934 -64.348989909822,-9.61991688636304 -64.349568124322,-9.62091624489746 -64.350707578683,-9.62301863909914 -64.35181190047,-9.62503481740048 -64.352530655197,-9.62636173327783 -64.352865065251,-9.62731023083333 -64.353184068887,-9.62875959581573 -64.353259383852,-9.63019264579393 -64.353209379275,-9.63074545698896 -64.353073601885,-9.63160945211402 -64.352368375062,-9.63368452290719 -64.351901613488,-9.63446346791661 -64.351243153878,-9.63517408609901 -64.350774123901,-9.6353831560423 -64.350200197975,-9.63547174847384 -64.349678065965,-9.63545652216723 -64.347553434778,-9.63506763933536 -64.346873933929,-9.63486306054388 -64.345653186594,-9.63421159355441 -64.344972525777,-9.6337134392107 -64.344413405494,-9.63314573185186 -64.343784132109,-9.63244014357167 -64.343608951078,-9.63214724976085 -64.34346809531,-9.63173333418438 -64.343291005901,-9.63095690561255 -64.343043692696,-9.63002532698976 -64.342921060345,-9.62981857338618 -64.342694358617,-9.62969857002742 -64.342415588118,-9.62961330670549 -64.342206834925,-9.6296313887856 -64.342085294384,-9.62970093930783 -64.341998831829,-9.62983942869619 -64.341999650192,-9.63004665896097 -64.34217591996,-9.63061585845121 -64.343035914446,-9.63246032724348 -64.343947854607,-9.63423551232912 -64.344614259858,-9.63552810941716 -64.345437566077,-9.63688917251573 -64.346068492516,-9.6380092106684 -64.346561373349,-9.63942336692349 -64.346721076483,-9.64019985980571 -64.346776092507,-9.6409076838818 -64.346726283645,-9.64151230226696 -64.346554657161,-9.64211739660462 -64.346210169666,-9.64301674434149 -64.345812377311,-9.64363999197215 -64.345292083015,-9.64409102466484 -64.344944921072,-9.64431688042163 -64.344475734781,-9.64449140188421 -64.343971606893,-9.64463152395467 -64.343676174844,-9.64473629146171 -64.343485360534,-9.64489245850478 -64.343329557986,-9.64510029913136 -64.343383201614,-9.64546274364362 -64.343557843817,-9.64561748564638 -64.343819498342,-9.64577188816375 -64.3440984197,-9.6458916854873 -64.344359732486,-9.64595974362472 -64.344655715345,-9.64599312614394 -64.345369977091,-9.64618030063321 -64.345928026985,-9.64647169907754 -64.346137957386,-9.64674718691935 -64.346260665099,-9.64697120785895 -64.346278891033,-9.64717836704023 -64.346245183166,-9.64745480681735 -64.346090066842,-9.64783533626151 -64.345899526386,-9.64806058127231 -64.345656366448,-9.64818241656015 -64.345499879052,-9.64821756545047 -64.345273711418,-9.64823571888528 -64.345082282368,-9.64823646647918 -64.344838368732,-9.64816834121805 -64.343949459001,-9.6478264246819 -64.343618738342,-9.6478104473128 -64.343514458901,-9.64784539165721 -64.343393117874,-9.64796675027666 -64.343376193098,-9.64808770165202 -64.34339400705,-9.64819124749096 -64.343498970647,-9.64832899101602 -64.34407606924,-9.64903477900511 -64.344740868249,-9.64991291617188 -64.34535442156,-9.65103302228245 -64.345582784085,-9.65156747858597 -64.345653698716,-9.65189531710111 -64.34572515938,-9.65236130620621 -64.345726393267,-9.65267214947024 -64.345278235056,-9.65376186307519 -64.344535382751,-9.65514630577477 -64.343722229247,-9.65635832912788 -64.34263143663,-9.65777866766438 -64.3420420517,-9.65836812100043 -64.341226079219,-9.65887211160904 -64.340756939543,-9.65906390064562 -64.339991807083,-9.65922230686339 -64.339156649925,-9.65927736610421 -64.337660231863,-9.65935226241294 -64.337277491299,-9.65938829038405 -64.336425543843,-9.65959883165474 -64.335051828856,-9.65989774399467 -64.333921762694,-9.6601957040551 -64.333400269568,-9.66035315159196 -64.332200177611,-9.66054776208764 -64.331869780438,-9.66061811932497 -64.331643944624,-9.66072260927811 -64.33140090547,-9.66087897354248 -64.331296959802,-9.66100026166433 -64.331175881225,-9.66119069404911 -64.331021082195,-9.66165756384221 -64.330850439271,-9.66252169273577 -64.330747442985,-9.66288474632222 -64.330575170597,-9.66333441603351 -64.329935167961,-9.66433851383163 -64.32967540168,-9.66466763575977 -64.329467235697,-9.66484113439465 -64.329189318288,-9.6649803622875 -64.328789302785,-9.66505098628463 -64.328458699431,-9.66506953377864 -64.328214978178,-9.66505320510914 -64.327866430856,-9.66493366522558 -64.327429913215,-9.66457269503893 -64.326556547424,-9.66376440564279 -64.325457073138,-9.66299152269387 -64.324881737821,-9.66273469696206 -64.324324415491,-9.66263322728952 -64.323819641708,-9.66261790027201 -64.322183830998,-9.66265873266563 -64.321765874445,-9.6625912608338 -64.321487213499,-9.66254052351238 -64.320807594142,-9.66231863147508 -64.3202850119,-9.66219975140944 -64.319884794436,-9.66221855755454 -64.31962441309,-9.66239225106672 -64.319312627858,-9.66277337397448 -64.318827945234,-9.66344874062576 -64.318463879829,-9.66381279325731 -64.318099141411,-9.66400415612039 -64.317803746949,-9.66412617460475 -64.317542758211,-9.66414444229465 -64.317159738404,-9.66411137155844 -64.316811530278,-9.66407816709402 -64.315696345801,-9.66373704587738 -64.315051935165,-9.66361862395494 -64.314634178782,-9.66360295084332 -64.314182015374,-9.66369102758526 -64.313869281725,-9.66383037682682 -64.313678578392,-9.6640210704064 -64.313540150598,-9.66422883197819 -64.313505812851,-9.66434984977944 -64.31352355242,-9.66443612820028 -64.313663317775,-9.66457375120523 -64.313942114148,-9.66465903224847 -64.314220709552,-9.66469250812328 -64.314551382224,-9.66469124423908 -64.315595007379,-9.66453182625672 -64.315873468426,-9.66453076085871 -64.316187141428,-9.66463317927486 -64.316414129764,-9.66482227280674 -64.316554299226,-9.66506350920314 -64.316642730137,-9.66542582761999 -64.316731293107,-9.66582268590246 -64.316698568465,-9.66635816281718 -64.316682036967,-9.66658272888908 -64.316613226685,-9.66679022744986 -64.316180076237,-9.66729269714758 -64.315573555607,-9.66796852713276 -64.315591698758,-9.66815842260224 -64.315661919558,-9.66831357832021 -64.315801687479,-9.66845120009777 -64.315975929392,-9.66850234125228 -64.316306336895,-9.66843199786266 -64.31661907071,-9.6682926435191 -64.317296751797,-9.66801373650138 -64.317644832071,-9.66801240251838 -64.317958304497,-9.6680630089734 -64.318306721049,-9.66814802152603 -64.31863806936,-9.66831944516491 -64.318899803879,-9.66849113553628 -64.319248958936,-9.66876610634059 -64.319615252521,-9.66897193265398 -64.319859311255,-9.66907461176013 -64.320120642726,-9.66914268646156 -64.32050380039,-9.66921029295429 -64.321461628793,-9.66936203605275 -64.323272793231,-9.66964864603467 -64.324213623755,-9.66990406503148 -64.325188588735,-9.66998665312261 -64.327695716227,-9.67021874937091 -64.33032460539,-9.6704330854594 -64.331805100646,-9.67072092851292 -64.333163907557,-9.67104377962566 -64.334122763537,-9.67145452088233 -64.334820286446,-9.67179719901297 -64.335797437334,-9.67243236501214 -64.336827552005,-9.67325728496659 -64.337526312501,-9.67391079812056 -64.338469894266,-9.67485693425256 -64.338977282117,-9.67552845921574 -64.339642678033,-9.67654475294707 -64.339766218849,-9.67697600232926 -64.339784650271,-9.67723496867046 -64.3397855398,-9.67745946583706 -64.33973401127,-9.67763235983693 -64.339647672466,-9.6778053896216 -64.339491581283,-9.67794415135916 -64.339265666757,-9.6780313801846 -64.338952389506,-9.6780326017302 -64.338064357834,-9.67793244747326 -64.337785683292,-9.67788172543704 -64.337437595718,-9.67788308117824 -64.337054973488,-9.67795364628607 -64.336742307988,-9.67811028904143 -64.335543454067,-9.67863303063965 -64.335161034932,-9.67875540324071 -64.334813491546,-9.67889490996896 -64.333665754284,-9.67914113812026 -64.333526721855,-9.67919348583609 -64.333457444033,-9.67928010281213 -64.333440381889,-9.67936651451606 -64.333440790585,-9.6794701284653 -64.333563573481,-9.67971142287911 -64.334421506124,-9.68100328846495 -64.335051685058,-9.68191611011054 -64.335349064692,-9.68229487762389 -64.335559488809,-9.68269125318556 -64.335700499095,-9.68313970637256 -64.335772644023,-9.68377838821802 -64.335756808719,-9.68417564394559 -64.335585016717,-9.68474619981213 -64.335238696207,-9.68519654924512 -64.335030181131,-9.68528370582626 -64.33478644549,-9.68526738383715 -64.334472956326,-9.68521679526333 -64.334403200297,-9.68518252884862 -64.33417639287,-9.68504525503645 -64.33394938108,-9.68485617660078 -64.33380918753,-9.68461495033737 -64.333721210694,-9.68437352357677 -64.333702714572,-9.68409728662316 -64.333751315885,-9.68318182334787 -64.333697807151,-9.68285391465783 -64.333557481026,-9.68257815097702 -64.333469979536,-9.68245760529067 -64.333173625973,-9.68233787073831 -64.332912282672,-9.68226981023559 -64.33263387704,-9.68228815871699 -64.332425362778,-9.68237531607823 -64.33233902162,-9.6825483446348 -64.332270219442,-9.68275584279689 -64.332256081977,-9.68358482466444 -64.332256626671,-9.683722978296 -64.332257443716,-9.68393020624179 -64.331998416332,-9.68444928940891 -64.330943054511,-9.68605943049689 -64.330440831121,-9.68670034432965 -64.330250124696,-9.68689104484893 -64.330076483738,-9.68699533611258 -64.329920180325,-9.68708228749712 -64.329746199233,-9.68710023190383 -64.329310602,-9.68698103400058 -64.328926472138,-9.68667167243824 -64.328541799654,-9.68622416152576 -64.328017277416,-9.6856217651981 -64.327510976906,-9.68522652880214 -64.327249498677,-9.68512392440899 -64.326848848811,-9.68503912551926 -64.326134913787,-9.68495553934612 -64.32529921262,-9.68488968951789 -64.323854140662,-9.68477438080244 -64.323332333866,-9.68486274147638 -64.32242802657,-9.68505618893866 -64.321489517132,-9.68540519231821 -64.320985586581,-9.6856143644493 -64.320046601297,-9.68584247988909 -64.318916226835,-9.686088598754 -64.317715962994,-9.68626590424227 -64.316393189354,-9.68627098123658 -64.315957996759,-9.68625538025487 -64.315627168687,-9.68622211089985 -64.314947235559,-9.68593113607333 -64.314668555182,-9.68588039570521 -64.314494505647,-9.68588106245181 -64.314320590467,-9.68591626651502 -64.314077189247,-9.68598627700986 -64.313955690089,-9.68607308831189 -64.313886542388,-9.68619423956025 -64.31381799659,-9.68647081290866 -64.313855962479,-9.6872823299999 -64.313807374945,-9.68821506745949 -64.313601403196,-9.68895844026031 -64.313411356529,-9.68932182737946 -64.313220573297,-9.68949525241074 -64.312005100145,-9.69024248783035 -64.311049491678,-9.69067787730614 -64.309452296831,-9.69173741549058 -64.309140007528,-9.69199765125479 -64.308880469054,-9.69239583738296 -64.308604862769,-9.69313947700748 -64.308243298061,-9.69415975587491 -64.307673806051,-9.69542259863554 -64.307414796311,-9.69595893908217 -64.307347049471,-9.69644274181837 -64.307244152848,-9.69684033237294 -64.306570554741,-9.69818991995771 -64.306414905203,-9.69844955451642 -64.306381097932,-9.69870872712303 -64.306468994406,-9.69893289530913 -64.30694135652,-9.69955279313949 -64.307622320538,-9.70010281817402 -64.308338164213,-9.70066997861406 -64.308704891952,-9.70097942736659 -64.309019534774,-9.70132361508384 -64.309649428434,-9.7021674115853 -64.3104705197,-9.70294139677743 -64.310732009089,-9.70304401271287 -64.310975758834,-9.70306035023787 -64.31128886141,-9.70300734377805 -64.311601496203,-9.70283345235548 -64.311861642154,-9.70259068334287 -64.312641004887,-9.70158607121465 -64.313213109124,-9.7009967195744 -64.313942063778,-9.70045857141287 -64.31437633044,-9.70023240341648 -64.31470643211,-9.70007571286281 -64.315367307808,-9.69993502272975 -64.316185169869,-9.69988007440142 -64.316916071793,-9.69984272602352 -64.317386024734,-9.69984091971521 -64.317664582127,-9.69985711892382 -64.318849177429,-9.70011160198863 -64.319720335928,-9.70033275018102 -64.320138680573,-9.70048656518099 -64.320435047839,-9.70060630686873 -64.320749094727,-9.70079506074012 -64.320976179874,-9.7010014171936 -64.321343321212,-9.70141446766618 -64.321465770359,-9.70156941925794 -64.321623300745,-9.70179331355664 -64.322011438244,-9.7031215571719 -64.322204189211,-9.70344893096854 -64.322414276909,-9.70375896753567 -64.322956362491,-9.70439584192354 -64.323131573034,-9.70468874244296 -64.323201739182,-9.70482662745632 -64.323272650961,-9.70515447102386 -64.32323858325,-9.70534456660044 -64.323204450241,-9.70551738979692 -64.323100693056,-9.70569048447149 -64.323014136619,-9.70581170478014 -64.322892771792,-9.70593305952969 -64.322771133313,-9.70598533726402 -64.322632020343,-9.70602041231053 -64.32204069455,-9.70614358145228 -64.321675439727,-9.70621406930991 -64.321536667513,-9.70633549083616 -64.321467652437,-9.70649118093823 -64.321468261715,-9.7066466023741 -64.321608593828,-9.70692237060181 -64.32251695389,-9.70774779274796 -64.322761587564,-9.70798861968136 -64.322884446781,-9.70824718452567 -64.32292027464,-9.70850608557638 -64.322834194546,-9.70874819000529 -64.322730368602,-9.70890401482295 -64.322521832927,-9.70899116857359 -64.321860877085,-9.70911460452294 -64.321721832984,-9.70916695174456 -64.321652749866,-9.70930537204692 -64.321636020263,-9.7094781305204 -64.321671375845,-9.70961614764355 -64.322265282732,-9.71014920600748 -64.322806769805,-9.71063065525919 -64.32291222587,-9.7108892871783 -64.322947783089,-9.71107911367947 -64.322827092084,-9.711373159809 -64.322619438808,-9.71168480958923 -64.322376361129,-9.7118411724644 -64.322184962044,-9.71185918200191 -64.321906056148,-9.71175664345846 -64.321696773313,-9.71165383583122 -64.321330770072,-9.71153436293857 -64.321017662566,-9.71158737939609 -64.320722027097,-9.71165759830652 -64.320322360556,-9.71183183415459 -64.319992454425,-9.71204033835638 -64.319472363141,-9.71257769338711 -64.318710070921,-9.7134959095642 -64.318624324876,-9.71382435790764 -64.318625271331,-9.71406612392674 -64.318748060291,-9.71430742291055 -64.319027035421,-9.714427233752 -64.319496940635,-9.71440815196909 -64.320400311647,-9.71395566366719 -64.32135644067,-9.71364112567616 -64.321547637607,-9.71357130934133 -64.321791394527,-9.71358763807884 -64.322070301992,-9.71369017650858 -64.322244907644,-9.71382765546744 -64.32238497043,-9.71403434832143 -64.322455409959,-9.71424130766582 -64.322386868814,-9.71451788211353 -64.322318327585,-9.71479445655805 -64.32221483887,-9.71503662578515 -64.321972100204,-9.71527933552646 -64.321225724572,-9.71581756760209 -64.320913290505,-9.71604327574248 -64.320583448766,-9.71626905084038 -64.319731953153,-9.71663499450164 -64.31941931422,-9.71680889434271 -64.319193976922,-9.71705153289771 -64.318881875902,-9.71736358645274 -64.318014119661,-9.71802316673253 -64.31706006864,-9.71887304177478 -64.316019723175,-9.71991320861972 -64.315447664273,-9.72051983781959 -64.315135491578,-9.72081461885581 -64.314788638194,-9.72114407085975 -64.314459124227,-9.72145618576608 -64.314129609646,-9.72176830042991 -64.313764874819,-9.7219769365982 -64.312635522921,-9.72251662460523 -64.311923523951,-9.72295109199892 -64.311749926303,-9.72307264440457 -64.311628618807,-9.72321126633073 -64.311473502925,-9.7236090558031 -64.311565587436,-9.72490390939385 -64.311726087466,-9.72588764932927 -64.312043725877,-9.72699167210644 -64.312061265933,-9.72702614514045 -64.312310895041,-9.7285448928135 -64.312559581093,-9.72982187350144 -64.312684061155,-9.73049490223253 -64.31279120125,-9.73118526514012 -64.312759421913,-9.73196251019785 -64.312709627628,-9.73258440039052 -64.312352367294,-9.73470990995803 -64.312061293822,-9.73595442364826 -64.311819340225,-9.73640435788555 -64.311647151782,-9.73688856188026 -64.311370450226,-9.73735589960325 -64.310747146738,-9.73822176228902 -64.310244479732,-9.73877631284046 -64.309637631873,-9.73940034082022 -64.308665491559,-9.74009484700152 -64.308197431191,-9.74059745448654 -64.308076721961,-9.74089149549907 -64.307990757492,-9.74116813563528 -64.308044258646,-9.74149604934992 -64.308132577236,-9.74182382957857 -64.308273049717,-9.74213414212329 -64.308517837437,-9.74240951420291 -64.308727269798,-9.74254686511087 -64.308971519699,-9.74268408481133 -64.309285264836,-9.74278649729457 -64.310260916817,-9.74298998461836 -64.31076594833,-9.74303985304878 -64.311131715422,-9.7430902558517 -64.311428122621,-9.74321000302226 -64.311655032635,-9.74336455490932 -64.311882212721,-9.74358818376191 -64.312040098143,-9.74389842723775 -64.312145827663,-9.74422613885229 -64.312199671127,-9.74464039580306 -64.312220589676,-9.74553832403215 -64.312239953519,-9.74603906186856 -64.312311274056,-9.74647052163955 -64.3126273195,-9.74716008212594 -64.313294302737,-9.74855633493843 -64.314083621122,-9.75007299776329 -64.315119099117,-9.7522104058854 -64.316154052128,-9.75420965739095 -64.316470046625,-9.75488194214724 -64.316872204979,-9.75532939185293 -64.317884883837,-9.75608532772406 -64.318461267108,-9.75656663899817 -64.318933130446,-9.75703108603176 -64.319300954064,-9.75759955072641 -64.319582346175,-9.75832377305571 -64.319671835338,-9.75894512023668 -64.319657281017,-9.75967048850369 -64.31950454586,-9.76067270119862 -64.319021382774,-9.76176254170269 -64.31836453547,-9.7629566674158 -64.317706597285,-9.7638744872949 -64.317412206237,-9.76427282148367 -64.317134749073,-9.76455020418198 -64.316857087829,-9.76477577964448 -64.316301357102,-9.76512331587643 -64.315153784223,-9.76549040559869 -64.31484049027,-9.7655088857507 -64.314474833755,-9.76549302751559 -64.314231038482,-9.76547670101998 -64.313533727537,-9.76523761998108 -64.312836013933,-9.76489492307173 -64.312382093794,-9.7645685551448 -64.312085260718,-9.7643451971351 -64.311892951776,-9.76413870628851 -64.311525131,-9.76357023309636 -64.311087069626,-9.76284660583495 -64.310666217361,-9.76207110603253 -64.31045541812,-9.76158837262172 -64.310263044356,-9.76136461057922 -64.310001304821,-9.76121019334026 -64.309687404097,-9.76107324659889 -64.309495908209,-9.76107398284389 -64.309321954337,-9.76110918939321 -64.309183289352,-9.76126514642628 -64.309062101347,-9.76143830642125 -64.308993344559,-9.76166307290725 -64.308805352648,-9.76256180433954 -64.308650426118,-9.76301140418962 -64.308166414257,-9.7638940027184 -64.307456484042,-9.76488108447773 -64.307109786952,-9.76526234206219 -64.306780227011,-9.76557445537862 -64.306346074861,-9.76585243191204 -64.305407866898,-9.76633957586025 -64.30450427161,-9.76677477433124 -64.303740083075,-9.76724397721434 -64.303150052118,-9.76772977966295 -64.30261244602,-9.76826718879308 -64.302301094618,-9.7687864639449 -64.302006881351,-9.7692365950145 -64.30114024061,-9.77022426653922 -64.300015468951,-9.77199004765678 -64.299253808714,-9.77311547150406 -64.298890619157,-9.77373855894413 -64.298717932628,-9.77410187549768 -64.298614812834,-9.77444765871233 -64.298581200553,-9.77475863612227 -64.298617224966,-9.7750693501844 -64.298828957443,-9.77579385624141 -64.299233805739,-9.7769320946706 -64.299321926245,-9.77720806904513 -64.299340141492,-9.77741523209261 -64.299340879159,-9.77760519419289 -64.299324206257,-9.77779522031457 -64.299272915891,-9.77803718936148 -64.29904819753,-9.77845251318996 -64.298753570496,-9.7787990280673 -64.298475683249,-9.77897278409278 -64.298215072324,-9.77911193601234 -64.297971467286,-9.77914740397786 -64.297640679961,-9.77914866654945 -64.297344646936,-9.77913252596455 -64.296874512364,-9.77911705170574 -64.295393804598,-9.77889819290115 -64.294557860824,-9.77883229805192 -64.294314257775,-9.77886776341114 -64.294192922601,-9.7790063822653 -64.294106609084,-9.77919667355438 -64.294124618475,-9.77935202977784 -64.294194993613,-9.77954172717943 -64.294404780596,-9.77976543183052 -64.295452387159,-9.78053856779605 -64.29562768854,-9.78084874910738 -64.295681058044,-9.78114212729091 -64.295595478353,-9.78152238124598 -64.295492557122,-9.78191997152685 -64.295354814031,-9.78231769450082 -64.294973197486,-9.78268180617828 -64.294504129662,-9.78294263662669 -64.294260855322,-9.78306444730034 -64.294140053479,-9.78334121874986 -64.294175677304,-9.78354831857615 -64.294281474557,-9.78389330313509 -64.294352519566,-9.78425569273205 -64.294353722879,-9.78456653756899 -64.294238402674,-9.78625938581511 -64.29427375713,-9.78639740560098 -64.294378552766,-9.78648335511561 -64.294604819581,-9.786465222829 -64.294795999207,-9.78637814564167 -64.295212305395,-9.7859793634808 -64.295350986356,-9.78582340769073 -64.295629282353,-9.7857532707285 -64.295907912893,-9.78576947594831 -64.296134446825,-9.78582042012433 -64.296500998068,-9.78606079495843 -64.297130246428,-9.7866973642554 -64.298023601579,-9.78809277524531 -64.298443731825,-9.78867833204446 -64.29874158523,-9.78916073688207 -64.298864465142,-9.78941930771868 -64.298935584075,-9.78979896290374 -64.298816127065,-9.79042111981121 -64.298764969827,-9.79069762631343 -64.29878305232,-9.79087025177261 -64.298905460625,-9.79100794032236 -64.299062492662,-9.7910936857523 -64.299288829058,-9.7910928199296 -64.299445187096,-9.79100587568146 -64.299566523548,-9.7908672547654 -64.299687454362,-9.7906250191398 -64.300085006124,-9.78988091386987 -64.300223484367,-9.78967315137329 -64.30041445972,-9.78953426366843 -64.300588227892,-9.78944725236089 -64.300797151865,-9.78944645234289 -64.300988868859,-9.78949752619451 -64.301198196271,-9.78960034055835 -64.302106093929,-9.79025309861264 -64.302559842079,-9.79052766926305 -64.303065485358,-9.79071569419034 -64.305121938883,-9.79122587806125 -64.305697024189,-9.79136182387581 -64.306167779944,-9.79153270776069 -64.306499253673,-9.79170412430236 -64.306953547236,-9.79211684250534 -64.307425996609,-9.7927194517261 -64.308004465901,-9.79371884756443 -64.308339054218,-9.79468464157595 -64.308322657517,-9.79494374693596 -64.308201188565,-9.79504783090121 -64.308027284908,-9.79510030892673 -64.307887933519,-9.79508357566703 -64.307748106303,-9.79494596064236 -64.307608484539,-9.79486015020182 -64.307486744952,-9.79489515937744 -64.307347864302,-9.79499931012588 -64.307261353005,-9.79513779697564 -64.307228763261,-9.79570781246309 -64.307125310927,-9.7959672506008 -64.306952017349,-9.79617515217729 -64.306691530948,-9.79634884654397 -64.30634365656,-9.7964365337895 -64.306065085207,-9.7964376057597 -64.305873431224,-9.79640380531179 -64.305228153514,-9.79612997703617 -64.304966858814,-9.79609644131076 -64.304827574467,-9.79609697673636 -64.304601437567,-9.79614965391518 -64.304427734911,-9.79625393746963 -64.304341219538,-9.79639242627369 -64.304257741864,-9.79730802350988 -64.304171970664,-9.79763647130812 -64.304085859578,-9.79787857455852 -64.303947383736,-9.79808633865312 -64.30380897265,-9.79831137263241 -64.303705452074,-9.79855354271612 -64.303498949934,-9.79917603464228 -64.303225499679,-9.80048955806055 -64.303174345734,-9.80076606479527 -64.303210312913,-9.8010595070789 -64.303315655032,-9.8012836046691 -64.30352519317,-9.80143822371057 -64.303856541469,-9.80157510432012 -64.30434438858,-9.80165957743796 -64.305302804035,-9.80186312326905 -64.305721274757,-9.80201693684451 -64.30601793837,-9.80218848895029 -64.306279778654,-9.80236017484736 -64.306577051307,-9.8026871478792 -64.306804476856,-9.80296258171302 -64.306909822011,-9.80318667777142 -64.306893627532,-9.80349758779075 -64.30679044635,-9.80382610309069 -64.306392965682,-9.80458748822532 -64.30615184795,-9.80526192268042 -64.306118308552,-9.80559016967866 -64.306171353283,-9.80579719716414 -64.30632886503,-9.80600382223184 -64.306486041351,-9.80612410276219 -64.306782233154,-9.80617476946101 -64.307060812552,-9.80617369584731 -64.307321779421,-9.80612088198159 -64.307530239475,-9.80599919231993 -64.307790255828,-9.80570460985661 -64.308605805856,-9.8049934209468 -64.309092165213,-9.80469796431227 -64.309422434149,-9.80455853587611 -64.309718356009,-9.80454012316891 -64.310084055946,-9.80455598093821 -64.310502195022,-9.80462344355924 -64.31088632459,-9.80489826851356 -64.311235902409,-9.80524230449821 -64.311411371647,-9.80558701083166 -64.311464962647,-9.80593219087071 -64.311398442613,-9.80672683833705 -64.311399868298,-9.80708948769801 -64.311453459733,-9.80743466767926 -64.31155928496,-9.80777964558581 -64.311769577808,-9.80812421676385 -64.312539954958,-9.80920920440172 -64.31290790584,-9.80979493556288 -64.312978435815,-9.81001916369657 -64.312961975572,-9.81026099884618 -64.312927833685,-9.81043382458216 -64.312824178991,-9.81064145724675 -64.312633266779,-9.81079762000661 -64.312441944032,-9.81085016865524 -64.312215527469,-9.81083377514803 -64.312041277064,-9.81079991196321 -64.311640001316,-9.81059423366662 -64.311186353634,-9.81035421718962 -64.311081885542,-9.81035462126142 -64.310960276826,-9.81042416954105 -64.310891037903,-9.8105280529871 -64.310804728688,-9.81071835050198 -64.310805611218,-9.81094284856037 -64.31082363192,-9.81109820238704 -64.310999647862,-9.81158106226135 -64.311124041293,-9.81221954516153 -64.311073708505,-9.81270328294934 -64.310971480718,-9.81327356454368 -64.310799673655,-9.81386138789874 -64.310386207163,-9.81498549434222 -64.309989474508,-9.81593683972324 -64.309921184643,-9.81628249104529 -64.309922881669,-9.81671421732077 -64.30996082703,-9.81750846077572 -64.3099821775,-9.81850999968475 -64.309899190763,-9.81954647980461 -64.309608417952,-9.82087734293078 -64.30936763651,-9.82163812398791 -64.309091148615,-9.82217454406424 -64.308675839683,-9.82283238393493 -64.307982339939,-9.82359491411456 -64.30723599057,-9.82420222372012 -64.306193361935,-9.82474159988335 -64.305915647442,-9.82496717310825 -64.305724995043,-9.82519240781675 -64.305517197732,-9.82548678910958 -64.305378781367,-9.82571182470308 -64.305135753685,-9.82590272589356 -64.304875315172,-9.82609369156804 -64.304667451423,-9.82637080260686 -64.304459923174,-9.82673426046012 -64.304286952585,-9.82702850449235 -64.303991957073,-9.82728868339506 -64.303801434875,-9.82754845710358 -64.303663151851,-9.82780802949509 -64.303542346913,-9.82808480466921 -64.303422285713,-9.82855154104361 -64.303353379339,-9.82874176805359 -64.303266994588,-9.82891479473377 -64.303128234854,-9.82905348532673 -64.302937375569,-9.8292269142984 -64.302729305636,-9.8294522173951 -64.302608431862,-9.82971172249891 -64.302539592443,-9.8299192193098 -64.302316203681,-9.83067993334624 -64.302282190598,-9.83088729607222 -64.30178026717,-9.83166634970296 -64.301711291845,-9.83183930915634 -64.30171210261,-9.83204653786123 -64.301764948364,-9.8322017583578 -64.301887310121,-9.83232217348575 -64.30206170691,-9.83239058030858 -64.302322760147,-9.83235503501256 -64.302948735553,-9.83212812245596 -64.303226998863,-9.83204070477972 -64.30347104416,-9.83210884251515 -64.303628571508,-9.83231546712404 -64.303699099739,-9.83253969710284 -64.303822815832,-9.83300549145465 -64.304145926822,-9.83547376492312 -64.304112589441,-9.83585381891798 -64.304026610026,-9.8361304601402 -64.303923013765,-9.8363553613923 -64.303680452021,-9.83666714414904 -64.303159487306,-9.83703181038139 -64.301959894555,-9.8375199735315 -64.301560141245,-9.83771147688159 -64.301404169103,-9.83790203895887 -64.30128349479,-9.83821335365771 -64.301215396866,-9.83861080920778 -64.30106057301,-9.83909494931559 -64.300853509932,-9.83957928794431 -64.300420684785,-9.84021991906118 -64.299865966075,-9.84086102114396 -64.299206631899,-9.84146798443933 -64.29799216273,-9.84261242960673 -64.297853600382,-9.84280292615741 -64.297819651648,-9.84302755871511 -64.297855960844,-9.84340734541077 -64.297891191018,-9.84351082608072 -64.298118102796,-9.84364811069507 -64.298379707848,-9.84375072149102 -64.298710761635,-9.84380125714394 -64.299146362094,-9.84386865814257 -64.299582232822,-9.84400513813394 -64.300001232812,-9.84427983614165 -64.300280858495,-9.84453779982916 -64.300682983909,-9.84495071794285 -64.301103270829,-9.8455535270684 -64.301575458417,-9.84606978978683 -64.302745472255,-9.8469114760051 -64.304280898461,-9.84768267097114 -64.305222918104,-9.84811076468082 -64.30597244294,-9.8482978308719 -64.30801069545,-9.8485144441005 -64.308516092915,-9.84861610182394 -64.3088474241,-9.8487357035039 -64.309126515358,-9.84885550734104 -64.310068951719,-9.84938720016328 -64.311552778832,-9.85031398168908 -64.312740105051,-9.85112102563184 -64.31361371783,-9.85186020521066 -64.313911320847,-9.85225624084043 -64.314017442313,-9.85267028904801 -64.314141867194,-9.85330876908039 -64.314126230163,-9.85375783126179 -64.314058078852,-9.85413802018695 -64.313954690851,-9.85441473098447 -64.313921436655,-9.85481205410104 -64.31392266714,-9.85512289521398 -64.313993211426,-9.85534712121308 -64.314116062765,-9.85558841355908 -64.314623113631,-9.85610451513761 -64.314763040778,-9.85625939540598 -64.314885895576,-9.85650068483299 -64.315220247938,-9.85738011389647 -64.315903770831,-9.85848268115915 -64.316148865201,-9.85880984074829 -64.316341378425,-9.85905086010569 -64.316620823387,-9.85925700000209 -64.316882648327,-9.85941140082205 -64.317720231537,-9.85983986328744 -64.318157226451,-9.86025261645392 -64.318210291643,-9.86045963929371 -64.318211595493,-9.86078774951306 -64.318142833505,-9.86101251844355 -64.317934892763,-9.86127237124947 -64.317674369265,-9.86144608179555 -64.316648379721,-9.86181274144 -64.316422616197,-9.86196904542727 -64.316353507603,-9.86210747037793 -64.316354192986,-9.86228016047521 -64.316389979781,-9.86252178867171 -64.316442838818,-9.86267700508308 -64.316582838442,-9.86284915132496 -64.316757528381,-9.86298662449402 -64.317228874118,-9.86327836164684 -64.317455875375,-9.86343289757231 -64.317560908749,-9.86357063986277 -64.317579147026,-9.86377779881666 -64.317545074402,-9.86396789464014 -64.317476240435,-9.86417539379823 -64.317060288084,-9.86467782679356 -64.316922141682,-9.86497194422638 -64.316941202843,-9.86538633026997 -64.317011475287,-9.86554148095933 -64.317168751888,-9.8656790192143 -64.317343169213,-9.86574741533552 -64.317604522055,-9.86578093158604 -64.318370748648,-9.86577793624744 -64.318753930545,-9.86579370766484 -64.319172079911,-9.86584387933577 -64.3193638414,-9.86589493647889 -64.319625535518,-9.86601479729534 -64.319957371277,-9.86625526827115 -64.320464033355,-9.86666774409683 -64.320673557015,-9.86680507830529 -64.320882871887,-9.86689060320013 -64.321179053281,-9.86692398004784 -64.322049697951,-9.86690329928353 -64.322433018551,-9.86695360324965 -64.322729406689,-9.86703878533799 -64.323008862314,-9.86724491845018 -64.323218729355,-9.86746859442888 -64.323359010248,-9.86770981340748 -64.323412494071,-9.86802044798762 -64.323466529657,-9.86846923516992 -64.323330040428,-9.86917781003723 -64.322899919889,-9.8704919568041 -64.322606630129,-9.8711838746189 -64.322157231583,-9.87203182971487 -64.321897802882,-9.87248184711077 -64.321707277278,-9.87274163178779 -64.321481920603,-9.8730015555113 -64.321187042173,-9.87329628673523 -64.320909578661,-9.87359095198106 -64.320753535815,-9.87376425613804 -64.32058042156,-9.87402397210254 -64.320079180994,-9.87497574360977 -64.319838057606,-9.87565018813956 -64.319753324535,-9.87623767236582 -64.31980660104,-9.87649650346353 -64.319981919501,-9.87678939122016 -64.320226551516,-9.87699566219155 -64.320592746362,-9.8771151113586 -64.32189920421,-9.87719633325044 -64.322352539133,-9.8773327058155 -64.322736909233,-9.87764204330924 -64.322982164356,-9.87800373173909 -64.323157762425,-9.87836569612905 -64.323298739109,-9.87877960132914 -64.323387814214,-9.87928005773336 -64.32338940185,-9.87967724317003 -64.322976617709,-9.8809740528406 -64.322995137814,-9.88125028700322 -64.323117871842,-9.88145703670961 -64.323275020966,-9.88156003378996 -64.32350190007,-9.88168002659951 -64.323711087234,-9.88173101146563 -64.324059734291,-9.88181598509467 -64.324861380616,-9.88195098560192 -64.325785276556,-9.88217184737602 -64.326413672641,-9.88253202305068 -64.326728389085,-9.88284162662891 -64.326938895295,-9.88322072043708 -64.327079253612,-9.8834792035944 -64.327167715726,-9.88382423848425 -64.327133991951,-9.88410067792937 -64.327083339497,-9.88449806617495 -64.326703737152,-9.88538029215833 -64.326392687042,-9.8859859386946 -64.326150741398,-9.886453158193 -64.325493596623,-9.88761278126171 -64.325166510099,-9.88856387419453 -64.324651862675,-9.89051731752159 -64.32458420595,-9.89101838989241 -64.324690638391,-9.89150150663712 -64.324779306397,-9.8918983485621 -64.324763204618,-9.89222652590804 -64.324572810534,-9.89252085244237 -64.324347029909,-9.89267716371524 -64.324155733577,-9.89274699433847 -64.323981646103,-9.89276494726458 -64.323807282031,-9.89271382639716 -64.323511010643,-9.89266318526453 -64.3233718917,-9.89271554014315 -64.323267951145,-9.89285410379832 -64.323216741096,-9.89311334210073 -64.32320098345,-9.89352786545781 -64.323449850741,-9.89478753482567 -64.32343354045,-9.89506390571359 -64.323347361552,-9.89528874429029 -64.323191242267,-9.89544478084925 -64.322965459052,-9.89560109151273 -64.322739399182,-9.89568832832736 -64.322495577098,-9.89568928761036 -64.322199438666,-9.89567318253056 -64.321885471781,-9.89555353254 -64.321379170908,-9.89524467868147 -64.321030095451,-9.89505608843219 -64.320716267464,-9.89497097660495 -64.320402784506,-9.89497220795335 -64.320089712782,-9.89507705221999 -64.319811542933,-9.89519902917525 -64.319498611135,-9.89533840984001 -64.319305703389,-9.89551744337659 -64.319255685021,-9.89556386291051 -64.319099770197,-9.895771704453 -64.319030933275,-9.89597920678039 -64.31901482861,-9.89630738453174 -64.319218950501,-9.89669389488921 -64.319317162393,-9.8969009508564 -64.319541642477,-9.89721954246104 -64.319908554459,-9.89768541159084 -64.320118372702,-9.89789181717363 -64.320328398209,-9.89815002917454 -64.32050373112,-9.89844291724098 -64.320819288268,-9.8989597536074 -64.321204444584,-9.89945904595022 -64.321606668474,-9.89987192328411 -64.321834320588,-9.90018187204594 -64.322010208898,-9.90061291142623 -64.322046562997,-9.9009926898442 -64.32201297324,-9.90130366614844 -64.321927137809,-9.90161485051947 -64.321823470693,-9.90182248782377 -64.321702110134,-9.90196111740353 -64.321563194363,-9.90206527859917 -64.321389239913,-9.90211777269609 -64.32116289895,-9.9021359303104 -64.320988877826,-9.90217115451662 -64.32083240665,-9.90224084455815 -64.320624311028,-9.90246616211325 -64.320295820105,-9.90307187442281 -64.320227535305,-9.90341752703247 -64.320262990635,-9.90357280983824 -64.320333275024,-9.9037279582362 -64.320438119868,-9.90381389091514 -64.320560445811,-9.90391702478898 -64.320873939755,-9.90391579218219 -64.321135251663,-9.90393203447839 -64.321240094234,-9.90401796688033 -64.321275481042,-9.90415598232079 -64.32106841847,-9.90464033300571 -64.320982236244,-9.90486517138511 -64.320965579067,-9.90505519640749 -64.320948924415,-9.90524522391918 -64.320879811188,-9.90538365038184 -64.320360220976,-9.90611099673055 -64.320360773458,-9.90624914922432 -64.320396229329,-9.90640443194298 -64.320466514545,-9.90655957770175 -64.320939590865,-9.90726575529016 -64.321342380768,-9.90781678397941 -64.321482678879,-9.90805799863971 -64.321535965123,-9.90831682814553 -64.321642745356,-9.90888628861348 -64.321660646674,-9.90900710277373 -64.321713103481,-9.90905870360875 -64.321818017143,-9.9091619052471 -64.322009945707,-9.90924749676984 -64.322167039739,-9.90933322285788 -64.322237190706,-9.90945383118013 -64.322237951699,-9.90964378755201 -64.322221295385,-9.9098338150213 -64.32225695775,-9.91004090386619 -64.322501482448,-9.91021263255706 -64.323095029195,-9.91055567744792 -64.323147765946,-9.91067635413357 -64.323148319843,-9.91081450393423 -64.323113969749,-9.91093552387938 -64.32301002435,-9.91107408806864 -64.322419106336,-9.91138726050658 -64.322315229693,-9.91154309170125 -64.322333129004,-9.9116639057664 -64.322438112982,-9.91178437672906 -64.323276466454,-9.91236822283502 -64.32339907625,-9.91254043122249 -64.323469574809,-9.91274738240928 -64.3234531271,-9.91298921630829 -64.32333231794,-9.91326599910191 -64.323107147026,-9.91357773071515 -64.322273842947,-9.91425451268635 -64.322170103937,-9.91444488326733 -64.322136171063,-9.91466951616673 -64.322189390328,-9.91491107310014 -64.322329487567,-9.91510048283372 -64.323132668464,-9.91559812211684 -64.323237654143,-9.9157185926014 -64.323273251493,-9.91590841143608 -64.323221555314,-9.91604676976214 -64.322839490213,-9.91632458279536 -64.322770240121,-9.91642847042871 -64.322753445767,-9.91658395853608 -64.322824222197,-9.9168599858847 -64.322912136881,-9.91706686839319 -64.323034956409,-9.91729088313489 -64.323070412854,-9.91744616516446 -64.32308838485,-9.91758424871632 -64.323072699216,-9.91801603880961 -64.323004141754,-9.91829261557644 -64.322710199593,-9.91882912014747 -64.322606598285,-9.91905402528327 -64.322555455629,-9.91933053334559 -64.322539423167,-9.91967598018344 -64.322523737072,-9.92010777030494 -64.322577581517,-9.92050474885931 -64.323087113377,-9.9216079642841 -64.323314992435,-9.92196971847316 -64.323526080618,-9.92248695800979 -64.323721482942,-9.92343598973301 -64.323739872027,-9.92367768599551 -64.323706145684,-9.92395412536353 -64.323412619524,-9.92459424125082 -64.323309502872,-9.92494003172948 -64.323293610403,-9.92532001521744 -64.323417058207,-9.92569944858821 -64.323662634178,-9.92613020935071 -64.324240115782,-9.9268014224349 -64.324660426536,-9.92736964351245 -64.324888798147,-9.92785227569967 -64.325256439775,-9.92831708948877 -64.326078189663,-9.92909094916431 -64.326585176106,-9.92955520707612 -64.326690376701,-9.92972748199489 -64.326708421103,-9.92988283458827 -64.326694550464,-9.93076361405425 -64.326799475808,-9.9308668128943 -64.326956164352,-9.93084892243949 -64.327095225699,-9.93077929456786 -64.327251566195,-9.93067506091571 -64.327425672991,-9.93065710125221 -64.327617546225,-9.93072541803204 -64.327844253805,-9.93079359663266 -64.328035706835,-9.93075830051455 -64.328139866474,-9.93067154070371 -64.328520824287,-9.93011741911077 -64.328746765172,-9.92999563899552 -64.328920871439,-9.929977681111 -64.329164924771,-9.93002852017553 -64.329496346224,-9.93014808938488 -64.330542448289,-9.93040297229359 -64.330839173289,-9.93055721507936 -64.330979352648,-9.93076388660095 -64.331102044016,-9.93095336015864 -64.331173597219,-9.93141933964844 -64.33124536268,-9.93193712782537 -64.331333916026,-9.93229942797883 -64.331491864168,-9.93259237280696 -64.331719830738,-9.93297138593903 -64.332245504498,-9.93374640397228 -64.33233322356,-9.93390147871705 -64.332299155208,-9.93409157261333 -64.332212696457,-9.9342473377029 -64.332056426169,-9.93436884324165 -64.331917432077,-9.93445574280639 -64.331726536513,-9.93462919048477 -64.331605449765,-9.93483690272846 -64.331433227135,-9.93532112096117 -64.331331933367,-9.93611590209512 -64.331332562002,-9.93627132080529 -64.331403351797,-9.93654734454152 -64.331508976603,-9.93682322972004 -64.331579135395,-9.93694383469849 -64.331701899722,-9.93715057469878 -64.331789829298,-9.93735745319448 -64.332018569076,-9.93792642333973 -64.332123985256,-9.93815050196323 -64.332527326188,-9.93882239085542 -64.333035876394,-9.9396665485003 -64.33324594191,-9.93992474950381 -64.333490702969,-9.94014827243422 -64.334171828633,-9.94059455144351 -64.334416523276,-9.940800806478 -64.33455670738,-9.9410074755264 -64.33466184621,-9.94116247725487 -64.334680105834,-9.94136963239386 -64.334646111265,-9.94157699840995 -64.33436924236,-9.94202709800175 -64.33421388024,-9.9423730965515 -64.334180092961,-9.94263226872682 -64.334076354544,-9.9428226404501 -64.333659929332,-9.94322148899988 -64.333503933382,-9.94341207137227 -64.333400054343,-9.94356790634673 -64.333245670707,-9.9441556684461 -64.333142211358,-9.94441511572671 -64.332588604612,-9.94534985241212 -64.332363495337,-9.94567886094457 -64.332225756328,-9.94607659831905 -64.33222708571,-9.9464047050019 -64.332245624434,-9.94668093611952 -64.332333977545,-9.94699142634595 -64.332404909097,-9.94730198591849 -64.332580353846,-9.94761213159363 -64.333454710847,-9.9484548287711 -64.333647293819,-9.94869582851621 -64.333700039657,-9.94881650198526 -64.333718439885,-9.94905819620577 -64.333719420816,-9.94929995738768 -64.333807423411,-9.94952410417578 -64.333947544059,-9.94971350588256 -64.334087802534,-9.94993744410837 -64.334123552499,-9.95016179920657 -64.334054718606,-9.95036930171386 -64.334038140328,-9.95057659574805 -64.334004075068,-9.95076669222044 -64.334128529578,-9.95138787934321 -64.334181977234,-9.95168124056734 -64.33407858719,-9.95195795778007 -64.333923011151,-9.95225215301519 -64.333854597449,-9.95256326779533 -64.33387292574,-9.95278769237893 -64.333943442563,-9.95299463889893 -64.334048655831,-9.953166909792 -64.334205847369,-9.95326989641085 -64.334571920687,-9.95333751198838 -64.334851182045,-9.95347455056043 -64.334973745328,-9.95362948198231 -64.334974517144,-9.95381943686909 -64.334923102941,-9.95402687247349 -64.334871899171,-9.9542861116824 -64.334942554867,-9.95452759692851 -64.335082678614,-9.95471699524109 -64.335816305879,-9.95521486614981 -64.33611298896,-9.95535183375627 -64.336531602205,-9.95548831101443 -64.336984844192,-9.95557284478117 -64.337768833498,-9.95560424484168 -64.339405783734,-9.95549407514803 -64.339928558526,-9.95554378660776 -64.34045147682,-9.9556280337075 -64.34094019048,-9.9558678401496 -64.341324603513,-9.95615987121004 -64.341604574818,-9.95646958828827 -64.341762543434,-9.9567625276503 -64.341851120838,-9.95712481959827 -64.342009019486,-9.95740048928098 -64.34220182844,-9.95769328839461 -64.342290192436,-9.95800377418355 -64.342361351175,-9.95836613832672 -64.34246692357,-9.95862474809813 -64.342659521941,-9.95886574085274 -64.342851694365,-9.9590031191236 -64.343043798842,-9.95912323027885 -64.343200922576,-9.95920894242709 -64.343323350606,-9.95932933349825 -64.343446058817,-9.95951879989853 -64.343621591939,-9.95984620430827 -64.343779354753,-9.96008733630138 -64.343902063536,-9.96027679995447 -64.343990008493,-9.96048367314956 -64.344122206444,-9.96086306072823 -64.344254404743,-9.9612424457066 -64.344660137445,-9.96248417671175 -64.344783274783,-9.96277725405758 -64.344940966792,-9.96300111571928 -64.34511579595,-9.96315583180315 -64.345273346833,-9.96334515684473 -64.345343590548,-9.9634830242883 -64.345396768247,-9.9637073066395 -64.345416807462,-9.96434617862768 -64.345418294104,-9.96470881957575 -64.345437127581,-9.9650541233882 -64.345543129956,-9.96541634317516 -64.345877142361,-9.96615756298709 -64.346477409952,-9.96810653179826 -64.346724825268,-9.96896898238615 -64.346778433185,-9.96929687580679 -64.34674486874,-9.96960785121773 -64.34660664802,-9.96988471194255 -64.346485490479,-9.97007516018534 -64.346277519566,-9.97033503248646 -64.34605177361,-9.97050863276083 -64.345773627065,-9.97064790725969 -64.345547526373,-9.97073516254093 -64.345408664161,-9.97085660546669 -64.34527001686,-9.97102985416987 -64.345201258533,-9.97125462781807 -64.345201896006,-9.97141004531783 -64.345343022864,-9.97184119963313 -64.345413693993,-9.97208268090404 -64.34546729903,-9.97241057459148 -64.34543394848,-9.97277335583304 -64.345382610574,-9.97299805928495 -64.344759040962,-9.97386402203063 -64.34456862622,-9.97415835988956 -64.343979256573,-9.97486876122018 -64.343910284502,-9.97504172892446 -64.343928129886,-9.9751452729429 -64.343998093078,-9.97521406502204 -64.344155225282,-9.97529977809717 -64.344329424131,-9.97529907615257 -64.344851522195,-9.97517608868372 -64.344973461563,-9.97517559708262 -64.345147589429,-9.97515762527881 -64.345321788131,-9.97515692282611 -64.345478778815,-9.97520809635943 -64.345653473703,-9.97532827479018 -64.345776192887,-9.97551773918547 -64.345811811475,-9.97570755242806 -64.34579545677,-9.97596665423247 -64.345657088924,-9.97620897605698 -64.345448972284,-9.97643431197078 -64.345379646425,-9.97652093771602 -64.345293398459,-9.97672851227091 -64.345277253492,-9.97703941741965 -64.345418383857,-9.97747057123104 -64.345506406672,-9.97769471252494 -64.34561269869,-9.97812600921494 -64.345859628968,-9.97886757571497 -64.346562389675,-9.98031532964911 -64.347053985703,-9.98124586574263 -64.347124803007,-9.98152188242766 -64.347230530884,-9.98181502771089 -64.347301490554,-9.98212558065052 -64.347302768933,-9.98243641767666 -64.347321326313,-9.98271264545229 -64.347252639083,-9.982954686426 -64.347079714651,-9.98326622747014 -64.34695841147,-9.98342213751161 -64.34666297863,-9.98359602076479 -64.346384538102,-9.98366621939882 -64.346106097436,-9.98373642031515 -64.345775253998,-9.98377229566347 -64.345461687131,-9.98377356152386 -64.344432898599,-9.98353594651946 -64.344067071066,-9.98353742181865 -64.343858099028,-9.98355553410207 -64.343753860936,-9.9836250282433 -64.343685029201,-9.98383253495419 -64.343720860687,-9.9840741541942 -64.343861074766,-9.98428081562319 -64.344350331929,-9.98464149181035 -64.344664466959,-9.98477837486211 -64.345170435017,-9.9849662925373 -64.345588879641,-9.98505094696513 -64.345885665274,-9.9852051710039 -64.346148034721,-9.98546314451562 -64.346341008887,-9.98579047445397 -64.34634264182,-9.98618765364044 -64.346328273623,-9.98693027411218 -64.346242305913,-9.9872069242601 -64.346052101968,-9.98755307183425 -64.345844902265,-9.98800290125096 -64.345221736468,-9.98897247924629 -64.344476338604,-9.9898734709671 -64.344233515125,-9.99013348666371 -64.344042454194,-9.99027240784717 -64.343868743651,-9.99039399172383 -64.343242662218,-9.99065555028985 -64.342912023744,-9.99074322955819 -64.342633505289,-9.9907961589859 -64.342337426116,-9.99081462199922 -64.341274409676,-9.99073255791118 -64.340752141504,-9.99082100668192 -64.340126268147,-9.99113436569386 -64.339762130522,-9.99155028446255 -64.339693365829,-9.99177505776385 -64.339694496857,-9.99205135666057 -64.339923229639,-9.99260304336072 -64.340432323584,-9.99355078797214 -64.340659785342,-9.99379163865795 -64.340921734388,-9.99394600408782 -64.341235807085,-9.99406562237028 -64.341828894739,-9.99425319003916 -64.34217809214,-9.99444174221735 -64.342422762337,-9.99463071540213 -64.342667789662,-9.99490603054885 -64.34279065786,-9.99513003146785 -64.342878895452,-9.99540597865818 -64.342914943939,-9.99569940353061 -64.342898869053,-9.99602757807406 -64.342658518507,-9.99689199607284 -64.342366331693,-9.99786023389498 -64.341951696655,-9.99870808475956 -64.341308005983,-9.99974220629322 -64.341122991755,-10.0000394418172 -64.340865484895,-10.0016110074999 -64.340868333728,-10.0023056270582 -64.340671174114,-10.0030506696305 -64.340249689079,-10.0040198901589 -64.340150601059,-10.0042683720681 -64.34022659672,-10.0044913401102 -64.340502398738,-10.0046142689432 -64.340853179441,-10.0047120892923 -64.341279445272,-10.0049088364343 -64.341405290966,-10.0050819885544 -64.341431540424,-10.0053795798116 -64.341259205285,-10.0060749080359 -64.34118605918,-10.0065465596811 -64.341237843089,-10.0069680905113 -64.34149136973,-10.0077609326756 -64.342070250127,-10.008552459019 -64.342372202862,-10.0089481736542 -64.342523996332,-10.0093444917263 -64.342551165241,-10.0098653553666 -64.342430822115,-10.0110318279091 -64.342357065846,-10.0113546336202 -64.342408139096,-10.0116025098004 -64.342734307722,-10.0117996579404 -64.343110224401,-10.0119221817605 -64.343461421837,-10.0121192279616 -64.343813334195,-10.0124899276788 -64.344164634721,-10.0127117810549 -64.344565887413,-10.0129086259689 -64.345893557167,-10.0132009492301 -64.347596536624,-10.0134669394782 -64.348447667168,-10.0135131043952 -64.349974430747,-10.0135317152032 -64.351977019024,-10.0136228065103 -64.353329105747,-10.0137661517013 -64.354105876635,-10.0139862633084 -64.354708073684,-10.0143559298046 -64.355260732966,-10.0148498388578 -64.355938839202,-10.0154176599941 -64.356916759092,-10.0158602135583 -64.358019923523,-10.0163270603855 -64.358346207859,-10.0165489991976 -64.35847237675,-10.0167965641817 -64.35852397952,-10.0171684731169 -64.358576098729,-10.0176644215411 -64.358602366209,-10.0179620115382 -64.358653762964,-10.0182843070794 -64.35883029969,-10.0186060882635 -64.358931544733,-10.0188785631636 -64.358907551684,-10.0191267420217 -64.35883308841,-10.0192758965488 -64.358708467234,-10.0194004454049 -64.358609491646,-10.019673739277 -64.358585702407,-10.0199715339511 -64.358511964277,-10.0202943412403 -64.358362933614,-10.0205678398044 -64.358314634395,-10.0209897738406 -64.358340486698,-10.0211881322027 -64.358491686543,-10.0214355945118 -64.358818493287,-10.0217815715559 -64.359345419692,-10.0221019183041 -64.361225090984,-10.0227144215044 -64.362553432035,-10.0231555179166 -64.363431065338,-10.0235488429417 -64.364159570054,-10.024190858208 -64.364587222116,-10.0247100693463 -64.364689203411,-10.0251561963055 -64.364665004862,-10.0253547593226 -64.364465403685,-10.0255044267676 -64.36414024755,-10.0255553795006 -64.363765035881,-10.0256065375537 -64.363489727428,-10.0256076683697 -64.36331494453,-10.0257076167397 -64.363215455847,-10.0258568748978 -64.363217322341,-10.02630341108 -64.36331951002,-10.0267991517832 -64.363646949818,-10.0272939671034 -64.364048022674,-10.0274411662415 -64.366431204524,-10.0287461881051 -64.369038724393,-10.0298269910006 -64.37044281051,-10.0304165872158 -64.371195849147,-10.0309344432791 -64.372502755665,-10.0322190499757 -64.3733843959,-10.0335550297803 -64.375305203339,-10.0379628755343 -64.375735828678,-10.0391766750508 -64.375888305953,-10.039721816121 -64.375889458807,-10.0399946982202 -64.375865269836,-10.0401932611123 -64.375740963512,-10.0403922394873 -64.375390766116,-10.0404433088144 -64.375165608664,-10.0404690509974 -64.374990196888,-10.0404201623094 -64.374840336267,-10.0404952082374 -64.37481582993,-10.0406193480444 -64.374942127015,-10.0408917112256 -64.374993339281,-10.0411643857767 -64.374894373856,-10.0414376832258 -64.374694978821,-10.0416369727719 -64.374545431751,-10.041786439251 -64.374471184291,-10.0419852122231 -64.374472022054,-10.0421836713422 -64.374573184783,-10.0424313306903 -64.374674559696,-10.0427286053704 -64.374626279982,-10.0431505388846 -64.374503333551,-10.0436720146098 -64.374405207628,-10.04414377112 -64.374432330215,-10.0446398163103 -64.374509199405,-10.0450612307335 -64.374661366997,-10.0455319489917 -64.375064877169,-10.046249702887 -64.376120415094,-10.0472624432975 -64.377450868051,-10.0481748040339 -64.37817924775,-10.0487671637771 -64.37840577655,-10.0490639157893 -64.378582454744,-10.0494104887384 -64.378709600199,-10.0498813081406 -64.378813189914,-10.050699536147 -64.378765441597,-10.0512455077293 -64.378616736442,-10.0515934349504 -64.378342984534,-10.0519666932216 -64.378044096062,-10.0523152478598 -64.377845327983,-10.0526633832149 -64.377771498879,-10.05296138498 -64.377598811933,-10.0535574926363 -64.376854842952,-10.0551979040151 -64.376657332545,-10.0558437284114 -64.37666374011,-10.057356980538 -64.376593481194,-10.0584984350596 -64.376496302327,-10.0591934583739 -64.376348640119,-10.0597894617951 -64.376025554493,-10.0603365760704 -64.375652092272,-10.0608094778096 -64.375078381421,-10.0612832140628 -64.374030032214,-10.0619821891021 -64.373005973651,-10.0625074061984 -64.372631875699,-10.0628314617385 -64.372532904051,-10.0631047567756 -64.372710846381,-10.0637490246459 -64.373265927419,-10.0647886515754 -64.373970781727,-10.0657284224178 -64.374447840381,-10.066073748586 -64.374950349532,-10.0665182005022 -64.375503659528,-10.0671360967975 -64.37638195536,-10.0676534069257 -64.377359643081,-10.0679966438189 -64.378060829102,-10.0680681463819 -64.378535999525,-10.0679669333899 -64.378960054638,-10.0676178573657 -64.380006931984,-10.0665715619122 -64.381080311109,-10.0658724633179 -64.381555793426,-10.0658456693039 -64.382181883902,-10.0659174748139 -64.383033779299,-10.066112374952 -64.383736020191,-10.0664319390422 -64.3855197768,-10.0679625509699 -64.387302174542,-10.0691706555244 -64.388631581243,-10.0698100738237 -64.389183859184,-10.0701798703179 -64.389460264005,-10.07042678316 -64.389662424827,-10.0708724739062 -64.389814309457,-10.0712687574554 -64.389841040965,-10.0716655671535 -64.389842846577,-10.0720872920897 -64.389845502017,-10.072707471977 -64.389872977529,-10.0732779340763 -64.390050427551,-10.0737981494505 -64.39030265417,-10.0742436262347 -64.390479789234,-10.0746894187199 -64.390506838777,-10.0751606506011 -64.390483403293,-10.0755328656983 -64.390509177406,-10.0757064102474 -64.390659899113,-10.0758298155454 -64.390910639712,-10.0759279892865 -64.391236584452,-10.0760506565745 -64.391387304035,-10.0761740589916 -64.391413400387,-10.0764220257997 -64.391314019752,-10.0765960972818 -64.391139434855,-10.0767456800049 -64.391014808657,-10.0768702418829 -64.391015659517,-10.077068701693 -64.391091605791,-10.0772668427901 -64.391418187819,-10.0775383520382 -64.391921271299,-10.0781068071895 -64.392123547972,-10.0785773000957 -64.392782682185,-10.0805095179096 -64.39326159278,-10.0812765351259 -64.393789929504,-10.0818944978592 -64.394217394651,-10.0823392302134 -64.394594794917,-10.0827841733136 -64.394822112157,-10.0832545577868 -64.395000324549,-10.0839484178641 -64.395404362709,-10.0847653625965 -64.396646216218,-10.0861754685312 -64.396931781733,-10.0863936439903 -64.397200995285,-10.0864865268733 -64.397501497596,-10.0865009242393 -64.397770238321,-10.0864841167173 -64.398133853219,-10.0864669071143 -64.398482061717,-10.0865437822153 -64.39878289958,-10.0866365297374 -64.399004474886,-10.0866826017874 -64.399336463326,-10.0866655248894 -64.39958898847,-10.0865547598463 -64.40004713631,-10.0864587970463 -64.400347502966,-10.0864418507963 -64.400442577682,-10.0864884585413 -64.400500276313,-10.0865932488934 -64.400500276991,-10.0865932499034</coordinates></LinearRing></outerBoundaryIs></Polygon>
  </Placemark>
</Folder>
</Document></kml>
