<?xml version="1.0" encoding="utf-8" ?>
<kml xmlns="http://www.opengis.net/kml/2.2">
<Document id="root_doc">
<Schema name="kayapo" id="kayapo">
	<SimpleField name="timestamp" type="string"></SimpleField>
	<SimpleField name="begin" type="string"></SimpleField>
	<SimpleField name="end" type="string"></SimpleField>
	<SimpleField name="altitudeMode" type="string"></SimpleField>
	<SimpleField name="tessellate" type="int"></SimpleField>
	<SimpleField name="extrude" type="int"></SimpleField>
	<SimpleField name="visibility" type="int"></SimpleField>
	<SimpleField name="drawOrder" type="int"></SimpleField>
	<SimpleField name="icon" type="string"></SimpleField>
	<SimpleField name="gid" type="int"></SimpleField>
	<SimpleField name="terrai_codigo" type="int"></SimpleField>
	<SimpleField name="terrai_nome" type="string"></SimpleField>
	<SimpleField name="etnia_nome" type="string"></SimpleField>
	<SimpleField name="municipio_nome" type="string"></SimpleField>
	<SimpleField name="uf_sigla" type="string"></SimpleField>
	<SimpleField name="superficie_perimetro_ha" type="float"></SimpleField>
	<SimpleField name="fase_ti" type="string"></SimpleField>
	<SimpleField name="modalidade_ti" type="string"></SimpleField>
	<SimpleField name="reestudo_ti" type="string"></SimpleField>
	<SimpleField name="cr" type="string"></SimpleField>
	<SimpleField name="faixa_fronteira" type="string"></SimpleField>
	<SimpleField name="undadm_codigo" type="string"></SimpleField>
	<SimpleField name="undadm_nome" type="string"></SimpleField>
	<SimpleField name="undadm_sigla" type="string"></SimpleField>
	<SimpleField name="dominio_uniao" type="string"></SimpleField>
	<SimpleField name="data_atualizacao" type="string"></SimpleField>
	<SimpleField name="epsg" type="int"></SimpleField>
</Schema>
<Folder><name>kayapo</name>
  <Placemark>
	<Style><LineStyle><color>ff0000ff</color></LineStyle><PolyStyle><fill>0</fill></PolyStyle></Style>
	<ExtendedData><SchemaData schemaUrl="#kayapo">
		<SimpleData name="tessellate">-1</SimpleData>
		<SimpleData name="extrude">0</SimpleData>
		<SimpleData name="visibility">-1</SimpleData>
		<SimpleData name="gid">153</SimpleData>
		<SimpleData name="terrai_codigo">23001</SimpleData>
		<SimpleData name="terrai_nome">Kayapó</SimpleData>
		<SimpleData name="etnia_nome">Kayapó</SimpleData>
		<SimpleData name="municipio_nome">Bannach,Cumaru do Norte,São Félix do Xingu,Ourilândia do Norte</SimpleData>
		<SimpleData name="uf_sigla">PA</SimpleData>
		<SimpleData name="superficie_perimetro_ha">3284004.9719</SimpleData>
		<SimpleData name="fase_ti">Regularizada</SimpleData>
		<SimpleData name="modalidade_ti">Tradicionalmente ocupada</SimpleData>
		<SimpleData name="cr">COORDENACAO REGIONAL KAYAPÓ SUL DO PARÁ</SimpleData>
		<SimpleData name="faixa_fronteira">Não</SimpleData>
		<SimpleData name="undadm_codigo">30202001920</SimpleData>
		<SimpleData name="undadm_nome">COORDENACAO REGIONAL KAYAPÓ SUL DO PARÁ</SimpleData>
		<SimpleData name="undadm_sigla">CR-KSPA</SimpleData>
		<SimpleData name="dominio_uniao">t</SimpleData>
		<SimpleData name="data_atualizacao">26/01/2023</SimpleData>
		<SimpleData name="epsg">0</SimpleData>
	</SchemaData></ExtendedData>
      <Polygon><outerBoundaryIs><LinearRing><coordinates>-52.74725147,-7.72060776053537 -52.74536448,-7.71332937053343 -52.74518476,-7.7094655405324 -52.74446591,-7.70542199053133 -52.74205516,-7.70101614053016 -52.74186007,-7.70065958053007 -52.74210593,-7.69988848052986 -52.74383691,-7.69445948052842 -52.74554419,-7.68655209052633 -52.74446591,-7.67954327052448 -52.74275863,-7.67451130052316 -52.73817594,-7.6716358905224 -52.73593417,-7.66944507052183 -52.73422225,-7.66777205052138 -52.7333839,-7.6667040905211 -52.73245152,-7.66551635052079 -52.7496785,-7.66729967052126 -52.74967851,-7.66729967052126 -52.75151146,-7.66682863052114 -52.75151148,-7.66682863052114 -52.75151149,-7.66682862052114 -52.75206814,-7.66622989052098 -52.75287515,-7.66579624052087 -52.75329366,-7.66574942052085 -52.75428987,-7.66586074052088 -52.75707246,-7.66686813052115 -52.75754904,-7.66694186052117 -52.75754905,-7.66694186052117 -52.75814146,-7.66690898052116 -52.75814147,-7.66690898052116 -52.75898661,-7.66664613052109 -52.75898663,-7.66664612052109 -52.76040482,-7.66543076052077 -52.76104089,-7.66508730052068 -52.76163452,-7.66499980052066 -52.76286792,-7.66511492052069 -52.76286793,-7.66511492052069 -52.76422143,-7.6647889505206 -52.76422144,-7.6647889405206 -52.76476067,-7.6644153105205 -52.76476068,-7.6644153105205 -52.76538799,-7.66376175052033 -52.765388,-7.66376173052033 -52.76617906,-7.66240426051998 -52.76617907,-7.66240424051997 -52.76663807,-7.66116232051965 -52.76663808,-7.66116231051965 -52.76695639,-7.6602009005194 -52.76724649,-7.6598081405193 -52.76769876,-7.6594431005192 -52.76839017,-7.65902923051909 -52.76886894,-7.65885060051905 -52.77021377,-7.65889336051906 -52.77072246,-7.65889253051905 -52.77108399,-7.65900976051909 -52.77228863,-7.66012794051938 -52.77228864,-7.66012795051938 -52.77318034,-7.66047987051947 -52.77318036,-7.66047987051947 -52.77390102,-7.66038938051945 -52.77390104,-7.66038938051945 -52.77511181,-7.65979245051929 -52.77548624,-7.65971885051927 -52.77582518,-7.65978526051929 -52.77733773,-7.66043254051946 -52.77733775,-7.66043254051946 -52.77816327,-7.66045092051946 -52.77816329,-7.66045092051946 -52.77892848,-7.66014794051938 -52.77892849,-7.66014794051938 -52.77975076,-7.65947186051921 -52.7803695,-7.65935141051917 -52.78130997,-7.6594439005192 -52.78670068,-7.66052508051948 -52.78920773,-7.66148183051974 -52.78920774,-7.66148183051974 -52.78967121,-7.66154790051975 -52.78967123,-7.66154790051975 -52.79074328,-7.66140022051971 -52.79113115,-7.66144219051973 -52.79154427,-7.66162807051977 -52.79208086,-7.6620994305199 -52.79208087,-7.66209943051989 -52.7925442,-7.66228375051995 -52.79298439,-7.66283172052009 -52.79298441,-7.66283173052009 -52.79363809,-7.6632699305202 -52.7936361,-7.66352916052027 -52.79335682,-7.66431555052048 -52.79335681,-7.66431557052048 -52.79335681,-7.66431559052048 -52.79335681,-7.66431562052048 -52.79335682,-7.66431564052048 -52.79356014,-7.66491008052064 -52.79356016,-7.66491011052063 -52.79383028,-7.66520391052071 -52.79383029,-7.66520392052071 -52.79467603,-7.66570146052084 -52.79501692,-7.66623103052098 -52.79557041,-7.66703548052119 -52.79557042,-7.66703550052119 -52.79608319,-7.66746652052131 -52.79641282,-7.66799233052144 -52.79673303,-7.66931481052179 -52.79673304,-7.66931482052179 -52.79727476,-7.67081261052218 -52.79757504,-7.67246012052262 -52.79757505,-7.67246014052262 -52.79757505,-7.67246016052262 -52.79757506,-7.67246017052262 -52.79795183,-7.67298299052275 -52.79795184,-7.67298300052276 -52.79901039,-7.67364809052293 -52.80097379,-7.67521831052334 -52.80249479,-7.67688349052378 -52.8024948,-7.67688350052378 -52.80285558,-7.67707168052383 -52.80285559,-7.67707168052383 -52.80378969,-7.67727996052388 -52.80454127,-7.67776937052401 -52.80454128,-7.67776938052402 -52.80454129,-7.67776938052402 -52.80715678,-7.67797882052407 -52.80764714,-7.67818696052413 -52.80919533,-7.67944034052446 -52.81026973,-7.68125509052493 -52.81070007,-7.68205378052515 -52.81083147,-7.6826513505253 -52.81072457,-7.68300156052539 -52.8102867,-7.68365473052557 -52.81028669,-7.68365475052557 -52.81012252,-7.68409720052568 -52.81012252,-7.68409722052568 -52.81012251,-7.68409724052568 -52.81012251,-7.68409726052568 -52.81017433,-7.68445472052578 -52.81017433,-7.68445474052578 -52.81017434,-7.68445475052578 -52.81041636,-7.68502212052593 -52.81021872,-7.6860539905262 -52.81021871,-7.6860540105262 -52.81021871,-7.6860540305262 -52.81028474,-7.68662118052635 -52.81028474,-7.68662120052635 -52.81028475,-7.68662121052635 -52.81028476,-7.68662123052635 -52.81046037,-7.68691225052642 -52.81046038,-7.68691226052643 -52.81046039,-7.68691227052643 -52.81071159,-7.68707594052647 -52.8107116,-7.68707595052647 -52.81106368,-7.68715150052649 -52.8118728,-7.68707756052647 -52.81222353,-7.68722715052651 -52.81242217,-7.68745966052657 -52.81242219,-7.68745967052657 -52.8124222,-7.68745967052657 -52.81500237,-7.68811095052674 -52.81552181,-7.68835223052681 -52.81575118,-7.68858541052687 -52.8162144,-7.68963123052715 -52.81621441,-7.68963125052715 -52.81621442,-7.68963126052715 -52.81621443,-7.68963127052715 -52.81657434,-7.6898252205272 -52.81657435,-7.6898252205272 -52.81768656,-7.69002909052725 -52.8185359,-7.69048523052737 -52.81876179,-7.69073081052743 -52.81896596,-7.69140747052762 -52.81896597,-7.69140749052762 -52.81896598,-7.69140750052762 -52.81896599,-7.69140751052762 -52.81960568,-7.69198236052777 -52.81960569,-7.69198236052777 -52.81960571,-7.69198237052777 -52.82131775,-7.69200087052777 -52.82197466,-7.69221949052783 -52.82212416,-7.69251515052791 -52.82169441,-7.69342999052815 -52.8216944,-7.69343001052815 -52.8216944,-7.69343003052815 -52.82168877,-7.6936186105282 -52.82168878,-7.6936186305282 -52.82178309,-7.69370832052822 -52.82336269,-7.69364962052821 -52.82336271,-7.69364962052821 -52.82336272,-7.69364961052821 -52.82400247,-7.69302893052805 -52.82465907,-7.69279107052798 -52.82585948,-7.69259374052793 -52.82664327,-7.69266147052795 -52.82683804,-7.692859070528 -52.82692316,-7.69309879052806 -52.82679598,-7.69408868052832 -52.82679598,-7.69408870052832 -52.82679598,-7.69408872052833 -52.82679598,-7.69408874052832 -52.82694568,-7.69463129052847 -52.82694568,-7.69463131052847 -52.82694569,-7.69463132052847 -52.82725903,-7.69508142052859 -52.82725905,-7.69508143052859 -52.82805996,-7.69577573052877 -52.82805997,-7.69577574052877 -52.82805998,-7.69577574052877 -52.82951749,-7.69584791052879 -52.83030156,-7.69633540052892 -52.83094108,-7.69686727052906 -52.83094109,-7.69686728052906 -52.83145278,-7.69709266052912 -52.8314528,-7.69709267052912 -52.83184493,-7.69710320052912 -52.83184494,-7.69710319052912 -52.83282249,-7.69678203052904 -52.8331312,-7.69681380052905 -52.8332231,-7.69697110052909 -52.83303772,-7.6973787705292 -52.83303771,-7.6973787905292 -52.83303771,-7.6973788105292 -52.83303771,-7.6973788405292 -52.83303771,-7.6973788605292 -52.83310263,-7.69763761052926 -52.83310263,-7.69763763052927 -52.83310264,-7.69763765052926 -52.83310266,-7.69763766052926 -52.83344528,-7.69787543052933 -52.8334453,-7.69787543052933 -52.83429786,-7.69800505052936 -52.83440035,-7.69857098052951 -52.83440035,-7.69857100052951 -52.83440036,-7.69857102052951 -52.83440037,-7.69857103052951 -52.83469979,-7.69885690052959 -52.8346998,-7.69885691052959 -52.83469982,-7.69885691052959 -52.83514026,-7.69886967052959 -52.83651745,-7.69914649052966 -52.837116,-7.69936009052972 -52.83813135,-7.69994477052987 -52.83813137,-7.69994478052988 -52.83839595,-7.70001416052989 -52.83839597,-7.70001416052989 -52.83890028,-7.69993524052987 -52.8389003,-7.69993523052988 -52.83968678,-7.69937890052972 -52.84006823,-7.69920874052968 -52.84049616,-7.69922471052969 -52.84088356,-7.69942294052974 -52.84140117,-7.69999427052989 -52.84178822,-7.70069682053007 -52.84178823,-7.70069683053008 -52.84203841,-7.70095479053014 -52.84203842,-7.70095479053014 -52.84203843,-7.70095480053014 -52.84240091,-7.70106843053017 -52.84240093,-7.70106843053017 -52.84339475,-7.70097230053015 -52.84414454,-7.70159805053031 -52.84414456,-7.70159806053031 -52.84414458,-7.70159806053031 -52.84463055,-7.70147129053028 -52.84528681,-7.7015522805303 -52.84528682,-7.7015522705303 -52.8468547,-7.70113324053019 -52.84925006,-7.70012724052993 -52.85261877,-7.69857351052951 -52.85261878,-7.69857350052951 -52.85478127,-7.69734307052919 -52.85665565,-7.69717827052914 -52.85731418,-7.69722361052915 -52.85811502,-7.69789621052933 -52.85916417,-7.69945313052975 -52.85916418,-7.69945315052975 -52.85972631,-7.69985295052985 -52.85972632,-7.69985296052985 -52.86028137,-7.7000422205299 -52.86088402,-7.70021671052995 -52.86157081,-7.70054553053004 -52.86209788,-7.70097007053015 -52.8620979,-7.70097007053015 -52.86270062,-7.7011603005302 -52.86270064,-7.7011603005302 -52.86352716,-7.70102073053016 -52.86447696,-7.70072539053008 -52.86512259,-7.70063488053006 -52.8656474,-7.70068847053008 -52.86706707,-7.70095740053014 -52.86734821,-7.70112731053019 -52.86759596,-7.70147266053028 -52.86781461,-7.70216676053047 -52.86781462,-7.70216679053047 -52.86805243,-7.70255723053057 -52.86805244,-7.70255724053057 -52.86805245,-7.70255725053057 -52.86933492,-7.70320007053074 -52.87003621,-7.70382181053091 -52.87006678,-7.70426343053102 -52.86970572,-7.70523635053128 -52.86970571,-7.70523637053128 -52.86970571,-7.70523639053128 -52.86970571,-7.70523640053128 -52.86970571,-7.70523642053128 -52.86980063,-7.70571654053141 -52.86980063,-7.70571656053141 -52.86980064,-7.70571657053141 -52.87004226,-7.70610564053151 -52.87004227,-7.70610566053151 -52.87072911,-7.70664674053166 -52.87137281,-7.70733330053184 -52.87137283,-7.70733331053184 -52.87254255,-7.70797345053201 -52.87397301,-7.70902091053228 -52.87397302,-7.70902092053228 -52.87478313,-7.70941834053239 -52.87478314,-7.70941834053239 -52.87531985,-7.70951445053242 -52.876582,-7.71008880053257 -52.8786814,-7.71176210053302 -52.88024822,-7.71265046053325 -52.88118781,-7.71381676053356 -52.88118782,-7.71381677053356 -52.88149366,-7.71407227053363 -52.88149367,-7.71407228053363 -52.88191409,-7.71426906053368 -52.8819141,-7.71426906053368 -52.88335765,-7.71463836053378 -52.88335766,-7.71463836053378 -52.88647448,-7.71463457053378 -52.88772209,-7.71498944053387 -52.88855097,-7.71538547053398 -52.89013944,-7.71675483053434 -52.89060634,-7.7173385105345 -52.89143101,-7.71904711053495 -52.89231714,-7.72157291053563 -52.89231715,-7.72157293053562 -52.89231716,-7.72157294053563 -52.89292988,-7.72228835053582 -52.89335701,-7.72264770053591 -52.89335702,-7.72264770053591 -52.89405111,-7.72315725053605 -52.89405112,-7.72315726053605 -52.8956531,-7.72392724053625 -52.89652724,-7.7244657105364 -52.89743648,-7.72529388053662 -52.89831308,-7.72640571053692 -52.89858683,-7.72693862053706 -52.89858684,-7.72693863053706 -52.89858685,-7.72693864053706 -52.89922345,-7.72733641053716 -52.89922346,-7.72733642053716 -52.90181683,-7.72818249053739 -52.90256978,-7.7285972705375 -52.90342417,-7.72947972053774 -52.90480885,-7.73140430053825 -52.90590701,-7.73272789053861 -52.90624965,-7.73324932053874 -52.90660259,-7.73411817053898 -52.90693909,-7.7368156005397 -52.9069391,-7.7368156205397 -52.90740297,-7.73802275054002 -52.90751992,-7.73889619054026 -52.90751993,-7.73889620054026 -52.90751993,-7.73889622054025 -52.90781944,-7.73955025054043 -52.90836333,-7.74057177054071 -52.90878552,-7.7424225905412 -52.90878552,-7.7424226105412 -52.90878553,-7.7424226205412 -52.90937039,-7.74350236054149 -52.90937041,-7.74350238054149 -52.90982651,-7.74396585054162 -52.90982652,-7.74396586054162 -52.91095924,-7.7442849905417 -52.91095925,-7.7442849905417 -52.91247858,-7.74443177054174 -52.91339631,-7.74473486054182 -52.91437458,-7.74541873054201 -52.91604373,-7.74754944054258 -52.91792155,-7.74951884054311 -52.92067177,-7.75287863054401 -52.92159201,-7.75457104054446 -52.92270275,-7.7580473205454 -52.92270275,-7.7580473405454 -52.92359597,-7.75998895054592 -52.92359598,-7.75998896054593 -52.92416904,-7.76088927054617 -52.92508024,-7.76205673054648 -52.92508025,-7.76205674054648 -52.92633927,-7.76315021054678 -52.92633928,-7.76315021054678 -52.9273531,-7.76368128054692 -52.92896553,-7.76419118054705 -52.92973764,-7.7643342305471 -52.93013771,-7.76454623054715 -52.93170478,-7.76502974054728 -52.93481898,-7.76623064054761 -52.93581147,-7.76677524054776 -52.93684074,-7.76763094054799 -52.93822425,-7.76935735054845 -52.93925315,-7.77156986054905 -52.93925316,-7.77156987054905 -52.94051175,-7.77328618054951 -52.94051176,-7.77328619054951 -52.94099039,-7.77376776054964 -52.94213235,-7.77513165055001 -52.94213236,-7.77513165055001 -52.94364529,-7.7765852405504 -52.9436453,-7.7765852405504 -52.94462821,-7.77720572055057 -52.94462822,-7.77720572055057 -52.94686553,-7.77839183055089 -52.94867134,-7.77963870055123 -52.94929221,-7.78021841055139 -52.95058809,-7.78206640055189 -52.9505881,-7.78206641055189 -52.95140086,-7.78291601055212 -52.95140087,-7.78291601055212 -52.95280649,-7.78400552055242 -52.95416992,-7.78531766055277 -52.95416993,-7.78531767055277 -52.95416995,-7.78531767055277 -52.95416996,-7.78531766055277 -52.95416998,-7.78531764055277 -52.96166344,-7.7695221905485 -52.96910236,-7.75313316054408 -52.97683297,-7.73653583053962 -52.98400527,-7.72116072053551 -52.99212474,-7.70387730053092 -53.00028588,-7.68708830052647 -53.0084498,-7.670079890522 -53.01623597,-7.65356591051766 -53.02299983,-7.63726302051341 -53.03065269,-7.61947680050878 -53.03722772,-7.60423780050484 -53.04457216,-7.58723216050046 -53.05163613,-7.57120980049635 -53.05930836,-7.55428472049203 -53.06706394,-7.53744297048776 -53.06706394,-7.53744295048776 -53.06706395,-7.53744293048775 -53.06969175,-7.51762613048275 -53.07191673,-7.50061213047847 -53.07431945,-7.48213980047385 -53.07664448,-7.46452305046947 -53.07902778,-7.44642293046499 -53.0812417,-7.42890341046068 -53.08338895,-7.41134216045637 -53.08533062,-7.39566702045255 -53.08846389,-7.37036966044642 -53.08992228,-7.35856685044357 -53.09235837,-7.33893338043886 -53.09480562,-7.32046660043445 -53.09710831,-7.30439149043064 -53.09970562,-7.28734416042661 -53.10205006,-7.26932741042238 -53.10485838,-7.24827452041746 -53.10823422,-7.24735058041724 -53.11015523,-7.24665817041708 -53.11044501,-7.24673287041709 -53.11044503,-7.24673287041709 -53.11044504,-7.2467328704171 -53.11602083,-7.24400794041646 -53.11704146,-7.24319984041628 -53.11841452,-7.24187191041597 -53.11841453,-7.24187190041596 -53.119445,-7.24042782041563 -53.12093293,-7.23794775041505 -53.12266454,-7.2359843404146 -53.12327095,-7.23517231041441 -53.12327096,-7.23517229041441 -53.12399804,-7.23323528041396 -53.12494643,-7.23146944041355 -53.12565139,-7.23059734041335 -53.1256514,-7.23059733041335 -53.12593688,-7.23009211041323 -53.12593689,-7.23009208041323 -53.12648529,-7.22797841041274 -53.12725541,-7.22610405041231 -53.12829061,-7.22443212041192 -53.1297244,-7.22288379041156 -53.12972441,-7.22288378041157 -53.13041823,-7.22180001041131 -53.13041824,-7.22179999041131 -53.13041825,-7.22179997041131 -53.13041825,-7.22179995041131 -53.13041825,-7.22179993041131 -53.13032556,-7.22113932041116 -53.13032555,-7.22113929041116 -53.13032555,-7.22113927041116 -53.1300862,-7.22073928041107 -53.13008619,-7.22073927041107 -53.13008618,-7.22073926041107 -53.13008617,-7.22073925041107 -53.12980627,-7.22064127041104 -53.12980625,-7.22064126041104 -53.12916383,-7.22074244041107 -53.12855023,-7.22018873041094 -53.12855022,-7.22018872041094 -53.12825278,-7.22008701041092 -53.1280811,-7.22020853041094 -53.12808109,-7.22020855041094 -53.12808108,-7.22020856041094 -53.1278152,-7.2208933304111 -53.12725275,-7.22097787041112 -53.12693645,-7.22075596041107 -53.12644735,-7.2200006004109 -53.1261672,-7.21971520041083 -53.12616719,-7.21971519041083 -53.1251837,-7.21919579041071 -53.12503124,-7.21887382041064 -53.12502579,-7.21773283041037 -53.12517939,-7.21763287041035 -53.12559622,-7.21777147041038 -53.12559623,-7.21777147041038 -53.12559624,-7.21777147041038 -53.12559626,-7.21777146041038 -53.12559627,-7.21777145041038 -53.1258098,-7.21753733041033 -53.12580981,-7.21753731041033 -53.12603349,-7.21668223041013 -53.12603349,-7.21668221041013 -53.12603349,-7.21668219041013 -53.12591548,-7.21586081040994 -53.12596224,-7.21554515040987 -53.12639019,-7.21455369040964 -53.12662734,-7.21420041040956 -53.12662735,-7.21420040040956 -53.12724044,-7.21317806040933 -53.12724045,-7.21317805040932 -53.12724045,-7.21317803040932 -53.12737327,-7.21251440040917 -53.12737327,-7.21251438040917 -53.12737327,-7.21251436040917 -53.12737326,-7.21251434040917 -53.12705212,-7.21150283040893 -53.12545401,-7.20802157040813 -53.125454,-7.20802156040813 -53.12501146,-7.20748131040801 -53.12501145,-7.20748130040801 -53.12409404,-7.20675986040784 -53.12383582,-7.20617125040771 -53.12378908,-7.2052466004075 -53.12378908,-7.2052465804075 -53.12347559,-7.2039361904072 -53.12372129,-7.20279922040694 -53.12332141,-7.20167560040668 -53.12352945,-7.20104125040653 -53.12371284,-7.20086825040649 -53.12455088,-7.20085953040649 -53.1245509,-7.20085953040649 -53.1249056,-7.20069445040645 -53.12490561,-7.20069444040645 -53.12490562,-7.20069443040645 -53.12490563,-7.20069442040645 -53.12505422,-7.20036942040638 -53.12505423,-7.20036940040637 -53.12507347,-7.19972919040623 -53.12518371,-7.19952460040618 -53.12605662,-7.19937115040615 -53.12605663,-7.19937115040615 -53.12605664,-7.19937114040615 -53.1263755,-7.19910928040608 -53.12637551,-7.19910927040609 -53.12637552,-7.19910925040609 -53.12665942,-7.19838671040592 -53.12665943,-7.19838669040592 -53.12665943,-7.19838668040592 -53.12677304,-7.19726495040566 -53.12599386,-7.19695032040559 -53.12559205,-7.19665120040552 -53.12537731,-7.19629573040544 -53.12526773,-7.19557994040527 -53.12526773,-7.19557992040528 -53.12526773,-7.19557990040527 -53.12512125,-7.19527132040521 -53.12398926,-7.19417444040495 -53.12340715,-7.19342658040478 -53.12333463,-7.1930405504047 -53.1233797,-7.19083912040419 -53.12353785,-7.1895766204039 -53.12370243,-7.1891447104038 -53.12395903,-7.18898584040376 -53.12481541,-7.18883808040373 -53.12481542,-7.18883807040373 -53.12481543,-7.18883806040373 -53.12505606,-7.18860735040368 -53.12505607,-7.18860734040368 -53.12505608,-7.18860733040368 -53.12505608,-7.18860731040368 -53.12505608,-7.18860729040368 -53.12505609,-7.18860727040368 -53.12505608,-7.18860725040368 -53.12497502,-7.18820442040359 -53.12497501,-7.18820440040358 -53.124975,-7.18820439040359 -53.12497499,-7.18820437040359 -53.12407119,-7.18730163040338 -53.12400937,-7.18683480040327 -53.12425281,-7.18646751040319 -53.12533225,-7.18602021040309 -53.12533226,-7.18602020040309 -53.12533227,-7.18602019040309 -53.12569089,-7.185625900403 -53.1256909,-7.185625890403 -53.12569091,-7.18562587040299 -53.12599843,-7.18461115040277 -53.12599843,-7.18461112040276 -53.12606088,-7.18405380040264 -53.12606088,-7.18405378040264 -53.12606088,-7.18405376040264 -53.12597473,-7.18363988040254 -53.12597472,-7.18363986040254 -53.12566857,-7.18340371040249 -53.12566856,-7.18340370040249 -53.12533319,-7.18331270040247 -53.12533317,-7.18331270040247 -53.12415014,-7.18358936040253 -53.12378106,-7.18349574040251 -53.12345509,-7.18279892040235 -53.12345508,-7.18279891040235 -53.12213058,-7.181241760402 -53.12202747,-7.18089456040192 -53.12229623,-7.1804065104018 -53.12229624,-7.18040649040181 -53.12229624,-7.1804064604018 -53.12233302,-7.18004840040172 -53.12233302,-7.18004838040172 -53.12233301,-7.18004836040172 -53.12159582,-7.17920970040153 -53.12070639,-7.17749285040114 -53.12070638,-7.17749283040114 -53.12070637,-7.17749282040114 -53.12035626,-7.17724098040108 -53.12035625,-7.17724097040108 -53.11904109,-7.176879110401 -53.11856157,-7.17603192040081 -53.11856156,-7.17603190040081 -53.11830199,-7.17575948040075 -53.11830197,-7.17575947040074 -53.117835,-7.17551206040069 -53.11783499,-7.17551206040069 -53.11674452,-7.17515658040061 -53.11606349,-7.1747058004005 -53.1158057,-7.17431620040042 -53.11563551,-7.1738256404003 -53.11536006,-7.1720734103999 -53.11536005,-7.17207340039991 -53.1137069,-7.17056163039956 -53.11302769,-7.16935734039929 -53.11302768,-7.16935732039929 -53.11302766,-7.16935731039929 -53.11260321,-7.16911845039923 -53.11191156,-7.16891860039919 -53.11005685,-7.1689875403992 -53.10940239,-7.16844008039908 -53.10940238,-7.16844008039908 -53.10865641,-7.16802705039898 -53.10842069,-7.16746444039886 -53.10792955,-7.16564492039844 -53.10792954,-7.16564490039844 -53.10792953,-7.16564489039844 -53.10792952,-7.16564487039845 -53.10770516,-7.1654747903984 -53.10770515,-7.16547478039841 -53.10770513,-7.16547478039841 -53.10704337,-7.16556326039842 -53.106657,-7.16529213039836 -53.10650233,-7.16492468039828 -53.10647595,-7.16425340039813 -53.10646934,-7.16357732039797 -53.10646933,-7.16357729039797 -53.10635941,-7.16311902039787 -53.10635941,-7.16311900039787 -53.1063594,-7.16311899039787 -53.1061534,-7.1627849503978 -53.10519288,-7.16182288039757 -53.10480206,-7.16128570039745 -53.10477786,-7.16089411039736 -53.10513478,-7.16038183039725 -53.10513479,-7.16038182039725 -53.10513479,-7.16038180039725 -53.10520516,-7.16013654039719 -53.10520516,-7.16013651039719 -53.10520516,-7.16013649039719 -53.10520516,-7.16013647039719 -53.1049252,-7.15877935039688 -53.1049847,-7.15784958039667 -53.10552547,-7.15691047039646 -53.1063235,-7.15627129039632 -53.10632352,-7.15627127039632 -53.10632353,-7.15627126039631 -53.10632353,-7.15627124039632 -53.10632354,-7.15627122039632 -53.10632354,-7.15627120039632 -53.10632353,-7.15627118039632 -53.10632353,-7.15627116039632 -53.10622078,-7.15597513039625 -53.10622077,-7.15597511039625 -53.10577147,-7.15539633039612 -53.10560478,-7.15464983039595 -53.10560477,-7.15464981039595 -53.10560476,-7.15464979039595 -53.10560475,-7.15464978039595 -53.10448391,-7.15380551039576 -53.10412429,-7.15327089039564 -53.10410556,-7.15288587039555 -53.10451064,-7.15126628039518 -53.10451064,-7.15126626039518 -53.10451064,-7.15126624039518 -53.1044615,-7.15076649039507 -53.10428249,-7.14925995039473 -53.10428248,-7.14925993039473 -53.10402761,-7.14853778039457 -53.10395094,-7.14720551039427 -53.10395094,-7.14720549039426 -53.10312134,-7.14282111039327 -53.10312133,-7.14282109039327 -53.10262548,-7.14163724039301 -53.10262547,-7.14163723039301 -53.10262546,-7.14163721039301 -53.10144925,-7.14043207039273 -53.10102286,-7.13951121039253 -53.10098655,-7.13905623039242 -53.10120097,-7.13797668039218 -53.10168506,-7.13677592039191 -53.10168507,-7.13677592039191 -53.10214612,-7.13530753039158 -53.10214612,-7.13530751039158 -53.10214612,-7.13530749039158 -53.10214612,-7.13530747039158 -53.10207294,-7.13480535039147 -53.10207293,-7.13480534039147 -53.10207293,-7.13480532039147 -53.10207292,-7.13480531039147 -53.10133993,-7.13375952039123 -53.10120219,-7.13223614039089 -53.10120219,-7.13223612039089 -53.10105078,-7.13161928039075 -53.10105077,-7.13161926039075 -53.10105076,-7.13161925039075 -53.10058447,-7.1309515003906 -53.10058446,-7.1309514903906 -53.10058445,-7.1309514903906 -53.09961552,-7.13034906039047 -53.09928598,-7.12998049039038 -53.0988655,-7.12894862039015 -53.09889198,-7.12862971039008 -53.09889198,-7.12862969039008 -53.09889198,-7.12862967039008 -53.09889197,-7.12862965039008 -53.09854603,-7.12791837038992 -53.09854602,-7.12791835038992 -53.09854601,-7.12791834038992 -53.09817506,-7.12768455038986 -53.09817505,-7.12768455038986 -53.09817504,-7.12768455038986 -53.09682487,-7.12776085038988 -53.09617442,-7.12753511038983 -53.09552542,-7.12629757038956 -53.09530201,-7.12619500038953 -53.095302,-7.12619499038953 -53.09450272,-7.12612505038951 -53.0941183,-7.12587068038946 -53.09395649,-7.12541126038936 -53.09389751,-7.12442257038913 -53.09389751,-7.12442255038913 -53.09389751,-7.12442253038913 -53.0938975,-7.12442252038913 -53.09389749,-7.12442251038913 -53.09319269,-7.12369033038897 -53.09327074,-7.12345259038892 -53.09362862,-7.12317252038885 -53.09362863,-7.12317251038885 -53.09362864,-7.12317250038885 -53.09375504,-7.1229339103888 -53.09375505,-7.1229339003888 -53.09375505,-7.1229338803888 -53.09375505,-7.1229338603888 -53.09375505,-7.1229338403888 -53.0935291,-7.12077904038832 -53.09376035,-7.12010039038816 -53.09432628,-7.11949726038803 -53.09432629,-7.11949724038803 -53.0943263,-7.11949722038803 -53.09431867,-7.11903105038792 -53.09412423,-7.11835140038777 -53.09442651,-7.1171430703875 -53.09442651,-7.1171430403875 -53.09442651,-7.1171430203875 -53.09442651,-7.1171430003875 -53.09424814,-7.11647022038735 -53.09424813,-7.11647020038735 -53.09354438,-7.11587126038722 -53.0933489,-7.11552709038714 -53.09340965,-7.11434901038688 -53.09340964,-7.11434899038688 -53.09340963,-7.11434898038688 -53.09257968,-7.11350301038669 -53.09257912,-7.11322746038662 -53.09300763,-7.11237014038643 -53.09300764,-7.11237013038643 -53.09300764,-7.11237011038643 -53.09300764,-7.11237009038643 -53.09302528,-7.11164408038627 -53.09283788,-7.11119854038617 -53.09283787,-7.11119852038617 -53.09283786,-7.11119850038617 -53.0926402,-7.11104665038614 -53.09264019,-7.11104664038613 -53.09264017,-7.11104664038614 -53.09233061,-7.11104650038614 -53.0923306,-7.11104650038614 -53.09174556,-7.11123574038618 -53.09136263,-7.11120265038617 -53.0912567,-7.11090126038611 -53.09136003,-7.10945003038578 -53.09136003,-7.10945001038578 -53.09136003,-7.10944999038578 -53.09136002,-7.10944996038578 -53.09114811,-7.10911391038571 -53.0911481,-7.1091138903857 -53.09077651,-7.10876243038563 -53.0907765,-7.10876242038563 -53.08930663,-7.10815839038549 -53.08871677,-7.10761133038537 -53.08861768,-7.10723447038529 -53.08892657,-7.10591788038499 -53.08892657,-7.10591785038499 -53.08893048,-7.10545212038489 -53.08893048,-7.10545210038489 -53.08883261,-7.10524000038484 -53.0888326,-7.10523998038484 -53.08883259,-7.10523997038484 -53.08883258,-7.10523996038484 -53.08852417,-7.10507855038481 -53.08852415,-7.10507855038481 -53.08744771,-7.10494418038478 -53.08698081,-7.10475400038473 -53.08625841,-7.1041675903846 -53.08572797,-7.1032857003844 -53.08552589,-7.1023844403842 -53.08584243,-7.10135130038397 -53.08584244,-7.10135128038397 -53.08596456,-7.10044378038377 -53.08582552,-7.10016668038371 -53.08582551,-7.10016666038371 -53.0858255,-7.10016665038371 -53.08521688,-7.09956227038358 -53.08520236,-7.09896702038344 -53.08540284,-7.09808938038325 -53.08540284,-7.09808936038325 -53.08540284,-7.09808934038324 -53.08537774,-7.09776472038318 -53.08537773,-7.09776470038318 -53.08537773,-7.09776468038318 -53.08514589,-7.09723222038306 -53.08514589,-7.09723221038306 -53.08427832,-7.09581040038274 -53.08413494,-7.09522836038261 -53.08417175,-7.09489114038253 -53.08422839,-7.09437227038242 -53.08489389,-7.09287177038209 -53.08489389,-7.09287175038209 -53.0848939,-7.09287173038209 -53.0848939,-7.09287171038208 -53.08489389,-7.09287169038209 -53.0848062,-7.092484570382 -53.0848062,-7.092484550382 -53.08488548,-7.09194840038188 -53.08470867,-7.09175475038184 -53.08461084,-7.09170379038183 -53.08430453,-7.09154426038179 -53.08407721,-7.09138429038175 -53.08403511,-7.09109803038169 -53.08431295,-7.09098016038167 -53.08474234,-7.09100542038167 -53.08507912,-7.09098858038167 -53.08531487,-7.09063496038159 -53.08505386,-7.09002034038145 -53.08483496,-7.08964147038137 -53.08432979,-7.08943940038132 -53.08405195,-7.08900159038123 -53.0839004,-7.08837855038109 -53.08348785,-7.08819333038105 -53.08278904,-7.08833646038108 -53.08225861,-7.08825226038106 -53.08182922,-7.08849643038111 -53.08152612,-7.0893215303813 -53.08107147,-7.09013822038148 -53.0806084,-7.09074442038161 -53.08017552,-7.09098909038167 -53.08002746,-7.09107277038169 -53.07966386,-7.09093028038165 -53.07940442,-7.09082861038163 -53.07896661,-7.09031502038152 -53.07857932,-7.08962463038137 -53.07830148,-7.08922892038128 -53.07764476,-7.08944782038133 -53.07724905,-7.08975092038139 -53.07660075,-7.09007086038147 -53.07585142,-7.0902560903815 -53.07481583,-7.09032344038152 -53.07431066,-7.09031502038152 -53.07370446,-7.09065180038159 -53.0735024,-7.09082019038163 -53.07350427,-7.09084328038164 -53.07352765,-7.0911317103817 -53.07369604,-7.09120748038172 -53.07418437,-7.09120748038172 -53.07474847,-7.09129168038174 -53.07525364,-7.09154426038179 -53.07551464,-7.09197365038189 -53.07555674,-7.09237779038198 -53.07553148,-7.09277350038206 -53.07525364,-7.09316079038215 -53.07504315,-7.09346389038222 -53.07478215,-7.09373332038228 -53.07461376,-7.09404484038235 -53.07426015,-7.09438161038242 -53.0736792,-7.09484468038252 -53.07319088,-7.0951646203826 -53.07275307,-7.09545930038266 -53.07228158,-7.0956192703827 -53.07176799,-7.09577082038273 -53.07127125,-7.09545930038266 -53.07101866,-7.09511410038259 -53.07106918,-7.09451632038246 -53.07086711,-7.0938259303823 -53.07074332,-7.09348402038222 -53.0706903,-7.09333760038219 -53.0704714,-7.09302608038212 -53.07006727,-7.09271456038205 -53.06974733,-7.09256301038202 -53.06949474,-7.09233569038197 -53.06931794,-7.09224308038195 -53.06907377,-7.09252092038201 -53.06896432,-7.09289137038209 -53.06882961,-7.09345547038222 -53.06829918,-7.09403642038234 -53.06814763,-7.09432268038241 -53.06786137,-7.09461736038248 -53.06751618,-7.09497939038256 -53.06749092,-7.09535827038264 -53.06766773,-7.09590553038276 -53.06769298,-7.09621705038283 -53.06760879,-7.09646963038289 -53.06754143,-7.09692428038299 -53.06731411,-7.09766519038315 -53.06700259,-7.09828823038329 -53.06674159,-7.09881866038341 -53.06640481,-7.09915543038348 -53.06584071,-7.09932382038352 -53.06525135,-7.09911334038347 -53.06509138,-7.09869236038338 -53.06507454,-7.09803565038323 -53.06489773,-7.09747997038311 -53.06484721,-7.09683167038297 -53.06450202,-7.09636018038286 -53.06408105,-7.09576240038273 -53.06369375,-7.09545088038266 -53.06334014,-7.09540036038265 -53.06279287,-7.09545930038266 -53.06243084,-7.09544246038266 -53.0618499,-7.09544246038266 -53.06152154,-7.09527407038262 -53.06131105,-7.09489520038254 -53.06118476,-7.09423848038239 -53.06129421,-7.0938343503823 -53.06171518,-7.09342180038221 -53.0621109,-7.09318605038216 -53.0623298,-7.09303450038212 -53.06219509,-7.09289137038209 -53.06186673,-7.09283244038208 -53.06148786,-7.09259669038203 -53.06126895,-7.09252092038201 -53.06107519,-7.092501540382 -53.06093218,-7.092487240382 -53.0605954,-7.09246198038199 -53.06019127,-7.09250408038201 -53.05990501,-7.09252934038201 -53.05966926,-7.09232727038197 -53.05973662,-7.09189788038187 -53.05987133,-7.09155268038179 -53.05992586,-7.09137456038175 -53.05999762,-7.0911401303817 -53.0599892,-7.09072758038161 -53.06008181,-7.09047499038155 -53.06027546,-7.09019715038149 -53.06039333,-7.08990247038143 -53.06017443,-7.08966673038137 -53.05987975,-7.08957411038135 -53.05962716,-7.0893552103813 -53.05924829,-7.08938047038131 -53.05909674,-7.0897846003814 -53.05902938,-7.0902055703815 -53.05890309,-7.09031502038152 -53.05887139,-7.09034059038152 -53.05864209,-7.09052551038156 -53.05838109,-7.09046657038155 -53.05796853,-7.09007928038147 -53.0575644,-7.08970041038138 -53.05726972,-7.08942256038132 -53.05682349,-7.08905211038124 -53.05670562,-7.08847117038111 -53.05662142,-7.08813439038103 -53.05644462,-7.0875281903809 -53.05653723,-7.08713248038081 -53.05677297,-7.08650102038067 -53.0569582,-7.08577695038051 -53.05699188,-7.08548227038045 -53.05691611,-7.08520443038038 -53.05670562,-7.08500236038034 -53.05620045,-7.08486765038031 -53.05597313,-7.08475820038028 -53.05567003,-7.08475820038028 -53.0555269,-7.08488449038031 -53.05551848,-7.08513707038037 -53.05549322,-7.08522968038039 -53.05527431,-7.08502762038035 -53.05504699,-7.08478345038029 -53.05487018,-7.08433722038019 -53.05476915,-7.08400887038012 -53.05459234,-7.08377312038007 -53.05432292,-7.08363841038004 -53.05395246,-7.08373944038006 -53.05369988,-7.08368051038005 -53.05330417,-7.08343634037999 -53.05295055,-7.08321744037995 -53.05271481,-7.08307431037991 -53.0524538,-7.08293118037988 -53.05226016,-7.0830153703799 -53.05213386,-7.08336899037998 -53.05203283,-7.08389941038009 -53.05176341,-7.0843793203802 -53.05156976,-7.08493500038032 -53.05137612,-7.08533072038041 -53.05133402,-7.08566750038049 -53.05115721,-7.08602111038056 -53.05094672,-7.0861810803806 -53.05061837,-7.0861726603806 -53.05034894,-7.08586956038053 -53.05019739,-7.0857011703805 -53.04992797,-7.08581063038052 -53.04979326,-7.0861726603806 -53.04956783,-7.08643696038066 -53.0495491,-7.08645892038066 -53.04926284,-7.08657679038069 -53.04906919,-7.0870903803808 -53.04910704,-7.08723834038083 -53.04925442,-7.08781445038096 -53.049246,-7.08837013038109 -53.04937229,-7.0888668803812 -53.04958278,-7.08917840038127 -53.04978827,-7.08925217038128 -53.04991113,-7.08929627038129 -53.05014688,-7.08907737038124 -53.05028159,-7.0888668803812 -53.05057627,-7.08893424038121 -53.05072782,-7.08917840038127 -53.05078676,-7.08962463038137 -53.05065204,-7.08994457038144 -53.05047524,-7.09009612038147 -53.05018897,-7.09019715038149 -53.04986062,-7.09006244038146 -53.04970065,-7.08996983038144 -53.04955752,-7.08987721038142 -53.04891764,-7.0897930203814 -53.0488665,-7.0898033903814 -53.0482946,-7.08991931038143 -53.04793257,-7.09001192038145 -53.04755369,-7.09005402038146 -53.04702327,-7.09012980038148 -53.04673701,-7.09048341038156 -53.04668649,-7.09093806038166 -53.04680436,-7.09140955038176 -53.04700643,-7.09187262038186 -53.04715798,-7.09232727038197 -53.04719166,-7.09309344038214 -53.04706536,-7.09367438038227 -53.04688856,-7.09436477038242 -53.04659388,-7.09514778038259 -53.04643391,-7.09556875038269 -53.04612239,-7.09598762038278 -53.04553303,-7.09614759038282 -53.04509522,-7.09592026038276 -53.04506996,-7.09545720038266 -53.04494367,-7.09520461038261 -53.04477528,-7.09451422038245 -53.04444692,-7.09373963038228 -53.0440933,-7.09346179038222 -53.04341975,-7.09344495038221 -53.04277987,-7.09351231038223 -53.04222419,-7.09327656038217 -53.04191267,-7.09267878038204 -53.0417106,-7.0920220703819 -53.04156537,-7.09131694038174 -53.04156537,-7.09044132038155 -53.04159062,-7.0897677603814 -53.04165846,-7.08923793038128 -53.04174026,-7.08823818038106 -53.04177661,-7.0875292703809 -53.04161302,-7.08702940038079 -53.04142216,-7.08653861038068 -53.04129492,-7.08623869038061 -53.04094046,-7.08610236038058 -53.04050421,-7.08627504038062 -53.0400316,-7.08640228038065 -53.03953173,-7.08643864038066 -53.03913183,-7.08658406038069 -53.03865922,-7.08669312038071 -53.03814117,-7.08698395038078 -53.03803211,-7.08745656038088 -53.03825932,-7.08834724038108 -53.03825932,-7.08903798038124 -53.0380412,-7.08940152038131 -53.03741408,-7.08956512038135 -53.03683241,-7.08974689038139 -53.03667763,-7.08981724038141 -53.03603262,-7.09011043038147 -53.03506014,-7.09059213038158 -53.03409675,-7.09106473038168 -53.03286979,-7.09135557038175 -53.03177915,-7.09139192038176 -53.03067035,-7.09121924038172 -53.0299887,-7.09095567038166 -53.02947065,-7.09014679038148 -53.02922526,-7.08989230038143 -53.02891625,-7.08951967038134 -53.02848908,-7.08919248038127 -53.02794377,-7.08903798038124 -53.02733483,-7.08898345038122 -53.02675316,-7.08895618038122 -53.02636235,-7.08930155038129 -53.02606243,-7.09009225038147 -53.02581703,-7.09089205038165 -53.02564594,-7.09116813038171 -53.02541714,-7.09153734038179 -53.02492635,-7.09217354038193 -53.02442648,-7.09274612038206 -53.02361759,-7.09349139038222 -53.02286324,-7.0938458503823 -53.02215433,-7.09400035038234 -53.02123638,-7.09420939038238 -53.02056382,-7.0942639203824 -53.0197095,-7.09418212038238 -53.01910965,-7.09397309038233 -53.01860069,-7.0938367603823 -53.01828386,-7.09379229038229 -53.01808264,-7.09376405038229 -53.01738282,-7.09403671038234 -53.01716469,-7.09419121038238 -53.01717378,-7.09456384038246 -53.01698292,-7.09512734038259 -53.01662846,-7.09550906038267 -53.01622856,-7.09567265038271 -53.01569234,-7.0956363003827 -53.01527426,-7.09548179038267 -53.01478348,-7.09522731038261 -53.01425634,-7.09500010038256 -53.01389279,-7.09487286038253 -53.01362922,-7.09524549038261 -53.01350198,-7.09574536038273 -53.01296576,-7.09626341038284 -53.01255677,-7.09669966038294 -53.01217505,-7.096963230383 -53.01187512,-7.09749037038311 -53.01152976,-7.09817202038327 -53.01164791,-7.09870824038339 -53.01199328,-7.09860827038336 -53.01231138,-7.09844468038333 -53.01238409,-7.09863554038337 -53.01212961,-7.09887184038342 -53.01214778,-7.09917176038349 -53.01185695,-7.09941716038354 -53.01150249,-7.09955348038357 -53.01115713,-7.09946260038355 -53.01080267,-7.09925356038351 -53.01053001,-7.0987809503834 -53.01003014,-7.09815384038326 -53.00979384,-7.09767214038316 -53.00962115,-7.09707230038302 -53.00938485,-7.09638156038287 -53.00931214,-7.09575445038273 -53.00936667,-7.09521822038261 -53.00936667,-7.09455476038246 -53.00920607,-7.09419465038238 -53.00909876,-7.0938562103823 -53.0088924,-7.09366635038226 -53.00859523,-7.09369112038227 -53.00813297,-7.09360857038225 -53.00790184,-7.09312155038214 -53.00794528,-7.09264951038204 -53.00816959,-7.09230644038196 -53.00865776,-7.09231896038196 -53.00891224,-7.092482560382 -53.00911219,-7.09277339038206 -53.00933032,-7.09284610038208 -53.00960298,-7.09277339038206 -53.00968154,-7.09271728038205 -53.00983502,-7.09260764038203 -53.00985746,-7.09259162038202 -53.00990506,-7.09229012038196 -53.00991199,-7.09224625038195 -53.01014829,-7.09183726038186 -53.01019979,-7.09170716038183 -53.01032097,-7.09140101038176 -53.01036431,-7.09117170038171 -53.01031153,-7.09095619038166 -53.0101576,-7.09063512038159 -53.01001245,-7.09051636038156 -53.00985852,-7.09045919038155 -53.00930434,-7.09017770038149 -53.00908443,-7.08998418038145 -53.00903614,-7.08957021038135 -53.00930874,-7.0893288403813 -53.00981453,-7.08906055038124 -53.00999926,-7.08890221038121 -53.01004324,-7.08871749038116 -53.00977055,-7.08865591038115 -53.00947147,-7.08868670038116 -53.00875896,-7.08883184038119 -53.00805524,-7.08914411038126 -53.0069205,-7.08966311038137 -53.00622557,-7.08969829038138 -53.00528435,-7.09008534038147 -53.00446628,-7.09051636038156 -53.00384173,-7.09099137038167 -53.00363941,-7.09136082038175 -53.0034195,-7.09148397038178 -53.0031732,-7.09136962038175 -53.00301486,-7.09095619038166 -53.00326742,-7.09002075038145 -53.00363941,-7.08964551038137 -53.00414961,-7.08896818038122 -53.00435193,-7.08858114038113 -53.0041299,-7.08811386038103 -53.00412991,-7.08811384038103 -53.00360423,-7.08785103038097 -53.00307644,-7.08761133038092 -53.00262782,-7.08765091038093 -53.00171079,-7.0884096103811 -53.00135453,-7.08861413038114 -53.00013402,-7.0884360003811 -52.99963427,-7.08830075038107 -52.99922359,-7.08813252038104 -52.99891681,-7.08774163038095 -52.99888752,-7.08715664038082 -52.99903294,-7.08651135038067 -52.99916018,-7.08604783038057 -52.99940557,-7.08556613038046 -52.99944192,-7.08517532038038 -52.99896023,-7.08511170038036 -52.99855124,-7.08533892038041 -52.99811499,-7.08585697038053 -52.99779555,-7.08606625038057 -52.99758785,-7.0862023303806 -52.99708798,-7.08627504038062 -52.9969376,-7.08624238038061 -52.99623499,-7.08602961038057 -52.99579461,-7.08581190038052 -52.99550268,-7.08541111038043 -52.99548289,-7.08486683038031 -52.99540619,-7.0848124003803 -52.99533445,-7.08474313038028 -52.99520085,-7.08468375038027 -52.99500669,-7.08430282038018 -52.99496124,-7.0838938303801 -52.9953975,-7.08357573038002 -52.99543385,-7.08314857037993 -52.99497033,-7.0830031503799 -52.99444319,-7.08272140037983 -52.99424324,-7.08235786037975 -52.99402512,-7.08217609037971 -52.99372387,-7.08216274037971 -52.99343436,-7.08205793037969 -52.99286178,-7.08245783037978 -52.9924437,-7.08273958037984 -52.9920438,-7.08317583037994 -52.99092591,-7.08359391038003 -52.99055467,-7.08398361038011 -52.98984215,-7.08476045038028 -52.98949084,-7.08499795038034 -52.98908511,-7.08524535038039 -52.98871524,-7.08537524038042 -52.98832188,-7.08540493038043 -52.98801757,-7.08533813038041 -52.98786542,-7.08524535038039 -52.98755741,-7.08502269038034 -52.98734588,-7.08498929038034 -52.98713806,-7.08510062038036 -52.98721228,-7.08549028038045 -52.98719002,-7.08586509038053 -52.98707312,-7.08633639038063 -52.98682425,-7.08670289038072 -52.9865087,-7.08692219038076 -52.98622144,-7.08695427038077 -52.98591529,-7.08678728038074 -52.98579282,-7.08654792038068 -52.98594868,-7.08633082038063 -52.98603218,-7.08605250038057 -52.98595982,-7.08585210038053 -52.98586519,-7.08566284038049 -52.98572806,-7.08550825038045 -52.98597652,-7.08479447038029 -52.98604888,-7.08448274038022 -52.98589302,-7.0839205203801 -52.98579282,-7.08359210038003 -52.98556528,-7.08333240037997 -52.98556527,-7.08333238037997 -52.98556526,-7.08333237037997 -52.98516315,-7.08288470037987 -52.98516314,-7.08288469037987 -52.98516312,-7.08288468037987 -52.98460198,-7.08282210037985 -52.98460197,-7.08282210037985 -52.98460195,-7.08282210037985 -52.98425446,-7.08307702037991 -52.98425445,-7.08307703037991 -52.98427305,-7.08361208038003 -52.98393677,-7.08397563038011 -52.98356414,-7.08433008038019 -52.98299156,-7.08460274038025 -52.98221903,-7.08478451038029 -52.98132835,-7.08502991038035 -52.98085574,-7.08516623038038 -52.98068527,-7.08514087038037 -52.98018639,-7.08559808038047 -52.98018638,-7.08559809038047 -52.98018637,-7.08559811038047 -52.98018636,-7.08559813038047 -52.98010685,-7.08599627038056 -52.98010685,-7.08599629038056 -52.98010685,-7.08599631038056 -52.98010686,-7.08599633038056 -52.98085422,-7.08730147038085 -52.98113429,-7.08827026038106 -52.98101695,-7.08884042038119 -52.98075577,-7.08944696038132 -52.98011956,-7.08968327038138 -52.97974693,-7.08991957038143 -52.97955607,-7.09031947038152 -52.97931068,-7.09091932038165 -52.97898349,-7.09105565038168 -52.97851088,-7.0906648403816 -52.97821096,-7.08995593038144 -52.97799982,-7.08974479038139 -52.9778565,-7.08960147038136 -52.97740207,-7.08961056038136 -52.97718536,-7.0898099303814 -52.97694764,-7.09002863038146 -52.9766659,-7.09011952038148 -52.97632053,-7.08992866038143 -52.97632616,-7.08990052038143 -52.97647504,-7.08915613038126 -52.9763478,-7.08867443038115 -52.97597516,-7.08855628038113 -52.97553891,-7.08870170038116 -52.97549821,-7.0888997903812 -52.97540258,-7.08936517038131 -52.97528443,-7.08988322038142 -52.97486635,-7.09002863038146 -52.97439375,-7.08975598038139 -52.97402111,-7.08937425038131 -52.97356668,-7.08908342038124 -52.97335765,-7.08866534038115 -52.9735576,-7.08831998038108 -52.97390296,-7.087965520381 -52.97358486,-7.08767469038093 -52.97314861,-7.08765651038093 -52.97289413,-7.08822000038105 -52.97260329,-7.08833815038108 -52.97218522,-7.08819274038105 -52.97154902,-7.08785646038097 -52.97094917,-7.08805641038101 -52.9706856,-7.087983700381 -52.97027661,-7.08761107038092 -52.96995488,-7.08741445038087 -52.96994942,-7.08741112038087 -52.96994241,-7.08742515038088 -52.96972221,-7.08786555038097 -52.96949499,-7.08813821038103 -52.96913145,-7.087983700381 -52.96919507,-7.08750200038089 -52.96927729,-7.08736352038086 -52.96954044,-7.08692033038076 -52.96940411,-7.0866204103807 -52.96921981,-7.0866366703807 -52.96878608,-7.08667494038071 -52.96856796,-7.08660223038069 -52.96870428,-7.08624778038062 -52.9690133,-7.08583879038052 -52.96917689,-7.08550251038045 -52.96915743,-7.08493957038033 -52.96915742,-7.08493955038032 -52.96915741,-7.08493953038033 -52.96874064,-7.0848299603803 -52.96853879,-7.08433744038019 -52.96851342,-7.08427555038018 -52.96840873,-7.08428507038018 -52.96791358,-7.08433008038019 -52.96779081,-7.0843603503802 -52.96725011,-7.08449368038023 -52.9667775,-7.08476634038029 -52.96651393,-7.08539345038043 -52.96633216,-7.08599330038056 -52.96627032,-7.08600177038056 -52.96566869,-7.08608418038058 -52.96487798,-7.08610236038058 -52.96417816,-7.08625687038062 -52.96364194,-7.08652952038068 -52.96330566,-7.08722026038083 -52.96326623,-7.08749132038089 -52.96323295,-7.08772013038094 -52.96380553,-7.08807459038102 -52.96427814,-7.08787464038098 -52.96516882,-7.08803823038101 -52.9652167,-7.08819863038105 -52.96527395,-7.08839043038109 -52.96535059,-7.08864717038115 -52.9652987,-7.08870225038116 -52.96481902,-7.08921145038127 -52.96475983,-7.08927428038129 -52.9641509,-7.08970144038138 -52.96356923,-7.09028311038151 -52.96309662,-7.09081025038163 -52.96257857,-7.09128286038173 -52.9619151,-7.0915555203818 -52.9612789,-7.09129195038174 -52.96102442,-7.09080116038163 -52.96074267,-7.09058304038158 -52.96028824,-7.09082843038163 -52.96031551,-7.09131921038174 -52.96057908,-7.09169185038183 -52.96059726,-7.09217354038193 -52.96065834,-7.09236699038197 -52.96076085,-7.09269159038205 -52.96126072,-7.0929551603821 -52.9616835,-7.09300801038212 -52.96176968,-7.09301878038212 -52.96221503,-7.09328235038218 -52.96217047,-7.09347967038222 -52.96208779,-7.0938458503823 -52.96206571,-7.09398143038234 -52.96202416,-7.09423665038239 -52.96172424,-7.09441843038243 -52.96151129,-7.09444114038244 -52.9610426,-7.09449114038244 -52.96027867,-7.09463207038248 -52.959443,-7.0947092603825 -52.95889769,-7.09461838038247 -52.95855232,-7.09439116038242 -52.95810698,-7.09444569038244 -52.95730718,-7.09450022038245 -52.95691637,-7.09444569038244 -52.95629835,-7.09420030038238 -52.95587592,-7.09389615038231 -52.95584392,-7.09387311038231 -52.9552986,-7.09332779038219 -52.9547442,-7.09273704038206 -52.95457073,-7.09262237038203 -52.95420797,-7.09238258038198 -52.95371719,-7.09193724038188 -52.95319005,-7.09122833038172 -52.95260838,-7.09101929038167 -52.95202671,-7.0911556203817 -52.95150866,-7.09173729038183 -52.95117238,-7.09213719038192 -52.95110876,-7.09284610038208 -52.95069068,-7.09340959038221 -52.95039985,-7.09369134038227 -52.9490002,-7.0947365303825 -52.9481277,-7.09531820038263 -52.94774598,-7.09580898038274 -52.94756421,-7.0964997203829 -52.94701889,-7.09731769038308 -52.94683712,-7.09809931038325 -52.94740061,-7.09857192038336 -52.94923651,-7.09888093038342 -52.95018172,-7.09913541038348 -52.95083398,-7.0992152803835 -52.9510724,-7.0992444703835 -52.95167225,-7.09911723038348 -52.95229028,-7.09868098038338 -52.95248632,-7.09838115038331 -52.95259929,-7.09820837038327 -52.95327998,-7.09792431038321 -52.95369485,-7.09795196038322 -52.95443519,-7.09799025038323 -52.95476238,-7.09848103038333 -52.95443519,-7.09918994038349 -52.95408982,-7.09953531038357 -52.95372628,-7.10020786038372 -52.95347179,-7.10077136038384 -52.95319914,-7.10106219038391 -52.95254476,-7.10118943038394 -52.95209033,-7.10131667038396 -52.95165407,-7.10111672038392 -52.95154501,-7.10073500038384 -52.95121782,-7.10053505038379 -52.95081792,-7.10073500038384 -52.95072704,-7.10144391038399 -52.95070886,-7.10204376038413 -52.95085428,-7.10248001038422 -52.95198126,-7.10277085038429 -52.95241752,-7.10331616038441 -52.9522721,-7.10397054038456 -52.95192673,-7.10471581038473 -52.9520358,-7.10518842038483 -52.95265382,-7.10560649038492 -52.95325367,-7.10604274038502 -52.95347179,-7.10702431038524 -52.95339909,-7.10786046038543 -52.9531446,-7.1086420803856 -52.952672,-7.10931464038575 -52.95150866,-7.10973271038585 -52.95052709,-7.10942370038577 -52.9499636,-7.10895109038567 -52.94847261,-7.10739356038532 -52.94696436,-7.10715155038527 -52.94603732,-7.10687889038521 -52.94521935,-7.10724244038529 -52.94510104,-7.10743245038533 -52.94467896,-7.10811033038548 -52.9446195,-7.1082058303855 -52.94466227,-7.10831062038553 -52.94498304,-7.1090965103857 -52.94523752,-7.11018714038595 -52.94489893,-7.11053703038602 -52.94469221,-7.11075064038607 -52.94427065,-7.11107491038614 -52.9442196,-7.11111418038615 -52.94367429,-7.11115054038616 -52.94334872,-7.11091613038611 -52.94312897,-7.11065975038605 -52.94260183,-7.10993266038589 -52.94220193,-7.10969636038583 -52.94131125,-7.10964183038582 -52.94060234,-7.10978725038586 -52.94031484,-7.1099727303859 -52.94003885,-7.11015079038594 -52.94004076,-7.11019480038595 -52.94005702,-7.11056887038603 -52.94046634,-7.11099334038613 -52.94054781,-7.11107783038615 -52.94100224,-7.11147773038623 -52.94149302,-7.11156861038626 -52.94160209,-7.11124142038618 -52.94182021,-7.11164132038627 -52.94176568,-7.11253200038647 -52.9412749,-7.11302279038658 -52.94073087,-7.11305301038659 -52.94062052,-7.11305914038659 -52.93991161,-7.11285919038654 -52.939439,-7.11262289038649 -52.939439,-7.11205940038636 -52.93932994,-7.11124142038618 -52.93916634,-7.11071428038606 -52.93867556,-7.11058704038604 -52.93827566,-7.11096876038612 -52.93831201,-7.11180491038631 -52.93896639,-7.11262289038649 -52.93956624,-7.11302279038658 -52.94002067,-7.11367717038673 -52.94014791,-7.11427701038686 -52.93996614,-7.11454967038692 -52.9398403,-7.11458922038693 -52.93948262,-7.11470163038696 -52.93932994,-7.11474962038697 -52.93771217,-7.11438153038688 -52.9362366,-7.11410486038682 -52.93596715,-7.11405434038681 -52.93484017,-7.11396346038679 -52.93373136,-7.11398163038679 -52.93285885,-7.11414523038683 -52.93264465,-7.11441968038689 -52.93227718,-7.114890490387 -52.93222509,-7.11589773038722 -52.93222265,-7.11594477038723 -52.93222979,-7.11595107038723 -52.93232605,-7.11603601038725 -52.93253166,-7.11621743038729 -52.93344052,-7.11618107038729 -52.93373136,-7.1157993503872 -52.93396766,-7.11529039038709 -52.93445845,-7.11501773038702 -52.93454907,-7.11503586038703 -52.93527642,-7.11518133038706 -52.93560361,-7.11565394038717 -52.93533095,-7.11665368038739 -52.93476746,-7.1171444703875 -52.93402219,-7.11776249038764 -52.93336782,-7.11838052038778 -52.93234989,-7.11887130038789 -52.9316228,-7.11916213038795 -52.93093207,-7.11941662038801 -52.93013227,-7.11968927038807 -52.92953243,-7.11992558038812 -52.92924159,-7.12063449038829 -52.92902347,-7.12123433038842 -52.92815096,-7.12188871038857 -52.92751476,-7.12230679038866 -52.92709668,-7.12261580038873 -52.92680585,-7.12361555038895 -52.92667861,-7.12434264038911 -52.92667055,-7.12483091038922 -52.92695127,-7.1251787903893 -52.92766018,-7.12525150038932 -52.92789648,-7.12499701038926 -52.92756929,-7.12456076038916 -52.92739694,-7.12432574038911 -52.92736934,-7.1242881003891 -52.92738752,-7.12381550038899 -52.92756929,-7.12328836038888 -52.92873263,-7.12288846038879 -52.92930895,-7.12299016038881 -52.92965967,-7.12305205038883 -52.93009592,-7.12368826038897 -52.92987779,-7.12430628038911 -52.92945972,-7.12492431038925 -52.93007774,-7.12526967038932 -52.93045946,-7.12548780038937 -52.93045946,-7.12594223038947 -52.93096843,-7.12656025038961 -52.9313865,-7.12728734038977 -52.93124108,-7.12805078038995 -52.93093207,-7.12912324039019 -52.93089358,-7.12967498039031 -52.93087754,-7.12990486039036 -52.93144103,-7.1304865303905 -52.93174901,-7.13045467039049 -52.93196817,-7.13043200039048 -52.93233172,-7.1304865303905 -52.93280432,-7.13106820039063 -52.93296792,-7.13199523039083 -52.93285885,-7.13259508039097 -52.9326589,-7.13342669039116 -52.93194999,-7.13473545039145 -52.93125926,-7.1353716503916 -52.93056853,-7.13569884039167 -52.92969602,-7.13580790039169 -52.92876899,-7.13575337039168 -52.92855086,-7.13618962039178 -52.92885987,-7.13757109039209 -52.92885987,-7.13877078039236 -52.92831456,-7.13971600039257 -52.92769653,-7.13978871039259 -52.92704215,-7.13915251039245 -52.92651501,-7.1380618703922 -52.92575157,-7.13729843039203 -52.92535167,-7.13680765039192 -52.92451552,-7.13644410039184 -52.9237339,-7.13633504039181 -52.92289775,-7.13653499039186 -52.92335218,-7.13689853039194 -52.92422469,-7.13748020039207 -52.92382479,-7.13757109039209 -52.92273416,-7.13722572039201 -52.92207978,-7.13660770039187 -52.92164352,-7.13588061039171 -52.92122545,-7.13513535039154 -52.92080737,-7.13524441039157 -52.92009846,-7.13595332039172 -52.91931684,-7.13660770039187 -52.91864429,-7.13749838039207 -52.9176809,-7.13867990039234 -52.91808079,-7.13993413039262 -52.9191896,-7.14146101039297 -52.91962586,-7.14224263039314 -52.92020753,-7.14318784039336 -52.92049836,-7.14436936039362 -52.92077102,-7.14486015039373 -52.92140722,-7.14567812039392 -52.92164352,-7.14773214039438 -52.92160717,-7.14933174039475 -52.92164352,-7.15064049039504 -52.92109821,-7.15125852039518 -52.92029841,-7.1522400903954 -52.91980763,-7.15342160039567 -52.91942591,-7.15425776039586 -52.91906236,-7.1557482903962 -52.91915325,-7.15687527039645 -52.91926231,-7.15843851039681 -52.9195895,-7.15921559039698 -52.91964403,-7.15985179039713 -52.9189533,-7.16057888039729 -52.91844434,-7.16050617039727 -52.91742641,-7.16028804039723 -52.91655391,-7.15952460039705 -52.91577229,-7.1588520403969 -52.91469984,-7.15881569039689 -52.912973,-7.15888840039691 -52.91157336,-7.15852485039683 -52.9102646,-7.15776141039665 -52.9091545,-7.15685654039645 -52.90884678,-7.15659807039639 -52.90837417,-7.15590734039623 -52.90810151,-7.15510754039605 -52.90810792,-7.15483222039599 -52.90811969,-7.15432592039587 -52.9081924,-7.15363519039572 -52.90821058,-7.15252638039547 -52.90833782,-7.15110856039515 -52.90846506,-7.14954532039479 -52.90828329,-7.1486728103946 -52.9078917,-7.14838706039453 -52.90761073,-7.14818203039448 -52.90642921,-7.14789119039442 -52.90593843,-7.14810932039447 -52.90581119,-7.1486909903946 -52.90586572,-7.15016334039493 -52.90559306,-7.15072684039506 -52.90499321,-7.1513448603952 -52.9038117,-7.15272633039551 -52.9030119,-7.15314440039561 -52.90152137,-7.1535443003957 -52.90057615,-7.15414415039583 -52.89966729,-7.15483488039599 -52.89852213,-7.15581645039621 -52.89699525,-7.15650718039637 -52.89583191,-7.15694344039647 -52.89435955,-7.15783412039667 -52.89285085,-7.15830673039678 -52.89172386,-7.15881569039689 -52.89021515,-7.15923376039699 -52.8889791,-7.15947007039704 -52.88797936,-7.15981543039712 -52.88737951,-7.16036075039724 -52.88708867,-7.16116055039743 -52.88731757,-7.16242825039771 -52.88732498,-7.16246930039772 -52.88779759,-7.16265108039776 -52.88836108,-7.16246930039772 -52.8885792,-7.16223300039767 -52.88877404,-7.16216286039765 -52.88948806,-7.16190581039759 -52.89032422,-7.16272378039778 -52.89028786,-7.16437791039816 -52.88997885,-7.16523224039835 -52.88983343,-7.16605021039853 -52.88916088,-7.16661370039866 -52.887943,-7.16730444039882 -52.88716138,-7.16781340039894 -52.88679784,-7.1685404903991 -52.88634341,-7.16957659039934 -52.88488923,-7.17023097039949 -52.88394402,-7.17088535039964 -52.88312605,-7.17137613039975 -52.88192635,-7.17203051039989 -52.88123562,-7.17233952039997 -52.88007228,-7.17290301040009 -52.8794179,-7.17353922040024 -52.87875897,-7.17449806040046 -52.87779558,-7.17509791040059 -52.8766686,-7.17577047040075 -52.87539619,-7.17640667040089 -52.87397837,-7.17700652040103 -52.87228789,-7.17700652040103 -52.8710882,-7.17657026040093 -52.86994303,-7.17627943040086 -52.86928866,-7.17613401040083 -52.86887058,-7.17635214040088 -52.86863228,-7.17656871040093 -52.86871702,-7.17676516040097 -52.86903262,-7.17749679040114 -52.86950576,-7.17880702040144 -52.86946937,-7.18062678040186 -52.86941477,-7.18200979040217 -52.86934198,-7.18295607040239 -52.86976053,-7.18424810040268 -52.87010628,-7.18572210040302 -52.87025186,-7.18670478040324 -52.87056122,-7.18757826040344 -52.87052483,-7.18861552040368 -52.87012448,-7.18934343040385 -52.86952396,-7.19027150040406 -52.86916001,-7.19058086040413 -52.86795897,-7.19074464040417 -52.86626659,-7.19083563040419 -52.86497456,-7.19096301040422 -52.86384631,-7.19078104040418 -52.86215393,-7.19056267040413 -52.86069812,-7.19010773040402 -52.85946069,-7.18968918040393 -52.85867819,-7.18937982040386 -52.85793209,-7.1891432504038 -52.85765913,-7.18959819040391 -52.85802308,-7.19052627040412 -52.85802308,-7.19123598040428 -52.85773192,-7.19221865040451 -52.85724058,-7.19318312040473 -52.85660366,-7.19389283040489 -52.85563919,-7.19463893040506 -52.8548203,-7.1948027104051 -52.85443815,-7.194384160405 -52.85369205,-7.19420219040496 -52.85267298,-7.194365960405 -52.85216345,-7.19369265040484 -52.8517995,-7.19243702040455 -52.85158113,-7.19185470040442 -52.85134456,-7.1917273104044 -52.85114438,-7.19214586040449 -52.85134456,-7.19274638040463 -52.85123537,-7.19309213040471 -52.85058026,-7.19312853040471 -52.85021631,-7.19300114040468 -52.84983416,-7.19320132040473 -52.84974317,-7.19354707040481 -52.84910625,-7.19332870040476 -52.8487787,-7.19260080040459 -52.84857852,-7.19240062040455 -52.84837835,-7.19249161040457 -52.84806899,-7.19272818040462 -52.84774143,-7.19221865040451 -52.84759585,-7.19169092040438 -52.84735928,-7.19145435040433 -52.84694074,-7.19129057040429 -52.84659498,-7.19069005040416 -52.84626743,-7.18996215040399 -52.84597627,-7.18936162040385 -52.84603086,-7.18867012040369 -52.84609108,-7.18857979040367 -52.84628563,-7.18828797040361 -52.84683155,-7.18803320040354 -52.84724468,-7.18805041040355 -52.8472683,-7.18805140040355 -52.84749494,-7.18818216040358 -52.84774143,-7.18832436040362 -52.84805079,-7.18867012040369 -52.84852393,-7.1886883104037 -52.84884824,-7.1886883104037 -52.84894248,-7.1886883104037 -52.84894865,-7.1886956404037 -52.84923364,-7.18903407040378 -52.84936102,-7.18876110040372 -52.84928823,-7.18846994040365 -52.84918688,-7.18793422040353 -52.84916085,-7.18779663040349 -52.84917308,-7.18774247040348 -52.84928823,-7.18723251040336 -52.84956119,-7.18634082040316 -52.84970677,-7.18526716040292 -52.84947021,-7.18459385040276 -52.84941136,-7.18439591040272 -52.84927003,-7.18392054040261 -52.84916085,-7.18339281040249 -52.8487787,-7.18272860040233 -52.84882419,-7.18241014040226 -52.84904256,-7.18231005040224 -52.84925183,-7.18237375040225 -52.84932288,-7.18245097040227 -52.84946111,-7.18260122040231 -52.84974317,-7.18265581040232 -52.84993424,-7.18250113040229 -52.84996154,-7.18203709040218 -52.84991605,-7.18152756040206 -52.84982506,-7.18106352040196 -52.84979876,-7.18101268040194 -52.84968858,-7.18079965040189 -52.84950922,-7.18070570040187 -52.8494975,-7.18069957040187 -52.84911535,-7.18057218040184 -52.8487878,-7.18049029040182 -52.84856194,-7.18034657040179 -52.84848754,-7.18029922040178 -52.84828736,-7.18008085040173 -52.84750486,-7.17962591040163 -52.84701353,-7.17953492040161 -52.8464676,-7.17940754040158 -52.84604906,-7.17913457040151 -52.84579429,-7.17937114040157 -52.84557592,-7.1795167204016 -52.84506639,-7.17960771040162 -52.84455685,-7.17926196040154 -52.84381075,-7.17887981040146 -52.84279169,-7.17869783040142 -52.84157245,-7.17849766040137 -52.84055338,-7.17824289040131 -52.83938874,-7.17782435040122 -52.83864263,-7.1773330104011 -52.83841516,-7.17701455040103 -52.83841516,-7.17652322040092 -52.8384211,-7.17639458040089 -52.83844246,-7.17593180040078 -52.83846066,-7.17545866040068 -52.83839697,-7.17517660040061 -52.83828127,-7.1751110304006 -52.838124,-7.17502192040058 -52.83783284,-7.17488543040055 -52.83748709,-7.17448509040045 -52.83697755,-7.17413023040038 -52.83640433,-7.17396646040034 -52.83570372,-7.1738026804003 -52.83540346,-7.17345692040022 -52.83528518,-7.17301108040012 -52.83543347,-7.1729324004001 -52.83573102,-7.17277451040007 -52.83621325,-7.17256524040002 -52.83665,-7.17239236039998 -52.83685927,-7.17208300039991 -52.83690476,-7.17167356039981 -52.83666415,-7.17154617039978 -52.8365954,-7.17150978039978 -52.83600398,-7.17152798039978 -52.83544896,-7.17154617039978 -52.83469375,-7.17175545039983 -52.83408414,-7.17191013039987 -52.83373838,-7.17216489039993 -52.83335623,-7.17212850039992 -52.83264652,-7.17180094039984 -52.83227347,-7.17140059039975 -52.8320824,-7.17109123039968 -52.83179124,-7.17070909039959 -52.83153647,-7.17062720039957 -52.8312999,-7.17080917039962 -52.8305629,-7.17115493039969 -52.83018075,-7.17121862039971 -52.82976221,-7.17129141039973 -52.82927997,-7.17137330039975 -52.82891602,-7.17150978039978 -52.82856116,-7.17157347039979 -52.8282518,-7.17140059039975 -52.82787875,-7.1707545803996 -52.8275421,-7.17024505039949 -52.82717815,-7.17005397039944 -52.82649574,-7.17000848039944 -52.82594071,-7.17024505039949 -52.82559495,-7.17056350039956 -52.82510362,-7.17062720039957 -52.82469417,-7.17041792039953 -52.82423923,-7.17059990039957 -52.82385708,-7.1707545803996 -52.82336575,-7.17090016039964 -52.82321107,-7.17135510039974 -52.82306549,-7.17156437039979 -52.82263785,-7.17163716039981 -52.82238308,-7.17177364039984 -52.8223672,-7.17194032039987 -52.82234668,-7.17215579039992 -52.82251956,-7.17244696039999 -52.82256352,-7.1724876604 -52.82276523,-7.17267443040004 -52.82308369,-7.17267443040004 -52.82306549,-7.17291099040009 -52.82261055,-7.17319306040016 -52.8222375,-7.17325675040018 -52.82177346,-7.17312937040014 -52.82119114,-7.17300198040012 -52.82051782,-7.17273812040006 -52.82009018,-7.17232867039996 -52.81996274,-7.17197318039988 -52.8199173,-7.17184644039985 -52.81972926,-7.17154019039979 -52.81959885,-7.17132780039973 -52.81928039,-7.17089106039963 -52.81897103,-7.17040882039952 -52.8184342,-7.17019955039948 -52.81803385,-7.17008127039945 -52.81756981,-7.16989019039941 -52.81715127,-7.16976281039938 -52.8168783,-7.16969912039936 -52.81665993,-7.1698720003994 -52.81645066,-7.17025415039949 -52.81630508,-7.17045432039954 -52.81633238,-7.17077278039961 -52.81664174,-7.17095475039965 -52.81670543,-7.17136420039974 -52.81642336,-7.17168266039982 -52.81648706,-7.17200111039989 -52.81676002,-7.1720466103999 -52.81656895,-7.17229228039995 -52.81592293,-7.17255614040002 -52.81556808,-7.17267443040004 -52.81502215,-7.17313846040015 -52.81451262,-7.17362070040026 -52.81436704,-7.17403925040035 -52.81376652,-7.17481264040053 -52.81343896,-7.17535857040065 -52.81283389,-7.17625480040086 -52.81266101,-7.17670974040096 -52.81236075,-7.17718288040107 -52.81208779,-7.17759233040116 -52.81169654,-7.17808366040128 -52.81129619,-7.17850221040137 -52.81082305,-7.17887526040146 -52.81037721,-7.17928470040155 -52.80984038,-7.17968505040164 -52.80929908,-7.18066312040186 -52.80868035,-7.1817004004021 -52.80818901,-7.18248291040228 -52.80766127,-7.18317443040244 -52.80722452,-7.18355659040252 -52.80716992,-7.18404794040263 -52.80666038,-7.18486684040282 -52.80626003,-7.18533999040293 -52.8056049,-7.18584953040305 -52.80496797,-7.18675943040326 -52.80482239,-7.18746915040342 -52.80524094,-7.18774212040348 -52.80576868,-7.18734176040339 -52.80629642,-7.18705059040332 -52.80627822,-7.18743275040341 -52.80587787,-7.18788770040351 -52.80524094,-7.18817887040358 -52.80464041,-7.18850643040366 -52.80391249,-7.18883399040373 -52.80327556,-7.18894318040376 -52.80265684,-7.18883399040373 -52.8020927,-7.18845183040364 -52.80163775,-7.18643186040318 -52.80140118,-7.18517621040289 -52.80109181,-7.18322903040245 -52.80107362,-7.18210076040219 -52.80109181,-7.18073591040188 -52.80109181,-7.17978962040166 -52.80104573,-7.17896340040148 -52.80104573,-7.17896339040148 -52.80105841,-7.17853039040138 -52.80105841,-7.17853037040137 -52.8010584,-7.17853036040138 -52.80087437,-7.17762604040117 -52.80087436,-7.17762602040117 -52.80039165,-7.1764237004009 -52.80039164,-7.1764236904009 -52.79948627,-7.1751082204006 -52.79948626,-7.1751082104006 -52.7985259,-7.1746942004005 -52.79752502,-7.17400268040035 -52.79686989,-7.1738025004003 -52.79585081,-7.17372971040028 -52.7950501,-7.17407547040036 -52.79454056,-7.17471240040051 -52.79423119,-7.17503996040058 -52.79404921,-7.17553130040069 -52.7941948,-7.17605904040081 -52.79424939,-7.17673237040097 -52.79454056,-7.17762407040117 -52.79483662,-7.17804040040126 -52.79512289,-7.17844297040136 -52.79563523,-7.17872928040142 -52.79574162,-7.17878873040144 -52.79581441,-7.17858856040139 -52.79572342,-7.17833378040133 -52.79632395,-7.17837018040134 -52.79696088,-7.17904350040149 -52.79690629,-7.1799534004017 -52.79656053,-7.18068132040187 -52.79608738,-7.18109987040196 -52.79572342,-7.18177319040212 -52.79568703,-7.18250111040228 -52.79557784,-7.18291966040238 -52.79499551,-7.18375677040257 -52.79481353,-7.18410253040265 -52.79444957,-7.18453928040275 -52.79394003,-7.18492144040283 -52.79321211,-7.18481225040281 -52.79201104,-7.18441189040272 -52.79110115,-7.18386596040259 -52.79040963,-7.18304705040241 -52.78948153,-7.18244652040227 -52.78858983,-7.18217355040221 -52.78737057,-7.18184599040213 -52.78644248,-7.18148203040205 -52.78565997,-7.18089969040192 -52.78518682,-7.18020817040176 -52.78498664,-7.17946206040159 -52.78500309,-7.17935243040156 -52.78509583,-7.17873414040142 -52.78545979,-7.17800622040126 -52.78525961,-7.17756947040116 -52.78542339,-7.17698714040103 -52.78533257,-7.17681911040099 -52.78505943,-7.17631381040087 -52.78482286,-7.17604085040081 -52.7844589,-7.17549491040068 -52.78374918,-7.17483978040054 -52.78336703,-7.17462141040048 -52.78323964,-7.17487618040054 -52.78353081,-7.17567689040072 -52.78349441,-7.17633201040087 -52.78325784,-7.17691435040101 -52.78291208,-7.1773147004011 -52.78260271,-7.17736929040111 -52.78214777,-7.17749668040114 -52.781802,-7.17791523040124 -52.78194759,-7.17877053040143 -52.78240254,-7.18000799040171 -52.78196579,-7.18155482040207 -52.78140165,-7.18262850040231 -52.78069193,-7.1834474004025 -52.77998221,-7.18393875040261 -52.77883119,-7.18437095040271 -52.77773932,-7.18464392040277 -52.77686582,-7.18468031040278 -52.7761561,-7.18491689040284 -52.77568295,-7.18504427040287 -52.77542818,-7.18528085040292 -52.77491864,-7.18555381040298 -52.77402694,-7.18591777040306 -52.77322623,-7.18586318040305 -52.77240732,-7.185644800403 -52.77115167,-7.1851898604029 -52.77033276,-7.18407978040264 -52.76991421,-7.18393420040261 -52.76942286,-7.1838978004026 -52.76914989,-7.18404339040263 -52.7690407,-7.18444374040273 -52.76874954,-7.18449833040274 -52.76844017,-7.1838978004026 -52.76834918,-7.18316989040243 -52.76854936,-7.18218720040221 -52.76878528,-7.1817029304021 -52.76889512,-7.18147748040205 -52.7690771,-7.18085875040191 -52.76903704,-7.18068706040187 -52.76894972,-7.18031281040178 -52.76860395,-7.18040380040181 -52.76838558,-7.18060398040185 -52.76796703,-7.18025822040177 -52.76727551,-7.17983966040167 -52.766402,-7.17914814040152 -52.76605624,-7.17845662040136 -52.76575691,-7.17751780040115 -52.76565589,-7.17720096040107 -52.76541932,-7.17609089040082 -52.76559865,-7.17465505040049 -52.76538292,-7.17405272040036 -52.76443663,-7.17397993040034 -52.76316277,-7.17397993040034 -52.7616387,-7.1742483504004 -52.76088348,-7.17431204040042 -52.76041034,-7.17411186040037 -52.75938215,-7.1738298004003 -52.75888171,-7.17361142040026 -52.75875432,-7.17343854040022 -52.75786263,-7.17351133040023 -52.7572166,-7.17376610040029 -52.75683444,-7.17411186040037 -52.75676018,-7.17412098040037 -52.75645755,-7.17415815040038 -52.7563158,-7.17417556040038 -52.7554787,-7.17391169040032 -52.75506014,-7.17344764040022 -52.75450511,-7.17290170040009 -52.75354972,-7.17232847039996 -52.75294918,-7.1720646003999 -52.75268076,-7.17195996039988 -52.75153429,-7.17150501039978 -52.75055161,-7.17105006039967 -52.74998747,-7.17024935039949 -52.74947793,-7.16948504039931 -52.74895019,-7.1694122503993 -52.74784011,-7.16968522039936 -52.74673004,-7.16955783039933 -52.74572915,-7.16943045039931 -52.74432791,-7.16886631039918 -52.74367279,-7.16861154039912 -52.74256271,-7.16784723039894 -52.74210777,-7.1671921003988 -52.74147084,-7.16662796039867 -52.74097949,-7.16646418039863 -52.74074292,-7.1671921003988 -52.74108868,-7.16848415039909 -52.74152543,-7.16944864039931 -52.74110688,-7.17064971039958 -52.74048815,-7.17195996039988 -52.74048815,-7.17361597040026 -52.74041991,-7.17488528040054 -52.74015604,-7.17553130040069 -52.74004685,-7.17618643040084 -52.73987397,-7.17667777040095 -52.7396374,-7.1773147004011 -52.73947361,-7.17780604040121 -52.73921486,-7.17810915040128 -52.73915515,-7.1781791004013 -52.73908243,-7.17839323040134 -52.73899137,-7.17866135040141 -52.73863651,-7.17897981040148 -52.73807237,-7.17958034040162 -52.73757193,-7.18012628040174 -52.73771751,-7.18136374040202 -52.73768112,-7.18249201040228 -52.73753553,-7.18323813040245 -52.73775391,-7.18422082040268 -52.73771743,-7.18460647040276 -52.73769022,-7.18489414040283 -52.73746274,-7.185658450403 -52.73733536,-7.18613160040311 -52.73732626,-7.18655015040321 -52.73763562,-7.18672303040325 -52.73781097,-7.18662151040323 -52.73798138,-7.1865228504032 -52.73812325,-7.18647456040319 -52.73828965,-7.18641791040318 -52.73840904,-7.18637727040317 -52.73860921,-7.18659565040322 -52.73865471,-7.18712339040334 -52.73823616,-7.18762383040345 -52.7378085,-7.18790590040352 -52.73774737,-7.18793604040353 -52.73766112,-7.18797858040353 -52.73714428,-7.18823346040359 -52.73680762,-7.18832445040361 -52.73619799,-7.18831535040361 -52.73567935,-7.18777851040349 -52.73526079,-7.18757833040345 -52.73469975,-7.1873956704034 -52.73447828,-7.18732356040339 -52.73421278,-7.18719881040335 -52.73372307,-7.18696870040331 -52.7334137,-7.18664114040323 -52.73313164,-7.18613160040311 -52.73337731,-7.18577674040303 -52.733441,-7.18534909040293 -52.7334774,-7.18491234040283 -52.73282227,-7.18340191040249 -52.73216714,-7.18161851040208 -52.73151202,-7.18025367040177 -52.73065672,-7.17894342040147 -52.73007438,-7.17788794040123 -52.72916449,-7.17692344040101 -52.72847296,-7.17619553040084 -52.72781784,-7.17559500040071 -52.72741748,-7.17506726040059 -52.72668957,-7.17486708040054 -52.72581607,-7.17517644040061 -52.72479698,-7.17572238040074 -52.72405087,-7.17579517040075 -52.72299539,-7.17572238040074 -52.72204909,-7.17557680040071 -52.72101181,-7.17539482040066 -52.72012011,-7.17534022040065 -52.71970156,-7.17563139040072 -52.71971976,-7.17646850040091 -52.71975409,-7.17681185040099 -52.71979255,-7.17719641040107 -52.72059229,-7.17742321040112 -52.72101181,-7.17754217040115 -52.72126241,-7.17779694040121 -52.72140017,-7.17793700040124 -52.72210369,-7.1786522504014 -52.72235846,-7.17965313040163 -52.72257683,-7.1807996004019 -52.72210369,-7.18232823040224 -52.72137577,-7.1830197504024 -52.71986534,-7.18411163040265 -52.71840951,-7.1847849504028 -52.71713565,-7.18494873040284 -52.71555243,-7.18593142040307 -52.71475172,-7.18671393040325 -52.71389642,-7.18786040040351 -52.71344147,-7.18842454040364 -52.71284094,-7.18907966040379 -52.71227226,-7.18949367040388 -52.71076183,-7.189985010404 -52.70943338,-7.19007600040401 -52.70819592,-7.190021410404 -52.70697854,-7.18974577040394 -52.70650806,-7.18963925040391 -52.70592573,-7.18925709040383 -52.70562544,-7.18920932040382 -52.70512502,-7.1891297104038 -52.70468827,-7.18963925040391 -52.70425152,-7.19034897040408 -52.70319604,-7.19167742040438 -52.7026137,-7.19293308040467 -52.70254091,-7.19429792040498 -52.70303226,-7.19466188040507 -52.70370558,-7.19382477040487 -52.70401494,-7.19344262040479 -52.70399675,-7.19426152040498 -52.70345081,-7.19489845040512 -52.70328703,-7.1952442104052 -52.70308685,-7.19640888040546 -52.70201317,-7.19726418040566 -52.70064833,-7.19791931040581 -52.69831899,-7.19799210040583 -52.69664478,-7.19757355040573 -52.69624443,-7.19673644040554 -52.69598966,-7.19580835040533 -52.6955711,-7.19518962040519 -52.69480679,-7.19449810040503 -52.69409707,-7.19406135040493 -52.6929688,-7.19358820040482 -52.69216809,-7.19275110040463 -52.69162215,-7.19189579040443 -52.69160395,-7.189985010404 -52.69171314,-7.18889313040375 -52.69171388,-7.18888605040374 -52.69184053,-7.18767387040347 -52.69164035,-7.18661839040322 -52.69114901,-7.18583588040304 -52.69045748,-7.18545373040296 -52.69002073,-7.18545373040296 -52.68952939,-7.18501698040286 -52.68863769,-7.18467121040278 -52.68787338,-7.1838887004026 -52.68720005,-7.18277863040235 -52.68701808,-7.18157757040207 -52.68753871,-7.18073184040188 -52.68790559,-7.18021546040176 -52.6879056,-7.18021544040176 -52.68802206,-7.1799264904017 -52.6887593,-7.1790835404015 -52.69125022,-7.17649015040091 -52.6929324,-7.17553585040069 -52.69391509,-7.1750991004006 -52.69466121,-7.17482613040053 -52.69526174,-7.17420740040039 -52.69535716,-7.1737910204003 -52.69546192,-7.17333390040019 -52.69550745,-7.17274197040006 -52.6955711,-7.17191446039987 -52.69533453,-7.17111375039969 -52.69525122,-7.17100606039966 -52.69458841,-7.17014926039947 -52.6938423,-7.1689664003992 -52.69304159,-7.16842046039907 -52.69227728,-7.16865703039913 -52.69167675,-7.16883901039917 -52.69065766,-7.16900279039921 -52.6903483,-7.16963972039935 -52.69022091,-7.17058601039957 -52.68967497,-7.17124114039972 -52.68885607,-7.17164149039981 -52.68718186,-7.17184167039985 -52.6850709,-7.17167789039982 -52.68361506,-7.17165969039981 -52.68312372,-7.17129573039973 -52.68217743,-7.17127754039972 -52.68146771,-7.17196906039988 -52.68097636,-7.17278796040007 -52.68019385,-7.1742256004004 -52.67913837,-7.17526288040063 -52.67773713,-7.17613638040083 -52.67606292,-7.17717367040107 -52.67404295,-7.1786477004014 -52.67251432,-7.17941201040158 -52.67085831,-7.1799397504017 -52.66967545,-7.18035830040179 -52.66806493,-7.18102708040195 -52.667428,-7.18188238040214 -52.66662729,-7.18315624040243 -52.66599036,-7.18459387040276 -52.66493488,-7.18546737040296 -52.66335166,-7.18588593040305 -52.66198682,-7.18537638040294 -52.66116791,-7.18415712040266 -52.66113715,-7.18298439040239 -52.66118819,-7.1821656704022 -52.66135424,-7.18184147040213 -52.66245997,-7.18131825040201 -52.66253824,-7.18095296040193 -52.6625449,-7.18092189040192 -52.66262375,-7.18055393040184 -52.66229618,-7.18020817040176 -52.66176844,-7.1799352004017 -52.6612407,-7.17971683040165 -52.66034901,-7.17997160040171 -52.65922073,-7.18004439040172 -52.65818345,-7.17938926040157 -52.6568732,-7.17833378040133 -52.65585412,-7.17700534040103 -52.65505341,-7.17573148040074 -52.65480088,-7.17434149040042 -52.65464539,-7.17348566040023 -52.65456206,-7.17183712039985 -52.65462562,-7.1715948003998 -52.65485323,-7.1707270503996 -52.65536277,-7.17009012039945 -52.65590871,-7.16936220039929 -52.65594511,-7.16861609039912 -52.65573179,-7.16788829039895 -52.65563574,-7.16756061039888 -52.65549016,-7.16661432039866 -52.6551262,-7.16601378039853 -52.65450747,-7.16585000039849 -52.65396153,-7.16605018039854 -52.65312443,-7.16736043039884 -52.65232372,-7.16861609039912 -52.65141382,-7.16972616039937 -52.65050392,-7.17094542039965 -52.64966682,-7.17232847039996 -52.64928466,-7.17318377040016 -52.64999438,-7.17522194040062 -52.65032194,-7.17649579040091 -52.6497942,-7.17806082040127 -52.64926646,-7.17869774040141 -52.64872053,-7.17942566040158 -52.64727834,-7.18058123040184 -52.6459135,-7.18165491040209 -52.64505819,-7.18189148040214 -52.64431208,-7.18147293040205 -52.64351137,-7.18119996040199 -52.64309282,-7.18158212040207 -52.64294028,-7.18203974040218 -52.64287444,-7.18223724040223 -52.64307462,-7.18280138040235 -52.64311101,-7.18323813040245 -52.64402091,-7.18334731040248 -52.64412157,-7.18306211040241 -52.6441301,-7.18303795040241 -52.6440755,-7.18276498040234 -52.64507639,-7.18311074040242 -52.64582251,-7.1839114504026 -52.6458771,-7.18480315040281 -52.64547675,-7.18580404040304 -52.64565872,-7.18673213040325 -52.6449854,-7.18796504040353 -52.64449406,-7.18891133040375 -52.64392992,-7.18942087040387 -52.64332939,-7.190003210404 -52.64276525,-7.19023523040405 -52.6423649,-7.19056279040413 -52.64271066,-7.19158188040436 -52.64349317,-7.19278294040464 -52.64311101,-7.19374743040486 -52.64256508,-7.19488935040512 -52.64181896,-7.19630879040545 -52.64096366,-7.19701851040561 -52.63983539,-7.19689113040558 -52.63850694,-7.19630879040545 -52.6371057,-7.19570826040531 -52.63601382,-7.19565367040529 -52.63463078,-7.19614501040541 -52.63370268,-7.19647257040548 -52.63298275,-7.19626248040543 -52.63223775,-7.19574466040531 -52.63138245,-7.19498034040514 -52.63100029,-7.19421603040496 -52.63085471,-7.19334253040476 -52.63018138,-7.19205048040447 -52.62959905,-7.19150454040434 -52.62897827,-7.19108646040425 -52.62870735,-7.19090401040421 -52.62826217,-7.19096565040422 -52.62722434,-7.19110936040425 -52.62631373,-7.19136793040431 -52.62603268,-7.19154781040435 -52.62569541,-7.19186259040442 -52.6246288,-7.19375417040486 -52.62341191,-7.19498931040514 -52.62226195,-7.19564643040529 -52.6213432,-7.19589590040535 -52.61892159,-7.19588981040535 -52.61613491,-7.19692417040558 -52.61299533,-7.19827492040589 -52.60913779,-7.19913891040609 -52.60834682,-7.19974735040623 -52.60751933,-7.20069653040645 -52.6067101,-7.20224806040681 -52.60611991,-7.20374484040715 -52.60538369,-7.20505908040746 -52.60444668,-7.20597174040766 -52.60355835,-7.20676272040784 -52.60298642,-7.20726165040796 -52.60260918,-7.20799178040813 -52.60239014,-7.20937904040845 -52.6018654,-7.21128114040889 -52.60157423,-7.21250040040917 -52.60150144,-7.21315553040932 -52.60119208,-7.21379246040946 -52.60109342,-7.21387467040948 -52.60053695,-7.21433839040959 -52.59990002,-7.21461136040965 -52.59904472,-7.21459316040965 -52.5981981,-7.21432161040959 -52.59808023,-7.21428380040958 -52.59742511,-7.21375606040945 -52.59728216,-7.21331006040935 -52.59697016,-7.21233662040913 -52.59676998,-7.21159051040895 -52.5966062,-7.2104986304087 -52.59653082,-7.20934861040844 -52.59711651,-7.20861602040827 -52.59818341,-7.20672803040784 -52.59818342,-7.20672802040784 -52.59847412,-7.20602802040768 -52.5988029,-7.20490237040741 -52.59884501,-7.20349053040709 -52.59884501,-7.20349051040709 -52.59884501,-7.20349049040709 -52.59860223,-7.20253086040687 -52.59860222,-7.20253084040687 -52.59837379,-7.20205325040676 -52.59802948,-7.20169695040668 -52.59802947,-7.20169694040668 -52.59802946,-7.20169693040668 -52.59731994,-7.20149554040663 -52.59731992,-7.20149554040663 -52.59697895,-7.20161252040666 -52.59697894,-7.20161253040666 -52.59677419,-7.20224198040681 -52.59551544,-7.20433565040729 -52.59460813,-7.20637940040776 -52.59342156,-7.20755056040802 -52.59260265,-7.20838767040822 -52.59145618,-7.20846046040824 -52.59078315,-7.20846046040824 -52.59050989,-7.20846046040824 -52.58970918,-7.20853325040825 -52.58956801,-7.20850273040825 -52.58916739,-7.20841611040823 -52.58903586,-7.20838767040822 -52.58894264,-7.20837435040822 -52.58827155,-7.20827848040819 -52.58792578,-7.20827848040819 -52.58699769,-7.20802371040814 -52.58628797,-7.20733219040797 -52.58565104,-7.20682265040786 -52.58504642,-7.20588352040764 -52.58192047,-7.20372900040715 -52.57929997,-7.20027139040635 -52.57845981,-7.19957863040619 -52.5772254,-7.19856079040596 -52.5755148,-7.19783287040579 -52.57183881,-7.19648622040548 -52.56892714,-7.19586749040534 -52.56481441,-7.19455724040504 -52.5620472,-7.19390324040489 -52.56102924,-7.19397491040491 -52.55920945,-7.19230070040452 -52.55684372,-7.18946182040388 -52.5543324,-7.18691411040329 -52.55294936,-7.18534909040293 -52.55130998,-7.18273288040233 -52.53436815,-7.17810516040128 -52.51482915,-7.17287177040009 -52.49886795,-7.16856347039911 -52.48140112,-7.16379674039802 -52.4639427,-7.15901616039694 -52.44639809,-7.15421338039585 -52.42892848,-7.14945785039477 -52.41753959,-7.14635233039407 -52.39400882,-7.13996613039263 -52.37688648,-7.13553005039163 -52.35890576,-7.13084941039058 -52.34288348,-7.12666616038964 -52.32626107,-7.12230505038866 -52.30816654,-7.1175605503876 -52.29038307,-7.11290774038655 -52.27130793,-7.10821333038551 -52.25475226,-7.1041661003846 -52.23714659,-7.09984935038364 -52.21901034,-7.09537438038264 -52.20092134,-7.09090216038165 -52.18371287,-7.0866437703807 -52.1652349,-7.08190766037966 -52.16093212,-7.08079377037941 -52.14374032,-7.07654660037847 -52.12729859,-7.07247708037757 -52.10926786,-7.06800772037658 -52.09185658,-7.06343550037557 -52.06717036,-7.05685772037413 -52.05673137,-7.05407705037352 -52.03812287,-7.04911319037243 -52.02223115,-7.0448714903715 -52.00301987,-7.03974094037037 -51.98620865,-7.03525208036939 -51.96831968,-7.03046588036835 -51.95062223,-7.02572702036732 -51.93455829,-7.02141030036638 -51.91589979,-7.01638813036529 -51.89741359,-7.01141033036421 -51.88009118,-7.00673530036319 -51.86340779,-7.00222694036222 -51.84607984,-6.99753808036121 -51.82829079,-6.99271577036017 -51.81033232,-6.98784919035912 -51.79200443,-6.98287691035805 -51.77715984,-6.97885191035718 -51.75906526,-6.97393524035613 -51.74102629,-6.9691213303551 -51.73955011,-6.96872310035502 -51.73393709,-6.96749428035475 -51.73174947,-6.96839334035495 -51.72898339,-6.96933963035515 -51.72683603,-6.96915765035511 -51.72501624,-6.96919405035512 -51.72239573,-6.96999476035529 -51.7183194,-6.97152338035562 -51.71609925,-6.9723604903558 -51.71358794,-6.97276084035588 -51.71049429,-6.97396191035614 -51.70674551,-6.97487180035633 -51.70496212,-6.97574530035652 -51.7024508,-6.97789266035698 -51.69910238,-6.98058595035756 -51.69670025,-6.98273331035802 -51.69560838,-6.9844803103584 -51.69575396,-6.98655488035884 -51.6962635,-6.9886658403593 -51.69670025,-6.99048563035969 -51.69797411,-6.99261479036014 -51.69888401,-6.99512610036069 -51.69975751,-6.99738265036117 -51.70132253,-6.99821975036135 -51.70088578,-6.99996675036173 -51.69972111,-7.00349715036249 -51.69826528,-7.00608126036305 -51.69676395,-7.00763718036339 -51.69487136,-7.00938418036377 -51.69334274,-7.01054885036402 -51.69155934,-7.01251423036445 -51.68973045,-7.01544409036508 -51.68812903,-7.01631759036527 -51.68598167,-7.01733668036549 -51.68427107,-7.01821018036568 -51.68248767,-7.0201391603661 -51.68125021,-7.02188616036648 -51.68059508,-7.02363316036686 -51.68004915,-7.02399712036694 -51.67946569,-7.02367034036687 -51.67946564,-7.02367041036687 -51.67946558,-7.02367046036687 -51.67946552,-7.02367049036687 -51.67946545,-7.02367050036687 -51.6793904,-7.02366900036687 -51.6789749,-7.02372092036688 -51.67861475,-7.02390960036692 -51.67845932,-7.024294490367 -51.67867664,-7.02457024036706 -51.67892278,-7.0247554503671 -51.67892284,-7.0247555103671 -51.67892289,-7.0247555903671 -51.67892293,-7.0247556903671 -51.67892295,-7.02475580036711 -51.67894655,-7.02505277036717 -51.67894655,-7.02505289036717 -51.67890554,-7.02553267036727 -51.67890553,-7.02553276036727 -51.6789055,-7.02553284036728 -51.67890546,-7.02553292036727 -51.67853934,-7.0261288403674 -51.67853929,-7.0261289003674 -51.67853925,-7.0261289403674 -51.67820801,-7.02636935036746 -51.678208,-7.02636936036746 -51.67764124,-7.02674738036754 -51.67764118,-7.02674741036754 -51.6771308,-7.02688747036757 -51.67713073,-7.02688748036757 -51.67672163,-7.02684196036756 -51.67672157,-7.02684194036756 -51.67672151,-7.02684190036756 -51.67672146,-7.02684185036756 -51.67652332,-7.0265796703675 -51.67652327,-7.0265796003675 -51.67652324,-7.0265795203675 -51.67652322,-7.0265794203675 -51.67652321,-7.0265793203675 -51.67652322,-7.0265792203675 -51.67652325,-7.0265791303675 -51.67661337,-7.02630559036744 -51.6766134,-7.02630551036744 -51.67661345,-7.02630545036744 -51.67661349,-7.02630540036744 -51.67686355,-7.0260916203674 -51.6768636,-7.0260915803674 -51.67735646,-7.02585504036734 -51.67773881,-7.02540484036725 -51.67785287,-7.02480243036712 -51.67779802,-7.02418254036698 -51.67749148,-7.02364303036686 -51.67711983,-7.02317145036676 -51.67656434,-7.02281551036668 -51.67590779,-7.0228900003667 -51.67539973,-7.02320993036677 -51.67539972,-7.02320994036677 -51.67492263,-7.02347614036683 -51.67492259,-7.02347616036683 -51.67442402,-7.02362973036686 -51.67442395,-7.02362974036686 -51.67442389,-7.02362973036686 -51.67394299,-7.02345976036682 -51.67394291,-7.02345972036682 -51.67394285,-7.02345964036682 -51.67361939,-7.02297868036672 -51.67361937,-7.02297866036672 -51.67329273,-7.0224261803666 -51.67283348,-7.02194871036649 -51.67228406,-7.02162425036642 -51.6717339,-7.02133301036636 -51.67112582,-7.02110372036631 -51.6705426,-7.02092117036627 -51.66991412,-7.02077279036624 -51.6699141,-7.02077278036624 -51.66931985,-7.02055367036619 -51.6693198,-7.02055365036619 -51.6688407,-7.02025515036612 -51.66884063,-7.02025509036613 -51.66884058,-7.02025501036613 -51.66884054,-7.02025492036613 -51.66866746,-7.019693620366 -51.66866743,-7.019693490366 -51.66860911,-7.01905916036587 -51.66860911,-7.01905907036587 -51.66860912,-7.01905898036586 -51.66860914,-7.01905890036587 -51.66880844,-7.01845876036573 -51.66880848,-7.01845867036574 -51.66880854,-7.01845859036573 -51.66922042,-7.01802229036564 -51.66922049,-7.01802224036564 -51.66976914,-7.01774763036558 -51.66976919,-7.01774761036558 -51.67023251,-7.01764458036556 -51.67023252,-7.01764458036556 -51.67072516,-7.01756213036554 -51.67136196,-7.0173731803655 -51.67214699,-7.01710033036544 -51.67269777,-7.01682456036538 -51.67332267,-7.01635413036528 -51.6737709,-7.01584346036517 -51.67377091,-7.01584345036517 -51.67423913,-7.01535580036506 -51.67423914,-7.01535579036506 -51.67473004,-7.01488660036496 -51.67521062,-7.01441624036486 -51.67521065,-7.01441621036486 -51.67573762,-7.01402865036478 -51.67573766,-7.01402862036477 -51.67633117,-7.01372913036471 -51.67694267,-7.01343942036465 -51.67694268,-7.01343941036465 -51.67753012,-7.01317899036459 -51.67808474,-7.01291411036453 -51.67862704,-7.01267083036448 -51.67896067,-7.01210076036436 -51.67896165,-7.0113870703642 -51.67882694,-7.01071754036406 -51.67868021,-7.01005563036391 -51.67838969,-7.00943198036378 -51.67797221,-7.00889451036366 -51.67738556,-7.00847955036357 -51.67679344,-7.00827472036353 -51.67679343,-7.00827471036353 -51.67632594,-7.00808661036348 -51.67632592,-7.00808660036349 -51.67582012,-7.00781797036343 -51.6751809,-7.00756741036337 -51.67518086,-7.00756739036337 -51.67468564,-7.0072317703633 -51.67468558,-7.0072317103633 -51.67410783,-7.00652727036315 -51.67351004,-7.00579197036299 -51.67288671,-7.00517114036285 -51.67229363,-7.00461014036273 -51.67229361,-7.00461011036273 -51.67172555,-7.00396005036259 -51.67172554,-7.00396003036259 -51.67118081,-7.00324485036244 -51.67059882,-7.00264606036231 -51.6699516,-7.00224060036222 -51.66995154,-7.00224055036222 -51.66960238,-7.00184841036214 -51.66960232,-7.00184833036214 -51.66936887,-7.00139319036204 -51.66907871,-7.00085859036192 -51.66907868,-7.00085852036192 -51.66907866,-7.00085845036192 -51.66892097,-7.00020171036178 -51.66892096,-7.00020161036178 -51.66886557,-6.99949620036163 -51.66846016,-6.99892971036151 -51.66773088,-6.99881305036148 -51.6670719,-6.99912915036155 -51.66654178,-6.99960086036165 -51.66604763,-7.00003515036175 -51.66604761,-7.00003516036175 -51.66552369,-7.00042140036183 -51.66552365,-7.00042142036183 -51.66493372,-7.00069765036189 -51.66493369,-7.00069766036189 -51.66428621,-7.00088513036193 -51.66366321,-7.00113876036199 -51.66307614,-7.00141315036204 -51.66307612,-7.00141315036204 -51.66248156,-7.00163582036209 -51.66189622,-7.00188036036214 -51.66189619,-7.00188037036214 -51.66139452,-7.00201644036217 -51.66139446,-7.00201645036217 -51.6613944,-7.00201644036217 -51.6608935,-7.00182659036213 -51.66036449,-7.00209432036219 -51.66004338,-7.00228663036223 -51.66004332,-7.00228666036223 -51.66004326,-7.00228666036223 -51.6595415,-7.00224815036223 -51.65954143,-7.00224814036222 -51.65954138,-7.00224810036222 -51.65920204,-7.00198359036217 -51.65868184,-7.00174392036211 -51.65868178,-7.00174388036212 -51.65824566,-7.00138505036204 -51.65766014,-7.00131663036202 -51.65720046,-7.00173963036211 -51.6569224,-7.0021248303622 -51.65692235,-7.0021248903622 -51.65692229,-7.0021249303622 -51.65658863,-7.00228350036223 -51.65658856,-7.00228352036223 -51.65658849,-7.00228351036223 -51.65658841,-7.00228347036223 -51.65647335,-7.00220012036221 -51.6564733,-7.00220007036221 -51.65647326,-7.00220001036221 -51.65647322,-7.00219993036221 -51.6564732,-7.00219985036221 -51.65647318,-7.00219975036221 -51.65647319,-7.00219966036221 -51.65651185,-7.00171357036211 -51.65611584,-7.00129243036202 -51.65562778,-7.00098080036195 -51.65507563,-7.00102064036196 -51.65529416,-7.00164392036209 -51.65561427,-7.00191854036215 -51.65561432,-7.00191860036215 -51.65561436,-7.00191867036215 -51.6556144,-7.00191876036215 -51.65561441,-7.00191886036215 -51.65563226,-7.00209503036219 -51.65563226,-7.00209514036219 -51.65563225,-7.00209524036219 -51.65563222,-7.00209534036219 -51.65563218,-7.00209542036219 -51.65563213,-7.00209548036219 -51.65563206,-7.00209553036219 -51.65539943,-7.00221803036222 -51.65539942,-7.00221803036222 -51.65496332,-7.00244289036227 -51.65468396,-7.00299804036239 -51.65469602,-7.0035492303625 -51.65469602,-7.0035493203625 -51.65469601,-7.0035494103625 -51.65469598,-7.00354949036251 -51.65461384,-7.00374701036255 -51.6546138,-7.00374708036255 -51.65461375,-7.00374714036255 -51.65461369,-7.00374719036255 -51.65461363,-7.00374721036255 -51.65461357,-7.00374722036255 -51.6546135,-7.00374720036255 -51.65432091,-7.00361825036252 -51.65432084,-7.00361820036252 -51.65432078,-7.00361813036252 -51.65400578,-7.00312646036241 -51.65348573,-7.00343535036248 -51.65366376,-7.00405060036261 -51.65393137,-7.00451839036272 -51.65393141,-7.00451849036271 -51.65393144,-7.00451861036272 -51.6539901,-7.00505233036283 -51.65399011,-7.00505243036283 -51.65399009,-7.00505254036283 -51.65388078,-7.00559998036295 -51.65388075,-7.00560008036295 -51.65370638,-7.00602669036304 -51.65370634,-7.00602676036304 -51.65370629,-7.00602683036304 -51.65370623,-7.00602687036304 -51.65370616,-7.00602690036304 -51.65328766,-7.00610444036306 -51.65328759,-7.00610444036306 -51.65328753,-7.00610442036306 -51.65328747,-7.00610437036306 -51.65296605,-7.00578692036299 -51.65296601,-7.00578687036299 -51.65296597,-7.00578680036299 -51.65296594,-7.00578673036299 -51.65280079,-7.00524388036287 -51.65232968,-7.00481605036278 -51.65176036,-7.00454994036272 -51.65117888,-7.00436149036268 -51.65056176,-7.00418956036264 -51.64990075,-7.00411373036263 -51.64921199,-7.00421216036265 -51.64859193,-7.00451590036271 -51.64799777,-7.00487922036279 -51.64776058,-7.00552961036293 -51.6479003,-7.00619318036308 -51.64807227,-7.00679332036321 -51.6482324,-7.00734810036333 -51.64823242,-7.00734818036333 -51.64823243,-7.00734827036333 -51.64824555,-7.00794594036346 -51.64824555,-7.00794601036346 -51.64820112,-7.00853211036358 -51.64820111,-7.00853218036358 -51.64809167,-7.00909787036371 -51.64809164,-7.00909796036371 -51.64809161,-7.0090980403637 -51.64809156,-7.0090981003637 -51.64767973,-7.0095551303638 -51.64767968,-7.0095551703638 -51.64767963,-7.00955520036381 -51.64715386,-7.00978030036385 -51.64715379,-7.00978031036385 -51.64715372,-7.00978031036385 -51.64660081,-7.00962223036382 -51.64660079,-7.00962223036382 -51.64600781,-7.00937928036377 -51.6460078,-7.00937927036377 -51.6454395,-7.00911725036371 -51.64543945,-7.00911722036371 -51.64543941,-7.00911718036371 -51.64500542,-7.0086305503636 -51.64500535,-7.0086304503636 -51.64471434,-7.00800364036347 -51.6444478,-7.00740560036334 -51.64444779,-7.00740559036334 -51.64417957,-7.0067700403632 -51.64374236,-7.00617336036307 -51.64374234,-7.00617333036307 -51.64336661,-7.00556784036294 -51.64336658,-7.00556778036294 -51.64308489,-7.0049317003628 -51.64308486,-7.0049316103628 -51.64291854,-7.00427196036266 -51.64291853,-7.00427188036266 -51.64291852,-7.00427181036266 -51.64290743,-7.00359350036251 -51.64290744,-7.00359341036251 -51.64290745,-7.00359332036251 -51.64290748,-7.00359324036252 -51.64318108,-7.00294000036237 -51.642485,-7.00200422036217 -51.64143896,-7.00154667036207 -51.64040658,-7.00149133036206 -51.63946579,-7.00156724036207 -51.63866471,-7.00174077036211 -51.63757183,-7.00227213036223 -51.63677479,-7.00289080036236 -51.6363538,-7.00322061036243 -51.63635378,-7.00322063036243 -51.63573687,-7.00360702036252 -51.63573685,-7.00360703036252 -51.63492231,-7.00403783036261 -51.63492229,-7.00403783036261 -51.63424684,-7.00432555036267 -51.63424682,-7.00432556036267 -51.63354417,-7.00453810036272 -51.63354414,-7.00453810036272 -51.63283647,-7.00464807036274 -51.63283643,-7.00464807036274 -51.63191849,-7.00457453036273 -51.6311811,-7.00451287036271 -51.63046947,-7.0044612303627 -51.62961256,-7.0044271903627 -51.62876014,-7.0044678203627 -51.62805211,-7.00450549036271 -51.62732671,-7.00457884036273 -51.62658241,-7.00474117036276 -51.62583749,-7.00498890036282 -51.62514026,-7.00532406036289 -51.62446741,-7.00569417036297 -51.62383192,-7.00614321036307 -51.62329198,-7.00666210036318 -51.62329195,-7.00666212036318 -51.6227087,-7.00712626036328 -51.62214739,-7.00757031036337 -51.62214737,-7.00757032036338 -51.6215667,-7.00794405036346 -51.62156667,-7.00794406036345 -51.62099096,-7.00821770036351 -51.62099089,-7.00821772036351 -51.62032507,-7.00827786036353 -51.62032501,-7.00827785036353 -51.61958565,-7.0081322103635 -51.61880943,-7.00800726036347 -51.61800392,-7.00807597036348 -51.61734729,-7.00847502036357 -51.61667591,-7.00901609036369 -51.61614085,-7.00947509036379 -51.61568956,-7.00995439036389 -51.61568955,-7.00995440036389 -51.61521249,-7.01039699036399 -51.6146708,-7.01104871036413 -51.61433597,-7.01166547036426 -51.61433593,-7.01166553036426 -51.61433588,-7.01166558036426 -51.61433582,-7.01166562036426 -51.61379628,-7.01189243036431 -51.61379622,-7.01189244036431 -51.61379617,-7.01189244036431 -51.61312933,-7.01176921036429 -51.61312932,-7.01176921036429 -51.61244773,-7.01159752036425 -51.6124477,-7.01159751036425 -51.61182289,-7.01135193036419 -51.61182288,-7.01135192036419 -51.61114048,-7.01107127036413 -51.61044737,-7.01080022036407 -51.61044736,-7.01080022036407 -51.60980368,-7.01050392036401 -51.60919668,-7.01024350036395 -51.60919663,-7.01024348036395 -51.60872396,-7.00990839036388 -51.60872388,-7.00990831036388 -51.60831936,-7.00931852036375 -51.60831933,-7.00931847036375 -51.60801413,-7.00870851036362 -51.60801411,-7.00870844036362 -51.60776526,-7.00794762036346 -51.60776524,-7.00794754036346 -51.60762914,-7.00720021036329 -51.60762913,-7.0072001403633 -51.60757903,-7.00655663036316 -51.60757903,-7.00655653036315 -51.60757905,-7.00655644036315 -51.60772227,-7.00589208036301 -51.60785312,-7.00532438036289 -51.60724895,-7.00501293036282 -51.60649497,-7.00496505036281 -51.60575209,-7.00498463036282 -51.60498842,-7.00500041036282 -51.6042533,-7.00523774036287 -51.60359312,-7.00554166036294 -51.6029224,-7.00587105036301 -51.60238747,-7.00642480036313 -51.60206326,-7.00707853036327 -51.60177818,-7.00771024036341 -51.60177817,-7.00771028036341 -51.60148933,-7.00823320036352 -51.60148929,-7.00823326036352 -51.60148924,-7.00823331036352 -51.60148919,-7.00823334036352 -51.60097481,-7.00847795036357 -51.60097472,-7.00847797036357 -51.60037137,-7.00846662036357 -51.60037132,-7.00846661036357 -51.60037126,-7.00846659036357 -51.59988622,-7.0081605203635 -51.59988617,-7.0081604803635 -51.59945518,-7.00773039036341 -51.59895597,-7.00746711036335 -51.59854726,-7.00764125036339 -51.59828603,-7.00795328036346 -51.59805216,-7.00839564036356 -51.59805212,-7.00839570036355 -51.59771756,-7.00882042036365 -51.59723014,-7.0095217803638 -51.59687398,-7.01027312036396 -51.59687393,-7.01027320036396 -51.59687386,-7.01027326036396 -51.59646153,-7.01056853036402 -51.59646147,-7.01056856036403 -51.5964614,-7.01056858036402 -51.59646134,-7.01056857036402 -51.59593888,-7.01040572036399 -51.59593881,-7.01040568036399 -51.59593875,-7.01040563036399 -51.59560509,-7.0099993403639 -51.59560504,-7.0099992603639 -51.595605,-7.0099991503639 -51.59546916,-7.00947705036379 -51.5953043,-7.00891227036366 -51.59478549,-7.00852233036358 -51.594169,-7.00877913036364 -51.59370384,-7.00902907036369 -51.59370378,-7.00902909036369 -51.59370371,-7.00902909036369 -51.59321464,-7.00896919036368 -51.59321455,-7.00896916036368 -51.59292228,-7.00878983036364 -51.59292222,-7.00878978036364 -51.59292217,-7.00878971036364 -51.59292213,-7.00878962036364 -51.59292211,-7.00878952036364 -51.5929221,-7.00878941036364 -51.59292211,-7.00878931036364 -51.59292213,-7.00878921036364 -51.59292217,-7.00878912036364 -51.59302687,-7.0086054503636 -51.59302692,-7.0086053803636 -51.59302698,-7.0086053303636 -51.59302704,-7.0086053003636 -51.59343187,-7.00849734036357 -51.59365993,-7.00807362036348 -51.59354571,-7.00760283036338 -51.59330421,-7.00715261036328 -51.59262546,-7.00737926036334 -51.59216496,-7.00770194036341 -51.5921649,-7.0077019703634 -51.59216484,-7.00770198036341 -51.59159316,-7.00771122036341 -51.59096606,-7.00790077036345 -51.59049417,-7.00821721036352 -51.59049412,-7.00821724036351 -51.59049407,-7.00821725036351 -51.58996318,-7.00826115036352 -51.58996309,-7.00826114036352 -51.58944456,-7.00804701036348 -51.58944452,-7.00804698036348 -51.5891152,-7.00782071036343 -51.58873296,-7.00758728036338 -51.58824213,-7.00780588036343 -51.58824212,-7.00780588036343 -51.58774762,-7.00800531036347 -51.58717936,-7.00831010036354 -51.58717935,-7.00831010036353 -51.58660494,-7.00856117036359 -51.58625722,-7.00890157036366 -51.58625714,-7.00890162036366 -51.58625707,-7.00890164036366 -51.58573108,-7.00893289036367 -51.58535778,-7.00926859036374 -51.58512141,-7.0095345103638 -51.58512135,-7.0095345603638 -51.58512128,-7.0095345903638 -51.58497259,-7.00957156036381 -51.58497252,-7.00957156036381 -51.58497245,-7.00957155036381 -51.58497239,-7.00957150036381 -51.58497233,-7.00957144036381 -51.58497229,-7.00957136036381 -51.58490257,-7.00941070036377 -51.58490254,-7.00941060036377 -51.58490253,-7.00941049036377 -51.58490253,-7.00941038036377 -51.58490255,-7.00941027036377 -51.58490259,-7.00941018036377 -51.58503657,-7.00913990036371 -51.58503661,-7.00913984036371 -51.58503666,-7.00913979036371 -51.58534477,-7.00885630036365 -51.58523059,-7.00834246036354 -51.58470947,-7.00804968036348 -51.5841672,-7.00788835036344 -51.58416716,-7.00788833036344 -51.58371422,-7.00764494036339 -51.58371417,-7.00764491036339 -51.58336986,-7.00734601036333 -51.5833698,-7.00734594036333 -51.58309692,-7.00694051036324 -51.58309688,-7.00694043036324 -51.58309685,-7.00694034036324 -51.58309684,-7.00694025036324 -51.5830725,-7.00667801036318 -51.58307249,-7.00667791036318 -51.58307251,-7.00667781036318 -51.58307253,-7.00667772036318 -51.58307257,-7.00667764036318 -51.58307262,-7.00667758036318 -51.58307268,-7.00667753036318 -51.58307274,-7.00667750036318 -51.5830728,-7.00667749036318 -51.58335268,-7.00669646036318 -51.58335277,-7.00669648036319 -51.58384904,-7.00697234036324 -51.58441662,-7.00663314036317 -51.5843813,-7.00595484036303 -51.58398572,-7.00544778036291 -51.58340683,-7.00515644036285 -51.58282739,-7.00499675036282 -51.58229152,-7.00485493036279 -51.5817092,-7.00473057036276 -51.58113467,-7.00476925036277 -51.58044399,-7.0049080703628 -51.57976534,-7.00504999036283 -51.57912793,-7.00523938036287 -51.57848587,-7.00546060036292 -51.577888,-7.005847190363 -51.57741059,-7.00642389036313 -51.577415,-7.00711116036327 -51.57795666,-7.00752197036337 -51.57843011,-7.00785667036344 -51.57843017,-7.00785673036343 -51.57879744,-7.00830401036353 -51.57879747,-7.00830406036353 -51.57879751,-7.00830413036353 -51.57894159,-7.00866554036361 -51.57894161,-7.00866564036361 -51.57894163,-7.00866574036361 -51.57894163,-7.00866585036361 -51.57894161,-7.00866595036361 -51.57894157,-7.00866604036361 -51.57894153,-7.00866612036361 -51.57894147,-7.00866618036361 -51.5789414,-7.00866621036361 -51.57866122,-7.00877206036364 -51.57866114,-7.00877207036363 -51.57798608,-7.00871883036363 -51.57727777,-7.00868346036362 -51.57658188,-7.00869424036362 -51.57591511,-7.00879880036364 -51.57524471,-7.00890455036366 -51.57461152,-7.00909538036371 -51.57403518,-7.00929327036375 -51.5740351,-7.00929328036375 -51.57339206,-7.00925497036374 -51.57339205,-7.00925497036374 -51.57271909,-7.00916920036372 -51.57207897,-7.00929123036375 -51.57159471,-7.00970338036383 -51.57110347,-7.01012596036393 -51.57127794,-7.01063589036404 -51.57154508,-7.01086318036409 -51.57210812,-7.01078687036407 -51.57238428,-7.01060228036403 -51.57238434,-7.01060225036403 -51.5723844,-7.01060224036403 -51.57238446,-7.01060225036403 -51.57238452,-7.01060228036403 -51.57238458,-7.01060233036403 -51.57244221,-7.01066852036405 -51.57244226,-7.01066859036405 -51.57244229,-7.01066868036405 -51.57244232,-7.01066877036405 -51.57244233,-7.01066887036405 -51.57244232,-7.01066898036405 -51.5724423,-7.01066907036404 -51.57244226,-7.01066916036405 -51.57244221,-7.01066923036404 -51.57218837,-7.01097486036411 -51.5721883,-7.01097492036411 -51.57181151,-7.01123214036417 -51.57150345,-7.01150929036423 -51.57150339,-7.01150933036423 -51.5711148,-7.01170261036427 -51.57109154,-7.01204038036434 -51.57120433,-7.01235299036441 -51.57134548,-7.01264468036447 -51.57134551,-7.01264476036447 -51.57134553,-7.01264485036447 -51.57138521,-7.01291898036453 -51.57138521,-7.01291912036454 -51.57135684,-7.01330558036462 -51.57150882,-7.01374115036471 -51.57191285,-7.01401751036477 -51.57258589,-7.01402862036477 -51.57300568,-7.01380018036473 -51.5730057,-7.01380017036472 -51.57339783,-7.01363388036469 -51.57339789,-7.01363386036469 -51.57339796,-7.01363387036469 -51.5737037,-7.01372897036471 -51.57370375,-7.01372899036471 -51.5737038,-7.01372904036471 -51.57370384,-7.01372909036471 -51.57392825,-7.01406150036478 -51.57392829,-7.01406158036478 -51.57392832,-7.01406168036478 -51.57392834,-7.01406178036478 -51.57392834,-7.01406188036478 -51.57392832,-7.01406198036478 -51.57384232,-7.01442296036486 -51.57384229,-7.01442305036486 -51.57384225,-7.01442313036486 -51.57384219,-7.01442320036486 -51.57384213,-7.01442324036486 -51.57334212,-7.01465292036491 -51.57334203,-7.01465294036491 -51.5727584,-7.01464318036491 -51.57275834,-7.01464317036491 -51.57213232,-7.01443117036486 -51.57142393,-7.01458033036489 -51.57089994,-7.01510197036501 -51.57064145,-7.01577253036515 -51.57041005,-7.01638347036528 -51.57041002,-7.01638353036528 -51.57040999,-7.01638359036528 -51.57000379,-7.01689815036539 -51.57000376,-7.0168981903654 -51.56950041,-7.0173836003655 -51.56903228,-7.01794635036562 -51.56867542,-7.01858399036576 -51.56842825,-7.01924047036591 -51.56823551,-7.01993764036606 -51.56824807,-7.02066667036622 -51.56853684,-7.02134917036636 -51.56897781,-7.02185418036648 -51.56897785,-7.02185425036647 -51.56897789,-7.02185433036647 -51.56897791,-7.02185442036648 -51.56897792,-7.02185452036647 -51.56897792,-7.02185462036647 -51.5689779,-7.02185472036648 -51.56897786,-7.02185481036647 -51.56897782,-7.02185488036647 -51.56897776,-7.02185494036647 -51.5689777,-7.02185497036647 -51.56860281,-7.02200355036651 -51.56860277,-7.0220035603665 -51.56796185,-7.02212854036653 -51.56796181,-7.02212854036653 -51.56729332,-7.02211302036653 -51.5672933,-7.02211302036653 -51.56660969,-7.02203631036651 -51.56591526,-7.0219664003665 -51.56519631,-7.02193188036649 -51.5645112,-7.0219840503665 -51.56451117,-7.0219840503665 -51.56385913,-7.02193245036649 -51.56385909,-7.02193244036649 -51.56318715,-7.02174062036645 -51.56253722,-7.02159831036642 -51.56187289,-7.02149160036639 -51.56137954,-7.0215005803664 -51.56137948,-7.0215005703664 -51.56137942,-7.0215005403664 -51.56137937,-7.0215005003664 -51.56137932,-7.02150044036639 -51.56137928,-7.0215003703664 -51.56124048,-7.02117311036633 -51.56094862,-7.02073282036623 -51.56041737,-7.02087406036626 -51.55983473,-7.02101453036629 -51.55983469,-7.02101454036629 -51.55924251,-7.0210412303663 -51.55924244,-7.02104122036629 -51.55868779,-7.02085918036626 -51.55868777,-7.02085917036626 -51.5582433,-7.02065347036621 -51.55824324,-7.02065343036621 -51.55824319,-7.02065338036621 -51.55824315,-7.02065331036621 -51.55810698,-7.02037808036615 -51.55810697,-7.02037806036615 -51.55796262,-7.02004985036608 -51.55796261,-7.02004983036608 -51.55778392,-7.01959105036598 -51.55726372,-7.01952301036597 -51.55702807,-7.01978438036602 -51.55702802,-7.01978443036602 -51.55702795,-7.01978446036602 -51.55702789,-7.01978447036603 -51.55680906,-7.01976982036602 -51.55680899,-7.01976980036602 -51.55680893,-7.01976977036602 -51.55680887,-7.01976971036602 -51.55659681,-7.01948469036596 -51.55659677,-7.01948462036596 -51.55659673,-7.01948454036596 -51.55643562,-7.01894102036584 -51.5564356,-7.01894094036584 -51.55643559,-7.01894085036584 -51.55642628,-7.01841386036573 -51.55633644,-7.01792139036562 -51.55633643,-7.01792134036562 -51.55629226,-7.01745327036552 -51.55629225,-7.01745316036552 -51.55632196,-7.01697995036541 -51.55595063,-7.01667749036535 -51.55560599,-7.01648322036531 -51.55560595,-7.01648318036531 -51.5556059,-7.01648313036531 -51.55534843,-7.01613920036523 -51.55503458,-7.01574005036514 -51.55503454,-7.01573998036515 -51.5550345,-7.01573989036514 -51.55503448,-7.01573980036515 -51.55497916,-7.01535268036506 -51.55497915,-7.01535258036506 -51.55497916,-7.01535247036506 -51.55497919,-7.01535237036506 -51.55497923,-7.01535228036506 -51.55497929,-7.01535221036506 -51.55497935,-7.01535216036506 -51.55530145,-7.01518269036502 -51.55557601,-7.01485833036495 -51.55540433,-7.01434200036484 -51.55520335,-7.01385329036474 -51.55462298,-7.01399324036477 -51.55415533,-7.01424283036482 -51.55415525,-7.01424286036482 -51.55379966,-7.01427330036483 -51.5537996,-7.01427330036483 -51.55379955,-7.01427328036482 -51.55342022,-7.01408123036479 -51.55342021,-7.01408122036478 -51.55294202,-7.01380028036472 -51.55294197,-7.01380024036472 -51.55279378,-7.0136648903647 -51.55279373,-7.0136648303647 -51.55279369,-7.01366475036469 -51.55279366,-7.01366466036469 -51.55279364,-7.0136645603647 -51.55279364,-7.0136644603647 -51.55279365,-7.0136643603647 -51.55279368,-7.01366427036469 -51.55279372,-7.0136641903647 -51.55279377,-7.01366412036469 -51.55292871,-7.01353082036467 -51.55292877,-7.01353078036467 -51.55292883,-7.01353076036467 -51.55335849,-7.01342645036464 -51.55335858,-7.01342645036464 -51.55401657,-7.01354519036467 -51.55461474,-7.01307074036457 -51.55480924,-7.01236835036441 -51.55483354,-7.01161309036425 -51.5544231,-7.01095691036411 -51.55376897,-7.01059140036403 -51.55310844,-7.01033783036397 -51.55240629,-7.01022960036395 -51.5516919,-7.01035843036398 -51.55082216,-7.01064858036404 -51.55017963,-7.01104164036413 -51.55017961,-7.01104165036413 -51.54957471,-7.01134145036419 -51.54957461,-7.01134147036419 -51.54896423,-7.01132449036419 -51.54896418,-7.01132448036419 -51.54896413,-7.01132446036419 -51.54843504,-7.01102523036412 -51.54843496,-7.01102517036412 -51.54800194,-7.01051510036401 -51.54800193,-7.01051509036401 -51.5475603,-7.00997796036389 -51.54707746,-7.00947806036379 -51.54661354,-7.00921822036373 -51.5454428,-7.00887014036366 -51.54467946,-7.00903381036369 -51.54409976,-7.00922080036373 -51.54350047,-7.0095231503638 -51.54321605,-7.00973701036385 -51.54321596,-7.00973705036384 -51.54289786,-7.00980696036386 -51.54258618,-7.00987076036387 -51.54251336,-7.00988446036388 -51.54251329,-7.00988446036388 -51.54251323,-7.00988444036388 -51.54251317,-7.00988440036388 -51.54251311,-7.00988433036388 -51.54251307,-7.00988425036388 -51.54251304,-7.00988416036388 -51.54251303,-7.00988405036388 -51.54251303,-7.00988395036388 -51.54251305,-7.00988385036388 -51.54251308,-7.00988376036387 -51.54251312,-7.00988368036388 -51.54251318,-7.00988362036388 -51.54263108,-7.00978236036385 -51.5426311,-7.00978234036385 -51.54299538,-7.0095159903638 -51.54322603,-7.0090639903637 -51.54271888,-7.00887957036366 -51.54234683,-7.00899383036368 -51.54234677,-7.00899383036368 -51.5423467,-7.00899382036368 -51.54197527,-7.00884306036365 -51.54197522,-7.00884303036365 -51.54197517,-7.00884298036365 -51.54197513,-7.00884292036365 -51.54186286,-7.00864846036361 -51.54186282,-7.00864837036361 -51.5418628,-7.00864827036361 -51.54186279,-7.00864817036361 -51.5418628,-7.00864806036361 -51.54186282,-7.00864796036361 -51.54186285,-7.00864788036361 -51.5418629,-7.00864780036361 -51.54186296,-7.00864775036361 -51.54214177,-7.00845054036356 -51.54228424,-7.00807436036348 -51.5418065,-7.0076925003634 -51.54108853,-7.00748311036335 -51.5410885,-7.00748310036336 -51.54048869,-7.0072328603633 -51.54048863,-7.0072328203633 -51.54000815,-7.00683449036321 -51.53948739,-7.00649499036314 -51.53896635,-7.00650946036314 -51.53896627,-7.00650945036315 -51.5389662,-7.00650940036314 -51.53877438,-7.00634745036311 -51.53877433,-7.00634740036311 -51.53877428,-7.00634733036311 -51.53877425,-7.00634725036311 -51.53877423,-7.00634716036311 -51.53877423,-7.00634707036311 -51.53877423,-7.00634697036311 -51.53883087,-7.00591268036302 -51.53883088,-7.00591259036302 -51.53883091,-7.00591251036301 -51.53903288,-7.00546504036292 -51.5390329,-7.00546501036292 -51.53918434,-7.00518660036286 -51.53918438,-7.00518653036286 -51.53918443,-7.00518648036286 -51.53918449,-7.00518645036286 -51.53918455,-7.00518643036286 -51.53918461,-7.00518644036286 -51.53918467,-7.00518646036286 -51.53932136,-7.00526473036288 -51.53932141,-7.00526477036288 -51.53932146,-7.00526483036288 -51.5393215,-7.00526490036288 -51.53932153,-7.00526499036287 -51.53945121,-7.00575369036298 -51.53992133,-7.00623010036308 -51.54034615,-7.005846820363 -51.54034976,-7.00515216036285 -51.54034976,-7.00515211036285 -51.54040238,-7.00453094036272 -51.54030057,-7.00387262036258 -51.53976627,-7.00333803036246 -51.53912727,-7.00302333036239 -51.53844822,-7.00300557036239 -51.53803843,-7.00345996036248 -51.5377709,-7.00381329036256 -51.53777084,-7.00381336036256 -51.53777077,-7.00381340036256 -51.53777069,-7.00381340036256 -51.53749907,-7.00379320036256 -51.537499,-7.00379318036256 -51.53749894,-7.00379314036256 -51.53749888,-7.00379308036256 -51.53749883,-7.00379300036256 -51.5374988,-7.00379291036256 -51.53749879,-7.00379280036256 -51.53747153,-7.00344830036248 -51.53728128,-7.0030474703624 -51.53678584,-7.00325576036244 -51.53678579,-7.00325578036244 -51.536387,-7.00330215036245 -51.53638694,-7.00330215036245 -51.53638687,-7.00330212036245 -51.53602013,-7.00308261036241 -51.53602009,-7.0030825803624 -51.53552234,-7.00264676036231 -51.53491976,-7.00265634036231 -51.53465112,-7.00318342036243 -51.53464789,-7.00363825036252 -51.53464788,-7.00363835036252 -51.53464785,-7.00363845036253 -51.53464781,-7.00363854036253 -51.53464776,-7.00363861036252 -51.53436348,-7.00395057036259 -51.53436343,-7.00395062036259 -51.53436337,-7.00395065036259 -51.53436331,-7.00395066036259 -51.53436325,-7.00395065036259 -51.53407656,-7.00386979036257 -51.53407649,-7.00386975036257 -51.53407642,-7.00386968036257 -51.53379095,-7.00348600036249 -51.53333159,-7.00323981036244 -51.53277654,-7.00289473036236 -51.53210354,-7.00282664036235 -51.53165552,-7.00332026036246 -51.5314021,-7.00374088036254 -51.53140205,-7.00374095036255 -51.53140198,-7.00374100036255 -51.53140191,-7.00374103036254 -51.53140183,-7.00374102036255 -51.53081042,-7.00357969036251 -51.53006775,-7.00346034036249 -51.52936253,-7.00367135036253 -51.52865716,-7.00393966036259 -51.52802136,-7.00428969036266 -51.52751844,-7.00484794036278 -51.52744182,-7.00559001036295 -51.52777601,-7.00625812036309 -51.52829923,-7.00679825036321 -51.52829928,-7.00679831036321 -51.52866059,-7.00738598036333 -51.52866063,-7.00738608036333 -51.5288676,-7.00798408036347 -51.52886763,-7.00798418036347 -51.52886764,-7.00798428036346 -51.52886763,-7.00798438036346 -51.52879526,-7.00858708036359 -51.52879525,-7.00858718036359 -51.52879521,-7.00858726036359 -51.52879517,-7.0085873403636 -51.52879511,-7.0085873903636 -51.52830165,-7.00899751036368 -51.52830159,-7.00899754036368 -51.52767618,-7.00928280036374 -51.52767613,-7.00928282036375 -51.52700626,-7.00940669036377 -51.5270062,-7.00940669036377 -51.52634443,-7.00932300036376 -51.52634437,-7.00932299036375 -51.52634432,-7.00932295036375 -51.52583991,-7.00891707036367 -51.52583987,-7.00891702036367 -51.52583983,-7.00891697036367 -51.52554299,-7.00839554036355 -51.52554296,-7.00839547036355 -51.52554293,-7.00839538036355 -51.52554292,-7.00839528036355 -51.52554292,-7.00839519036355 -51.52559652,-7.00777758036342 -51.52559654,-7.00777746036342 -51.52579664,-7.00709108036327 -51.52546028,-7.00640593036312 -51.52468304,-7.0063246703631 -51.52396361,-7.00627597036309 -51.5239636,-7.00627597036309 -51.52326983,-7.00620088036308 -51.52254733,-7.00613542036306 -51.52182517,-7.00607874036305 -51.52182516,-7.00607874036305 -51.52115222,-7.00599858036303 -51.52115219,-7.00599857036303 -51.52051286,-7.005819860363 -51.52051279,-7.005819830363 -51.51990781,-7.00542224036291 -51.5199078,-7.00542223036291 -51.51925076,-7.00494620036281 -51.51861175,-7.00461575036273 -51.51786246,-7.00439468036269 -51.51707254,-7.00424087036266 -51.51632555,-7.00409532036262 -51.51632546,-7.00409529036262 -51.51596568,-7.00385404036257 -51.5155662,-7.00358010036251 -51.51514387,-7.0035168903625 -51.51480137,-7.00372011036254 -51.5145399,-7.00407313036262 -51.51461193,-7.0044560303627 -51.51482731,-7.00476279036277 -51.51514056,-7.00511270036284 -51.51514057,-7.00511272036284 -51.51536847,-7.0053896003629 -51.51536852,-7.0053896903629 -51.51536856,-7.0053897903629 -51.51545502,-7.00574228036298 -51.51545504,-7.00574237036298 -51.51545504,-7.00574247036298 -51.51545503,-7.00574257036298 -51.515455,-7.00574266036298 -51.51532365,-7.00609870036306 -51.51532359,-7.00609882036305 -51.51507473,-7.00644391036313 -51.5150747,-7.00644395036313 -51.51476982,-7.0067586103632 -51.5147698,-7.0067586203632 -51.51446439,-7.00703768036326 -51.51446435,-7.00703771036326 -51.51393529,-7.00736295036333 -51.51301542,-7.00792743036345 -51.51301535,-7.00792746036345 -51.51301527,-7.00792746036345 -51.51260346,-7.00785661036344 -51.51260338,-7.00785658036344 -51.51220577,-7.00762505036339 -51.51177787,-7.00737786036333 -51.51131781,-7.00714950036328 -51.51067298,-7.00699048036325 -51.51015665,-7.00700826036325 -51.5096903,-7.0072105403633 -51.50924303,-7.00743531036334 -51.50886349,-7.00767081036339 -51.5088634,-7.0076708403634 -51.50858162,-7.00771597036341 -51.50858155,-7.00771597036341 -51.50858149,-7.0077159403634 -51.50858143,-7.00771590036341 -51.50858138,-7.00771583036341 -51.50839619,-7.00742688036334 -51.50839615,-7.00742680036334 -51.50839612,-7.00742670036334 -51.50827553,-7.00685579036322 -51.50827553,-7.00685577036322 -51.50818864,-7.00638989036312 -51.50803896,-7.00591849036302 -51.50781216,-7.00547223036292 -51.50735851,-7.00499266036282 -51.50693526,-7.00472102036276 -51.5064779,-7.00453512036272 -51.50571341,-7.00434006036268 -51.50523204,-7.00425354036266 -51.50475355,-7.00417047036264 -51.50425984,-7.00417269036264 -51.50378984,-7.00424957036266 -51.5035331,-7.00468741036275 -51.50359273,-7.00519779036286 -51.50377935,-7.00562548036295 -51.50401621,-7.00598554036303 -51.50401624,-7.00598558036303 -51.50416007,-7.00627003036309 -51.5041601,-7.00627012036309 -51.50416012,-7.00627021036309 -51.50416013,-7.00627031036309 -51.50416012,-7.00627040036309 -51.5041601,-7.00627050036309 -51.50416007,-7.00627058036309 -51.50403679,-7.00651983036315 -51.50403674,-7.00651992036315 -51.50403667,-7.00651998036315 -51.50372174,-7.00672073036319 -51.50372173,-7.00672074036319 -51.50344087,-7.00688956036323 -51.50344082,-7.00688958036323 -51.50344076,-7.00688959036323 -51.5034407,-7.00688958036323 -51.50318274,-7.00681170036321 -51.50318268,-7.00681167036321 -51.50318263,-7.00681162036321 -51.50318258,-7.00681156036321 -51.5030973,-7.00666518036318 -51.50309729,-7.00666515036318 -51.5030346,-7.00653947036315 -51.5029283,-7.00640407036312 -51.50292829,-7.00640405036312 -51.50274567,-7.00614281036307 -51.50261186,-7.00594862036302 -51.50236546,-7.00578519036299 -51.50202794,-7.00591894036302 -51.50184043,-7.00619057036308 -51.501689,-7.00641852036313 -51.50168894,-7.00641859036312 -51.50152986,-7.00656339036316 -51.5015298,-7.00656343036316 -51.50152974,-7.00656345036316 -51.50071389,-7.00672803036319 -51.50071384,-7.00672803036319 -51.5002462,-7.00671566036319 -51.49986638,-7.00703929036326 -51.49968786,-7.00730543036332 -51.49953351,-7.00753804036337 -51.49953344,-7.00753812036337 -51.49919455,-7.00780961036343 -51.49900574,-7.00796631036346 -51.49900573,-7.00796632036346 -51.49873314,-7.0081663703635 -51.49843747,-7.00845187036357 -51.49818976,-7.00885644036365 -51.49806899,-7.00930778036375 -51.49798356,-7.00969606036384 -51.49798354,-7.00969612036384 -51.49793036,-7.00985729036387 -51.49793032,-7.00985738036387 -51.49793027,-7.00985745036387 -51.49793021,-7.00985750036387 -51.49793015,-7.00985753036387 -51.49793008,-7.00985754036387 -51.49783834,-7.00985044036387 -51.49783828,-7.00985043036387 -51.49783823,-7.00985040036387 -51.49764932,-7.00971055036384 -51.49764925,-7.00971048036384 -51.4976492,-7.00971039036384 -51.49753849,-7.00944342036378 -51.49734114,-7.00918764036372 -51.49693835,-7.00888270036366 -51.49645491,-7.00870193036362 -51.4959127,-7.00875436036363 -51.49546646,-7.0090707603637 -51.49515264,-7.00949175036379 -51.49486604,-7.00988780036387 -51.49486602,-7.00988782036388 -51.49456334,-7.01023534036395 -51.49456329,-7.01023539036395 -51.49418219,-7.01049669036401 -51.49418213,-7.01049672036401 -51.49374056,-7.01065597036404 -51.49374054,-7.01065598036404 -51.49327411,-7.01077176036407 -51.4928054,-7.01094638036411 -51.49236307,-7.01119836036416 -51.49199843,-7.01154975036424 -51.49199842,-7.01154976036424 -51.49164103,-7.0118611803643 -51.49140351,-7.01206670036435 -51.49106476,-7.01239775036442 -51.49082051,-7.01263098036447 -51.49057616,-7.01287963036452 -51.49025872,-7.01325955036461 -51.49025865,-7.01325961036461 -51.48988578,-7.01350423036466 -51.48988573,-7.01350425036466 -51.48945322,-7.01367316036469 -51.48945321,-7.01367316036469 -51.48903914,-7.01383220036473 -51.48903911,-7.01383221036473 -51.48859896,-7.01394741036476 -51.4881454,-7.01406854036478 -51.48814537,-7.01406854036478 -51.48770277,-7.0141325103648 -51.4877027,-7.0141325103648 -51.48728061,-7.01403609036478 -51.48728054,-7.01403606036478 -51.48691146,-7.01380063036473 -51.48691141,-7.01380059036472 -51.486585,-7.01347210036465 -51.48658496,-7.01347205036465 -51.48631635,-7.01308395036457 -51.48631629,-7.01308384036457 -51.48616997,-7.01266451036448 -51.48616995,-7.01266442036448 -51.48608298,-7.01221641036438 -51.48608297,-7.01221633036438 -51.48606448,-7.01192674036432 -51.48606449,-7.01192663036432 -51.4860645,-7.01192653036432 -51.48618281,-7.01146789036422 -51.48618283,-7.01146784036422 -51.48636404,-7.01097606036411 -51.48652719,-7.010451890364 -51.48647102,-7.00991000036388 -51.48631284,-7.00940470036377 -51.48610212,-7.00895490036367 -51.48610209,-7.00895482036367 -51.48597813,-7.00852170036358 -51.48597811,-7.00852162036358 -51.4859781,-7.00852154036358 -51.48596351,-7.00806377036348 -51.48594549,-7.00759002036338 -51.48587721,-7.00711695036328 -51.48570451,-7.00668280036318 -51.48543005,-7.00621082036308 -51.4848435,-7.005822880363 -51.48449919,-7.00574648036298 -51.48323752,-7.00558275036295 -51.48277142,-7.00550792036293 -51.48277139,-7.00550792036293 -51.48233803,-7.0053701003629 -51.48233797,-7.0053700703629 -51.48195011,-7.00511731036284 -51.48195005,-7.00511726036284 -51.4816363,-7.00476916036277 -51.48128796,-7.00441299036269 -51.48092982,-7.00403045036261 -51.48054568,-7.00363675036252 -51.48017387,-7.00322818036243 -51.48017385,-7.00322816036243 -51.47985102,-7.00281483036234 -51.47951339,-7.00243783036227 -51.47908517,-7.00216291036221 -51.47861753,-7.00200803036217 -51.4786175,-7.00200801036217 -51.47833321,-7.00185611036214 -51.47817245,-7.00179262036213 -51.47768049,-7.0016890103621 -51.47701436,-7.00173437036211 -51.47666515,-7.00175721036212 -51.4763182,-7.00180240036213 -51.47580793,-7.00191630036215 -51.47533137,-7.0021455203622 -51.47491095,-7.00245318036227 -51.4746607,-7.00263655036231 -51.47466065,-7.00263658036231 -51.47437211,-7.00275656036233 -51.47395317,-7.00294266036238 -51.4735579,-7.00311033036241 -51.47355789,-7.00311033036241 -51.47308522,-7.00327675036245 -51.47272297,-7.00360764036252 -51.47272296,-7.00360764036252 -51.47243134,-7.00387105036257 -51.47216944,-7.00414954036263 -51.47216935,-7.00414960036263 -51.4718352,-7.00430487036267 -51.47183516,-7.00430489036267 -51.47160614,-7.00436294036268 -51.47120694,-7.00454651036272 -51.47106901,-7.00495579036281 -51.47100952,-7.00528934036288 -51.47100949,-7.00528943036288 -51.47100946,-7.00528951036288 -51.47092324,-7.00545409036292 -51.47092319,-7.00545416036292 -51.47092314,-7.00545421036291 -51.47064763,-7.00567173036296 -51.47001597,-7.00648180036314 -51.46983104,-7.0067536103632 -51.46966615,-7.00701202036326 -51.4696661,-7.00701207036326 -51.46945682,-7.0072357003633 -51.46945676,-7.0072357503633 -51.46923497,-7.00736866036333 -51.46923488,-7.00736869036333 -51.46880095,-7.00742315036334 -51.4688009,-7.00742315036334 -51.46838383,-7.00737707036333 -51.46838376,-7.00737705036333 -51.4683837,-7.00737701036333 -51.46808416,-7.00710995036328 -51.4680841,-7.00710988036327 -51.46808405,-7.00710978036328 -51.46793432,-7.00671453036319 -51.46793429,-7.00671443036319 -51.46793428,-7.00671432036319 -51.46792742,-7.00627792036309 -51.46792742,-7.00627783036309 -51.46792744,-7.00627774036309 -51.46803134,-7.00589702036301 -51.46803137,-7.00589693036301 -51.46819631,-7.00554062036294 -51.46809703,-7.00512279036284 -51.46767118,-7.00503745036283 -51.46767114,-7.00503744036282 -51.46735326,-7.0049040103628 -51.46735325,-7.0049040003628 -51.46706617,-7.00476815036277 -51.46649328,-7.00505391036283 -51.46649319,-7.00505393036283 -51.46613734,-7.00506995036283 -51.46613724,-7.00506993036284 -51.4657314,-7.00487704036279 -51.46542712,-7.00472577036276 -51.46487073,-7.00469102036275 -51.4644554,-7.00503316036283 -51.46412289,-7.0053829603629 -51.46412284,-7.0053830003629 -51.46373514,-7.00564453036296 -51.46349113,-7.00579547036299 -51.46349108,-7.00579549036299 -51.46349103,-7.00579550036299 -51.46291787,-7.005832350363 -51.4629178,-7.005832340363 -51.46264113,-7.00574239036298 -51.46264108,-7.00574237036298 -51.46234598,-7.00556360036294 -51.46172196,-7.00541457036291 -51.46137056,-7.00550943036293 -51.46093804,-7.005852570363 -51.46103003,-7.00641875036312 -51.46140016,-7.00680013036321 -51.46171123,-7.00711341036328 -51.46171127,-7.00711346036328 -51.4617113,-7.00711351036328 -51.46188705,-7.00747415036335 -51.46188708,-7.00747423036335 -51.4618871,-7.00747432036335 -51.46188711,-7.00747442036335 -51.46188876,-7.00785150036343 -51.46188875,-7.00785158036343 -51.46184514,-7.00824142036352 -51.46179502,-7.00870973036362 -51.46193743,-7.00919248036372 -51.46214156,-7.00962182036382 -51.46214159,-7.00962189036382 -51.46228589,-7.01006972036391 -51.46245234,-7.01051441036401 -51.46245236,-7.01051448036401 -51.4625512,-7.01095424036411 -51.46255122,-7.01095433036411 -51.46255122,-7.01095442036411 -51.46255121,-7.01095451036411 -51.46246929,-7.0113816303642 -51.46246926,-7.0113817503642 -51.46230419,-7.01176172036428 -51.46230413,-7.01176182036428 -51.46230406,-7.01176188036428 -51.46014664,-7.01327274036461 -51.45964227,-7.01363558036469 -51.45964224,-7.01363560036469 -51.45927343,-7.01382278036473 -51.45927336,-7.01382280036473 -51.45888287,-7.01386654036474 -51.45888282,-7.01386654036474 -51.45888277,-7.01386652036474 -51.45852365,-7.0137035703647 -51.45852359,-7.0137035303647 -51.45817748,-7.01341231036464 -51.45794105,-7.0132107003646 -51.45744255,-7.01280325036451 -51.45693794,-7.01240535036442 -51.45608554,-7.01193332036432 -51.45548069,-7.01167557036426 -51.45485164,-7.01144445036421 -51.45422894,-7.01129300036418 -51.45376815,-7.01120791036416 -51.45329365,-7.01109866036414 -51.45213231,-7.01115870036415 -51.45168642,-7.01141889036421 -51.45168639,-7.01141890036421 -51.45129515,-7.01159732036425 -51.4512951,-7.01159734036425 -51.45129505,-7.01159734036425 -51.45088848,-7.01155325036424 -51.45088841,-7.01155324036424 -51.45048743,-7.0113743203642 -51.45048741,-7.0113743103642 -51.45025598,-7.01124377036417 -51.44992154,-7.01110085036414 -51.44992146,-7.01110080036414 -51.4499214,-7.01110072036414 -51.44970012,-7.01073384036406 -51.4497001,-7.01073380036406 -51.44947914,-7.01025068036395 -51.4490239,-7.00997186036389 -51.44859774,-7.00977388036385 -51.44826331,-7.00962983036382 -51.44826325,-7.00962980036382 -51.44826319,-7.00962974036382 -51.44826315,-7.00962968036382 -51.44813673,-7.00938051036377 -51.44813669,-7.00938041036377 -51.44813667,-7.00938030036377 -51.44813667,-7.00938018036376 -51.44816386,-7.00903581036369 -51.44816388,-7.00903569036369 -51.44816392,-7.00903558036369 -51.44835842,-7.00865814036361 -51.44835845,-7.00865809036361 -51.44861768,-7.00828621036353 -51.44879986,-7.00780413036342 -51.44879633,-7.00728506036331 -51.44877067,-7.00679142036321 -51.44875238,-7.0063197503631 -51.44875238,-7.0063196903631 -51.44877708,-7.005844550363 -51.44874624,-7.00540446036291 -51.44874624,-7.00540437036291 -51.44874625,-7.0054042803629 -51.44884442,-7.00494049036281 -51.44882217,-7.0044286103627 -51.44841691,-7.00406335036262 -51.44787625,-7.00414687036263 -51.44751726,-7.00452793036272 -51.44729138,-7.00494517036281 -51.44706949,-7.00532869036289 -51.44696127,-7.00574475036298 -51.44690053,-7.00616917036307 -51.44689525,-7.00661561036317 -51.44689525,-7.00661567036317 -51.44685013,-7.00705559036326 -51.44685011,-7.00705567036326 -51.44674452,-7.00749315036336 -51.4467445,-7.00749320036336 -51.44659581,-7.00793361036345 -51.4465958,-7.00793361036345 -51.4464402,-7.00838657036355 -51.44644019,-7.00838660036355 -51.44626598,-7.00882839036365 -51.44626597,-7.00882842036365 -51.44606706,-7.00924917036374 -51.44606703,-7.00924921036374 -51.44582395,-7.00963576036382 -51.44559265,-7.01003852036391 -51.44559263,-7.01003854036391 -51.44534013,-7.01042940036399 -51.44534011,-7.01042943036399 -51.44504277,-7.01080653036407 -51.44474674,-7.01118679036416 -51.44474671,-7.01118682036416 -51.44441368,-7.01152508036423 -51.44441366,-7.01152511036423 -51.44403615,-7.0118281903643 -51.44368228,-7.01215826036437 -51.44335232,-7.01250311036444 -51.44303936,-7.01285594036452 -51.44273056,-7.0132156703646 -51.44243503,-7.01359336036468 -51.44215682,-7.01398101036476 -51.4421568,-7.01398103036476 -51.44186053,-7.01434410036484 -51.44157571,-7.01470466036492 -51.44157571,-7.01470467036492 -51.44129193,-7.015049700365 -51.44097597,-7.01541557036508 -51.44067001,-7.01580524036516 -51.4403887,-7.01617854036524 -51.44038867,-7.01617857036524 -51.44015076,-7.01642239036529 -51.4401507,-7.01642244036529 -51.44015064,-7.01642246036529 -51.44015058,-7.01642247036529 -51.43962574,-7.01638648036529 -51.43962571,-7.01638647036529 -51.43882183,-7.01620994036525 -51.43882182,-7.01620994036525 -51.43835723,-7.01608995036522 -51.43802347,-7.01605847036521 -51.43783918,-7.01610322036522 -51.43755519,-7.01625112036526 -51.4373142,-7.0164487403653 -51.43698723,-7.01678706036537 -51.43698722,-7.01678708036537 -51.43663229,-7.01711405036544 -51.43627676,-7.01745878036552 -51.43627675,-7.01745879036552 -51.43592286,-7.01776185036559 -51.43592284,-7.01776187036558 -51.43553338,-7.01802064036564 -51.43511609,-7.0182974303657 -51.43473512,-7.01861547036577 -51.43440559,-7.01899670036585 -51.43422167,-7.01945034036595 -51.43418092,-7.019653680366 -51.43418089,-7.01965377036599 -51.43418086,-7.019653840366 -51.43418081,-7.019653910366 -51.43418076,-7.019653960366 -51.4341807,-7.019653990366 -51.43374304,-7.01980627036603 -51.43374299,-7.01980629036603 -51.43327524,-7.01984490036604 -51.43280718,-7.01989291036605 -51.43280717,-7.01989291036605 -51.43252666,-7.01990404036605 -51.43252663,-7.01990404036605 -51.4322647,-7.01986263036604 -51.43226467,-7.01986262036604 -51.43202218,-7.01977345036602 -51.43202216,-7.01977344036602 -51.43163811,-7.01959127036598 -51.43122167,-7.01970950036601 -51.43111294,-7.02016416036611 -51.43111292,-7.02016423036611 -51.43111289,-7.02016429036611 -51.43090143,-7.02055577036619 -51.43077161,-7.02097988036628 -51.43077158,-7.02097996036628 -51.43077154,-7.02098003036628 -51.43051309,-7.02131848036636 -51.43051307,-7.02131851036636 -51.42973715,-7.02212132036653 -51.4297371,-7.02212137036653 -51.42941124,-7.02232294036658 -51.42909086,-7.02260636036664 -51.42899946,-7.02283083036669 -51.42899942,-7.02283090036669 -51.42899938,-7.02283096036669 -51.42899932,-7.02283101036669 -51.42869898,-7.02302449036673 -51.42834766,-7.02328038036678 -51.42807688,-7.02363095036686 -51.42807684,-7.02363100036686 -51.42776783,-7.02390219036692 -51.4277678,-7.02390221036692 -51.42740764,-7.02414051036697 -51.42705132,-7.02438711036702 -51.42668945,-7.02470308036709 -51.42680709,-7.0251731503672 -51.42704511,-7.02544531036725 -51.42704516,-7.02544538036725 -51.42704519,-7.02544546036725 -51.42704522,-7.02544555036725 -51.42704523,-7.02544564036726 -51.4270528,-7.0256301203673 -51.4270528,-7.0256302203673 -51.42705278,-7.02563032036729 -51.42705275,-7.02563041036729 -51.4270527,-7.0256304803673 -51.42705265,-7.02563054036729 -51.42705259,-7.02563058036729 -51.42690068,-7.02570347036731 -51.42690063,-7.02570349036731 -51.42690058,-7.02570349036731 -51.42650954,-7.0256776903673 -51.42650947,-7.02567767036731 -51.42628173,-7.02558357036729 -51.42628168,-7.02558355036729 -51.42607822,-7.02543826036725 -51.42607817,-7.02543823036725 -51.42578202,-7.02512693036718 -51.42529908,-7.02511640036718 -51.42501054,-7.02558572036729 -51.42514854,-7.02608050036739 -51.42555082,-7.02634011036745 -51.42587681,-7.02651615036749 -51.42587688,-7.02651620036749 -51.4260951,-7.02673804036754 -51.42609514,-7.02673811036754 -51.42609518,-7.02673818036754 -51.42609521,-7.02673827036754 -51.42609523,-7.02673836036754 -51.4261233,-7.02707266036761 -51.42612331,-7.02707276036761 -51.42612329,-7.02707285036761 -51.42612327,-7.02707294036761 -51.42597676,-7.02747898036769 -51.42586307,-7.02790170036779 -51.42586305,-7.02790176036779 -51.42571957,-7.02826832036787 -51.42571954,-7.02826839036787 -51.42571949,-7.02826845036787 -51.42571944,-7.02826850036787 -51.42541173,-7.02847855036792 -51.4254117,-7.02847856036791 -51.42500358,-7.02868210036796 -51.42472025,-7.02904201036804 -51.42481389,-7.02946415036813 -51.4248139,-7.02946424036813 -51.4248139,-7.02946434036813 -51.42479603,-7.02974279036819 -51.42479601,-7.02974289036819 -51.42479598,-7.02974298036819 -51.42479594,-7.02974306036819 -51.42479589,-7.02974313036819 -51.42479583,-7.02974317036819 -51.42446713,-7.02991178036823 -51.42446705,-7.02991181036823 -51.42446698,-7.02991180036823 -51.42419203,-7.02983218036821 -51.42419199,-7.02983216036821 -51.42382973,-7.02964302036817 -51.42346142,-7.02997841036824 -51.42363248,-7.03046884036835 -51.42389425,-7.03083934036843 -51.42413569,-7.0311617703685 -51.42413573,-7.0311618303685 -51.42413576,-7.0311619003685 -51.42413578,-7.0311619903685 -51.42419974,-7.03150839036858 -51.42419975,-7.03150849036858 -51.42419975,-7.03150858036858 -51.42419974,-7.03150868036858 -51.42419971,-7.03150876036858 -51.42405291,-7.03185086036865 -51.42405286,-7.03185095036865 -51.4237989,-7.03218991036872 -51.42353862,-7.0325455803688 -51.4235386,-7.0325456003688 -51.42325986,-7.03287123036887 -51.42325983,-7.03287126036887 -51.42295125,-7.03315356036893 -51.42263364,-7.03341715036899 -51.4226336,-7.03341718036899 -51.42228602,-7.03362015036904 -51.42228597,-7.03362017036904 -51.42192734,-7.03374406036906 -51.42192727,-7.03374407036906 -51.42154939,-7.03373619036906 -51.4215493,-7.03373616036906 -51.42119476,-7.03356339036902 -51.42119471,-7.03356336036903 -51.42119467,-7.03356332036903 -51.42088598,-7.03320462036895 -51.42048952,-7.03282174036886 -51.41997899,-7.03297754036889 -51.41987378,-7.03351839036901 -51.41986775,-7.03397992036912 -51.41986773,-7.03398005036911 -51.41981963,-7.03419715036916 -51.4198196,-7.03419724036916 -51.41981956,-7.03419732036916 -51.41981951,-7.03419738036916 -51.41981946,-7.03419743036916 -51.41981939,-7.03419745036916 -51.41981933,-7.03419746036916 -51.41961568,-7.03417261036915 -51.41961562,-7.03417260036916 -51.41961556,-7.03417256036916 -51.41927424,-7.03388703036909 -51.41887124,-7.03362516036904 -51.41840906,-7.03341074036899 -51.41787006,-7.03338813036899 -51.41739536,-7.03360781036903 -51.41698391,-7.0338932303691 -51.41660923,-7.03417178036916 -51.41626641,-7.03444814036922 -51.41626634,-7.03444818036922 -51.41626628,-7.03444820036922 -51.41595915,-7.03446943036922 -51.41595906,-7.03446941036922 -51.41570954,-7.0343632903692 -51.41527768,-7.03443716036922 -51.41503928,-7.03449191036923 -51.41503921,-7.03449191036922 -51.41503915,-7.03449189036923 -51.41503908,-7.03449185036922 -51.41503903,-7.03449178036923 -51.41503899,-7.03449170036923 -51.41497065,-7.03432958036919 -51.41497062,-7.03432949036919 -51.41497061,-7.03432939036919 -51.41497061,-7.03432929036919 -51.41497062,-7.03432919036919 -51.41504519,-7.03398628036912 -51.41502691,-7.03354406036902 -51.41453895,-7.03337850036898 -51.41429589,-7.03334227036898 -51.41429586,-7.03334226036898 -51.41380675,-7.03318227036894 -51.41345236,-7.03331234036897 -51.4132758,-7.03350789036901 -51.41327574,-7.03350794036901 -51.41327568,-7.03350797036901 -51.41327561,-7.03350798036901 -51.41320854,-7.03350456036901 -51.41320847,-7.03350454036901 -51.41320841,-7.03350451036901 -51.41320836,-7.03350445036901 -51.41320831,-7.03350438036901 -51.41320828,-7.03350429036901 -51.41314403,-7.03328907036896 -51.41292009,-7.0329808403689 -51.41256474,-7.03291325036888 -51.41256468,-7.03291323036888 -51.41256463,-7.03291319036888 -51.41232613,-7.03270547036883 -51.41200507,-7.03248988036879 -51.41153508,-7.03257489036881 -51.41153506,-7.03257489036881 -51.41128266,-7.03258722036881 -51.41128262,-7.03258721036881 -51.41084069,-7.0325216603688 -51.41064514,-7.03291438036888 -51.4106287,-7.03333222036897 -51.41062868,-7.03333234036897 -51.41056528,-7.03361122036903 -51.41056525,-7.03361131036904 -51.41056521,-7.03361139036903 -51.41056516,-7.03361145036903 -51.4105651,-7.03361150036904 -51.41049341,-7.03364993036904 -51.41049335,-7.03364995036904 -51.41049329,-7.03364995036904 -51.41049323,-7.03364993036904 -51.41049317,-7.03364990036904 -51.41049312,-7.03364985036904 -51.41038321,-7.03351310036901 -51.41038317,-7.03351305036901 -51.41038314,-7.03351298036901 -51.41029116,-7.03327435036896 -51.41012886,-7.03296099036889 -51.40967753,-7.03305092036891 -51.40946275,-7.033469530369 -51.40929932,-7.03376649036907 -51.40929928,-7.03376656036907 -51.40929922,-7.03376661036907 -51.40929916,-7.03376664036907 -51.40903399,-7.03386016036909 -51.40903392,-7.03386017036909 -51.40903385,-7.03386016036909 -51.40870097,-7.03373528036906 -51.40870089,-7.03373524036906 -51.40840222,-7.03348246036901 -51.4084022,-7.03348245036901 -51.40807562,-7.03315975036894 -51.4075943,-7.03315711036894 -51.40721541,-7.03349423036901 -51.40698785,-7.03386801036909 -51.4069878,-7.03386806036909 -51.40670058,-7.03418587036916 -51.40644535,-7.03456967036924 -51.40650014,-7.03499288036934 -51.40650015,-7.03499298036934 -51.40650014,-7.03499308036933 -51.40650012,-7.03499317036934 -51.40650008,-7.03499325036934 -51.40636194,-7.03525909036939 -51.4063619,-7.0352591503694 -51.40636186,-7.03525920036939 -51.4063618,-7.0352592403694 -51.40603779,-7.03542104036943 -51.40603778,-7.03542105036943 -51.40561854,-7.03559541036947 -51.40521189,-7.03586398036953 -51.40491238,-7.0361879303696 -51.4049123,-7.0361879903696 -51.40466024,-7.03632409036963 -51.40466017,-7.03632411036963 -51.4046601,-7.03632411036963 -51.40466004,-7.03632409036963 -51.40439839,-7.0361813703696 -51.40439834,-7.0361813303696 -51.40439829,-7.0361812903696 -51.40417488,-7.03588980036953 -51.40417484,-7.03588973036953 -51.40399376,-7.03554327036946 -51.40399373,-7.03554322036946 -51.4038393,-7.03514987036937 -51.40356619,-7.03473659036928 -51.40308603,-7.03502070036934 -51.40290537,-7.03541546036943 -51.40290532,-7.03541556036943 -51.40268658,-7.03568983036949 -51.40268651,-7.03568989036949 -51.40268644,-7.03568993036949 -51.40235314,-7.03577506036951 -51.40235309,-7.03577506036951 -51.40198826,-7.03576856036951 -51.40198825,-7.03576856036951 -51.40153954,-7.0357411303695 -51.40153953,-7.0357411303695 -51.4010925,-7.03569656036949 -51.40109248,-7.03569656036949 -51.40064071,-7.03560826036947 -51.4006407,-7.03560826036947 -51.40019554,-7.03551399036945 -51.40019553,-7.03551399036945 -51.39971119,-7.03540697036943 -51.39950246,-7.03590861036954 -51.3997489,-7.03635318036963 -51.39995268,-7.03656307036968 -51.39995273,-7.03656313036968 -51.39995277,-7.03656321036968 -51.3999528,-7.03656330036968 -51.39995281,-7.03656340036968 -51.39995281,-7.03656350036968 -51.3999528,-7.03656359036968 -51.39995277,-7.03656368036968 -51.39991695,-7.0366528603697 -51.39991691,-7.0366529403697 -51.39991686,-7.0366530103697 -51.39991679,-7.0366530503697 -51.39991672,-7.0366530703697 -51.39961053,-7.03668740036971 -51.39925577,-7.03684036036974 -51.39908773,-7.03721567036982 -51.39908768,-7.03721576036982 -51.39908761,-7.03721582036982 -51.39863745,-7.03753881036989 -51.39784911,-7.03834528037007 -51.39784906,-7.03834532037007 -51.397849,-7.03834535037007 -51.39770609,-7.03838784037008 -51.39770602,-7.03838785037008 -51.39770595,-7.03838783037008 -51.39770589,-7.03838780037008 -51.39770583,-7.03838774037008 -51.39770579,-7.03838766037008 -51.39760305,-7.03817418037003 -51.39760302,-7.03817409037003 -51.397603,-7.03817399037003 -51.39755386,-7.03771560036993 -51.39713883,-7.03750750036988 -51.39679271,-7.03790091036997 -51.39657994,-7.03828857037006 -51.3965799,-7.03828862037006 -51.39632471,-7.03861505037013 -51.39603606,-7.03897866037021 -51.39593799,-7.03929971037028 -51.39598074,-7.03973840037037 -51.39600094,-7.03995311037042 -51.39600094,-7.03995322037042 -51.39600092,-7.03995333037042 -51.39600088,-7.03995343037042 -51.39600084,-7.03995352037042 -51.3957908,-7.04022964037048 -51.39579074,-7.04022971037048 -51.3954372,-7.04049126037054 -51.39532917,-7.04061466037056 -51.39519385,-7.04082552037061 -51.39512959,-7.04095250037064 -51.39512954,-7.04095258037064 -51.39512949,-7.04095263037064 -51.39512942,-7.04095267037064 -51.39512935,-7.04095268037064 -51.39512928,-7.04095266037064 -51.39512922,-7.04095262037064 -51.3950747,-7.04090822037063 -51.39476703,-7.04091865037063 -51.39459906,-7.04106767037066 -51.39454483,-7.04133935037072 -51.39454483,-7.04133937037072 -51.39451387,-7.04147838037075 -51.39451384,-7.04147847037075 -51.3945138,-7.04147855037075 -51.39451375,-7.04147862037075 -51.39451369,-7.04147866037075 -51.39427421,-7.04160372037078 -51.39427415,-7.04160374037078 -51.39388261,-7.04166166037079 -51.39360685,-7.04180202037082 -51.39317871,-7.04208238037089 -51.39317865,-7.04208241037089 -51.39291878,-7.04217007037091 -51.39291869,-7.0421700803709 -51.3926524,-7.0421283603709 -51.39265237,-7.0421283603709 -51.3923832,-7.04205660037088 -51.39238312,-7.04205656037088 -51.3921769,-7.04189664037085 -51.39217686,-7.04189660037084 -51.39193465,-7.04162483037079 -51.39155623,-7.04134140037072 -51.39108596,-7.04150184037076 -51.39093468,-7.04198965037086 -51.39095288,-7.04226965037093 -51.39095288,-7.04226974037093 -51.39095286,-7.04226983037093 -51.39095284,-7.04226992037093 -51.39073652,-7.04283191037105 -51.39073649,-7.04283199037105 -51.39073644,-7.04283206037105 -51.39073638,-7.04283210037105 -51.39073632,-7.04283213037105 -51.39073626,-7.04283214037105 -51.39037521,-7.04281410037105 -51.3899687,-7.0430761403711 -51.38986307,-7.0435516303712 -51.3897952,-7.04394312037129 -51.38979517,-7.04394323037129 -51.38979512,-7.04394332037129 -51.38956199,-7.04429275037137 -51.38931246,-7.04466786037145 -51.38915007,-7.04493248037151 -51.38903667,-7.0453338703716 -51.38896068,-7.04574046037169 -51.38887896,-7.04613320037177 -51.38887895,-7.04613324037177 -51.3887769,-7.04650022037185 -51.38877687,-7.04650031037185 -51.38877683,-7.04650038037185 -51.38855878,-7.04680299037192 -51.38855874,-7.04680304037192 -51.38827835,-7.04708214037198 -51.38827834,-7.04708215037198 -51.3879804,-7.04735752037204 -51.3876983,-7.04768909037211 -51.38747628,-7.0480765103722 -51.38733558,-7.04850177037229 -51.38726252,-7.04878629037235 -51.38721211,-7.04905545037241 -51.38715881,-7.04931365037247 -51.38715881,-7.04931367037247 -51.38709445,-7.04958234037253 -51.38701293,-7.04997232037261 -51.38701291,-7.04997238037261 -51.38691894,-7.05026397037268 -51.3869189,-7.05026407037268 -51.38691884,-7.05026415037268 -51.38691877,-7.05026420037268 -51.38662283,-7.05042120037271 -51.38662278,-7.05042122037271 -51.38624585,-7.05052487037274 -51.38624584,-7.05052488037274 -51.38584846,-7.05062722037276 -51.38584844,-7.05062722037276 -51.38545015,-7.05067877037277 -51.38545009,-7.05067877037277 -51.38504791,-7.05062359037276 -51.3846059,-7.05055766037274 -51.38414616,-7.05048841037273 -51.38414614,-7.05048841037273 -51.38366253,-7.0503747803727 -51.38328839,-7.05061228037276 -51.38341036,-7.05112204037287 -51.38361682,-7.05149849037295 -51.38361686,-7.05149858037295 -51.38371596,-7.05180751037302 -51.38371598,-7.05180761037302 -51.38371599,-7.05180771037302 -51.38371598,-7.05180781037302 -51.38371596,-7.05180790037302 -51.38371592,-7.05180799037302 -51.38359129,-7.05204692037307 -51.38359125,-7.05204699037307 -51.38359119,-7.05204704037307 -51.38359113,-7.05204708037307 -51.3832554,-7.0521857203731 -51.38325534,-7.0521857403731 -51.38325528,-7.0521857303731 -51.38288491,-7.05210832037308 -51.38288482,-7.05210828037308 -51.38252787,-7.05186607037303 -51.382152,-7.05161219037297 -51.38175364,-7.05137468037292 -51.38134468,-7.05114688037287 -51.38095753,-7.05092049037282 -51.38095751,-7.05092047037282 -51.38062154,-7.05067080037277 -51.38029848,-7.05043159037272 -51.37984513,-7.05033207037269 -51.37938878,-7.05040302037271 -51.37938875,-7.05040302037271 -51.3789662,-7.05040589037271 -51.37896617,-7.05040589037271 -51.37854635,-7.0503463003727 -51.37854634,-7.0503463003727 -51.37826919,-7.05028640037268 -51.37826917,-7.05028639037268 -51.37787287,-7.05015851037265 -51.37787286,-7.05015851037265 -51.37747698,-7.04999840037262 -51.37705043,-7.04983713037258 -51.37659661,-7.04969579037255 -51.37612814,-7.04962709037254 -51.37565291,-7.04962412037254 -51.3750697,-7.04985658037259 -51.37473444,-7.05022772037267 -51.37459801,-7.05053298037274 -51.37426277,-7.05137715037292 -51.37410168,-7.05178019037301 -51.37382928,-7.05245487037316 -51.37382926,-7.05245490037316 -51.37365553,-7.05281127037324 -51.37365547,-7.05281135037324 -51.37343143,-7.0530853303733 -51.37343137,-7.0530853903733 -51.37343131,-7.0530854203733 -51.37310121,-7.05319184037332 -51.37310113,-7.05319185037332 -51.37273525,-7.05314100037331 -51.3727352,-7.05314099037331 -51.37234779,-7.05298486037328 -51.37192256,-7.05282540037324 -51.37157575,-7.05276106037323 -51.37157566,-7.05276102037323 -51.37142341,-7.0526530003732 -51.37142335,-7.05265294037321 -51.3714233,-7.0526528703732 -51.37142327,-7.0526527903732 -51.37142324,-7.0526526903732 -51.37142324,-7.0526525903732 -51.37142324,-7.0526524903732 -51.37146555,-7.05234558037313 -51.37141491,-7.05189512037304 -51.37103162,-7.05151811037295 -51.37056507,-7.05137170037292 -51.3700742,-7.05139619037293 -51.36961663,-7.05148999037295 -51.36915812,-7.05167017037299 -51.36875229,-7.05195333037305 -51.36849577,-7.05214206037309 -51.3682991,-7.05242420037315 -51.36820681,-7.05293161037326 -51.36823055,-7.05328650037334 -51.36823055,-7.05328660037334 -51.36823053,-7.05328671037334 -51.3682305,-7.05328680037334 -51.36823045,-7.05328688037334 -51.36817339,-7.05336435037336 -51.36817334,-7.05336441037336 -51.36817328,-7.05336444037336 -51.36817322,-7.05336446037336 -51.36817315,-7.05336446037336 -51.36817309,-7.05336444037336 -51.36817304,-7.05336440037336 -51.36805405,-7.05325622037333 -51.36805399,-7.05325614037334 -51.36785179,-7.05292618037326 -51.36748789,-7.0526252903732 -51.36701517,-7.05261789037319 -51.36667974,-7.05288655037325 -51.36657868,-7.05298452037327 -51.36636807,-7.05320821037332 -51.36646287,-7.05367008037342 -51.3667315,-7.05396567037349 -51.36673155,-7.05396574037349 -51.3667316,-7.05396584037349 -51.36673162,-7.05396596037349 -51.36676339,-7.05424785037355 -51.36676339,-7.05424796037355 -51.36676338,-7.05424806037355 -51.36676335,-7.05424816037355 -51.36676331,-7.05424824037355 -51.36661882,-7.0544721803736 -51.36661876,-7.0544722503736 -51.3666187,-7.0544722903736 -51.36661863,-7.0544723203736 -51.36634376,-7.05450899037361 -51.36634369,-7.05450898037361 -51.36604539,-7.05443517037359 -51.36604531,-7.05443513037359 -51.36604525,-7.05443507037359 -51.36583124,-7.05415306037353 -51.36583122,-7.05415303037353 -51.36563207,-7.05384121037346 -51.36532886,-7.05352523037339 -51.36494809,-7.05330826037335 -51.36461563,-7.05316872037332 -51.3646156,-7.05316870037331 -51.36427967,-7.05296150037327 -51.36427965,-7.05296148037327 -51.36393531,-7.05269469037321 -51.3639353,-7.05269469037321 -51.36359566,-7.05241192037315 -51.36359563,-7.05241189037315 -51.36328526,-7.05207783037307 -51.3630029,-7.05177958037301 -51.36300289,-7.05177957037301 -51.36269607,-7.05143716037293 -51.36269606,-7.05143715037294 -51.36237752,-7.05105380037285 -51.36237751,-7.05105378037285 -51.36205725,-7.05063082037276 -51.36168461,-7.05031835037269 -51.36125407,-7.05012467037265 -51.36125406,-7.05012466037265 -51.36084394,-7.0499100003726 -51.36039353,-7.04974037037256 -51.35997117,-7.04980330037258 -51.35961104,-7.05001086037262 -51.35925461,-7.05022224037267 -51.35882039,-7.05048322037273 -51.35851335,-7.05091204037282 -51.35833641,-7.05132839037291 -51.35833641,-7.05132841037291 -51.35798879,-7.05207997037308 -51.35785937,-7.05240266037315 -51.35785932,-7.05240276037315 -51.35762776,-7.05273915037322 -51.3576277,-7.05273922037322 -51.35729393,-7.05302983037329 -51.35729391,-7.05302985037329 -51.35692976,-7.05328417037334 -51.35692974,-7.05328418037334 -51.35655426,-7.05349612037339 -51.35655424,-7.05349613037339 -51.35615047,-7.05367645037343 -51.35615041,-7.05367646037343 -51.35574,-7.05371876037344 -51.35573992,-7.05371875037344 -51.35533809,-7.05359432037341 -51.35533806,-7.05359431037341 -51.35493475,-7.05339658037337 -51.3545258,-7.05322922037333 -51.3545258,-7.05322921037333 -51.35412749,-7.05305741037329 -51.35371037,-7.05288278037325 -51.35325489,-7.05272160037322 -51.35276203,-7.05261111037319 -51.35236686,-7.05259604037319 -51.3523668,-7.05259603037319 -51.35236674,-7.05259600037319 -51.35236669,-7.05259595037319 -51.35236664,-7.05259589037319 -51.35228415,-7.05245535037316 -51.35228411,-7.05245527037316 -51.35228409,-7.05245517037316 -51.35228408,-7.05245507037316 -51.35228408,-7.05245497037316 -51.3522841,-7.05245488037316 -51.35228413,-7.05245479037316 -51.35243439,-7.05212888037309 -51.35224765,-7.05165389037298 -51.35166459,-7.051716090373 -51.35121488,-7.05192811037304 -51.35121483,-7.05192813037304 -51.35080017,-7.05200445037306 -51.3508001,-7.05200445037306 -51.35080004,-7.05200443037306 -51.35041908,-7.05181805037302 -51.35041905,-7.05181803037302 -51.35002121,-7.05153772037296 -51.34958631,-7.05130120037291 -51.34915143,-7.05108229037286 -51.34915141,-7.05108227037286 -51.34874702,-7.0508227903728 -51.348747,-7.0508227703728 -51.34838168,-7.05054552037274 -51.34803147,-7.05025224037268 -51.34803144,-7.05025221037268 -51.34770209,-7.0498884303726 -51.34734957,-7.04961328037254 -51.34698541,-7.0494528003725 -51.34652001,-7.04949915037251 -51.34623382,-7.04985576037259 -51.34626902,-7.0503503903727 -51.34642645,-7.05065033037276 -51.34676218,-7.05095619037283 -51.34711175,-7.05120324037288 -51.34711179,-7.05120327037288 -51.34738912,-7.05148433037295 -51.34738914,-7.05148435037295 -51.34762162,-7.05176633037301 -51.34762166,-7.05176640037301 -51.3476217,-7.05176649037301 -51.34773413,-7.05211524037309 -51.34773415,-7.05211534037308 -51.34773416,-7.05211544037308 -51.34773415,-7.05211554037308 -51.34766984,-7.05251074037317 -51.34766982,-7.05251083037317 -51.34753508,-7.05291900037326 -51.34753502,-7.05291911037326 -51.34729931,-7.05328428037334 -51.34729928,-7.05328432037334 -51.34701765,-7.05363813037342 -51.34701761,-7.05363818037342 -51.34669629,-7.05391571037348 -51.34669623,-7.05391574037348 -51.34669617,-7.05391576037348 -51.34634218,-7.05395424037349 -51.34634212,-7.05395424037349 -51.34634207,-7.05395422037349 -51.34593034,-7.05375987037345 -51.34550341,-7.05360159037341 -51.3455034,-7.05360159037341 -51.34517538,-7.05347048037338 -51.34517533,-7.05347045037338 -51.34517528,-7.05347041037338 -51.34517523,-7.05347035037338 -51.34502487,-7.05321445037332 -51.34502484,-7.05321438037332 -51.34502481,-7.05321429037333 -51.3450248,-7.05321420037333 -51.3450248,-7.05321410037333 -51.34502481,-7.05321401037332 -51.34502484,-7.05321392037332 -51.34515031,-7.05288890037325 -51.34515035,-7.05288884037325 -51.34515039,-7.05288878037326 -51.34543682,-7.05254423037318 -51.34565508,-7.05210357037308 -51.34542719,-7.05166218037298 -51.34494888,-7.05141327037293 -51.3445563,-7.05117835037288 -51.34455626,-7.05117833037288 -51.34433309,-7.05098512037284 -51.34433306,-7.05098510037284 -51.34403289,-7.05065926037277 -51.34403287,-7.05065923037276 -51.34385979,-7.05042513037271 -51.34385976,-7.05042510037271 -51.3436229,-7.05002500037263 -51.34325108,-7.04973214037256 -51.34284582,-7.0494768203725 -51.34247668,-7.04924424037245 -51.3424766,-7.04924416037245 -51.34225184,-7.04894496037239 -51.34201658,-7.04870102037234 -51.34201656,-7.04870099037234 -51.34180575,-7.04843313037228 -51.3415988,-7.04819275037222 -51.34143554,-7.0480956303722 -51.34118065,-7.04817085037222 -51.34118058,-7.04817086037222 -51.34118051,-7.04817084037222 -51.34118045,-7.04817080037222 -51.34118039,-7.04817074037222 -51.34118034,-7.04817065037222 -51.34099627,-7.04773090037212 -51.34085828,-7.04743541037206 -51.34070647,-7.04713622037199 -51.34048384,-7.04690485037194 -51.34012741,-7.04658374037187 -51.33976673,-7.04631462037181 -51.33933676,-7.04610550037177 -51.33884797,-7.04614419037178 -51.33846705,-7.04643008037184 -51.33846701,-7.04643010037184 -51.33810675,-7.04661549037188 -51.33810668,-7.04661551037188 -51.33767332,-7.04665628037189 -51.3372144,-7.04673924037191 -51.33721436,-7.04673925037191 -51.33693768,-7.0467269203719 -51.33693761,-7.0467269003719 -51.33667836,-7.04661887037188 -51.33667834,-7.04661886037188 -51.33633825,-7.04644286037184 -51.33633819,-7.04644282037184 -51.33633814,-7.04644276037184 -51.3363381,-7.04644268037184 -51.33633807,-7.04644259037184 -51.33626434,-7.04614926037177 -51.33626432,-7.04614917037178 -51.33626432,-7.04614908037178 -51.33626433,-7.04614898037178 -51.33626435,-7.04614890037178 -51.33626438,-7.04614882037178 -51.33644136,-7.0458165003717 -51.3364414,-7.0458164303717 -51.33672084,-7.04548281037163 -51.3366283,-7.04510048037155 -51.33624619,-7.0449078003715 -51.33557371,-7.04501171037153 -51.33557365,-7.04501170037153 -51.3352842,-7.04495964037152 -51.33528413,-7.04495961037152 -51.33504303,-7.04483318037149 -51.33504299,-7.04483315037149 -51.3347986,-7.04462841037144 -51.33444713,-7.04456844037143 -51.33399591,-7.04465463037145 -51.33399586,-7.04465463037145 -51.33371502,-7.04464317037145 -51.33371499,-7.04464317037145 -51.33341919,-7.04458356037143 -51.33341912,-7.04458353037143 -51.33341906,-7.04458348037143 -51.33341901,-7.04458340037143 -51.33341897,-7.04458331037143 -51.33329863,-7.04421508037135 -51.33317727,-7.04389632037129 -51.33285484,-7.04345123037118 -51.33247748,-7.0430851303711 -51.33222197,-7.04285627037105 -51.33193292,-7.04270259037102 -51.33193287,-7.04270255037102 -51.33193282,-7.04270249037102 -51.33193278,-7.04270242037102 -51.33193275,-7.04270234037102 -51.33193273,-7.04270225037102 -51.33190392,-7.04246517037097 -51.33190392,-7.04246507037097 -51.33190393,-7.04246496037097 -51.33190396,-7.04246486037097 -51.331904,-7.04246478037097 -51.33190405,-7.04246471037097 -51.33216238,-7.04221477037092 -51.33216244,-7.04221473037092 -51.33216249,-7.04221471037091 -51.33257191,-7.04209821037089 -51.33293055,-7.04175713037081 -51.33266017,-7.04130490037072 -51.33243549,-7.04112432037067 -51.33243545,-7.04112429037068 -51.33232622,-7.04100313037065 -51.33232617,-7.04100305037065 -51.33232613,-7.04100296037065 -51.3323261,-7.04100285037065 -51.3323261,-7.04100274037065 -51.33233343,-7.0407654303706 -51.33233344,-7.0407653403706 -51.33233346,-7.0407652503706 -51.33233349,-7.0407651703706 -51.33233353,-7.0407651103706 -51.33233359,-7.0407650503706 -51.33263576,-7.04052229037055 -51.33296933,-7.04016799037047 -51.33284907,-7.03963262037035 -51.33229549,-7.03943125037031 -51.33177916,-7.0394129403703 -51.3314806,-7.0393909203703 -51.33148059,-7.0393909203703 -51.33117432,-7.03935442037029 -51.33087352,-7.03932554037028 -51.33087349,-7.03932553037028 -51.33032768,-7.03919772037025 -51.33032761,-7.03919769037025 -51.33032755,-7.03919764037026 -51.33016503,-7.03901359037021 -51.33016498,-7.03901352037021 -51.33016494,-7.03901342037021 -51.33016492,-7.03901332037021 -51.33016491,-7.03901321037021 -51.33016493,-7.03901310037021 -51.33021996,-7.03873472037015 -51.33021999,-7.03873463037016 -51.33022002,-7.03873456037015 -51.33022006,-7.03873449037015 -51.33028842,-7.03865077037014 -51.33028847,-7.03865072037013 -51.33028852,-7.03865069037013 -51.33028858,-7.03865067037014 -51.33028864,-7.03865067037014 -51.33039908,-7.03867091037014 -51.33039914,-7.03867093037014 -51.33039919,-7.03867097037014 -51.33071189,-7.0389420303702 -51.33115506,-7.03913345037024 -51.33143492,-7.03882562037017 -51.33135135,-7.03827144037005 -51.33128019,-7.03777596036994 -51.33117857,-7.03728889036984 -51.33117856,-7.03728885036984 -51.33111025,-7.03680432036973 -51.33111025,-7.03680426036973 -51.33108122,-7.03628763036962 -51.33055189,-7.03612779036958 -51.33013911,-7.03654915036968 -51.32980997,-7.03687959036975 -51.3298099,-7.03687964036975 -51.32943613,-7.03707205036979 -51.32943608,-7.03707207036979 -51.32943602,-7.03707207036979 -51.32908484,-7.03704566036979 -51.32908477,-7.03704564036978 -51.32908471,-7.03704561036978 -51.32908466,-7.03704555036979 -51.32890794,-7.03681244036973 -51.32890789,-7.03681237036973 -51.32890786,-7.03681228036973 -51.32890784,-7.03681219036973 -51.32890783,-7.03681209036973 -51.32890784,-7.03681199036973 -51.32890786,-7.03681190036973 -51.32902512,-7.03643402036965 -51.32902517,-7.03643391036965 -51.32925438,-7.03604344036957 -51.32943398,-7.03556905036946 -51.32942521,-7.03502456036934 -51.32919281,-7.03451580036923 -51.32863016,-7.03454574036924 -51.32844154,-7.03507228036935 -51.32831217,-7.03551799036945 -51.32831213,-7.03551810036945 -51.32810202,-7.03588695036953 -51.32810194,-7.03588705036953 -51.32779022,-7.03616060036959 -51.32779017,-7.03616063036959 -51.32739965,-7.03637478036964 -51.32739963,-7.03637479036964 -51.32702145,-7.03653133036967 -51.32702138,-7.03653134036967 -51.32702132,-7.03653134036967 -51.32665774,-7.03643039036965 -51.32665767,-7.03643036036965 -51.3266576,-7.03643030036965 -51.3263924,-7.03610606036958 -51.32639234,-7.03610595036958 -51.32621771,-7.03569990036949 -51.32621768,-7.03569979036949 -51.32612168,-7.0352533703694 -51.32612166,-7.03525328036939 -51.32612166,-7.03525318036939 -51.32614926,-7.0347997503693 -51.32614928,-7.03479965036929 -51.3261493,-7.03479956036929 -51.32631464,-7.0343638503692 -51.32631466,-7.0343638003692 -51.32655004,-7.0339074003691 -51.32674893,-7.03342271036899 -51.32691719,-7.03292773036889 -51.32705479,-7.03242144036878 -51.32715204,-7.03190839036866 -51.3271991,-7.03140162036855 -51.32719491,-7.03089494036844 -51.327113,-7.03037868036833 -51.3269705,-7.02987080036822 -51.32681866,-7.02935725036811 -51.32681866,-7.02935723036811 -51.32667301,-7.02880464036798 -51.32627787,-7.02820047036785 -51.32583628,-7.02776471036776 -51.32492595,-7.02719001036763 -51.32452885,-7.02763815036773 -51.32427538,-7.02806391036782 -51.32427537,-7.02806392036783 -51.32406984,-7.0283931503679 -51.32406979,-7.0283932203679 -51.32406972,-7.0283932603679 -51.32406965,-7.0283932903679 -51.32383311,-7.0284163403679 -51.32383304,-7.0284163303679 -51.32383297,-7.0284163003679 -51.32383291,-7.0284162503679 -51.32383286,-7.0284161803679 -51.32383283,-7.0284161003679 -51.32373073,-7.02813232036784 -51.32373071,-7.02813224036784 -51.32373069,-7.02813215036784 -51.32373069,-7.02813206036784 -51.32375923,-7.02767225036774 -51.32363487,-7.02717137036763 -51.32313777,-7.02685554036756 -51.32261713,-7.02697094036759 -51.3222436,-7.02715618036763 -51.32224353,-7.02715620036763 -51.32224346,-7.02715620036763 -51.32191214,-7.02706761036761 -51.32191208,-7.02706759036761 -51.32191203,-7.02706755036761 -51.32191198,-7.02706749036761 -51.32171324,-7.02676361036754 -51.32171318,-7.02676349036754 -51.32157441,-7.02634023036745 -51.32142799,-7.02592946036736 -51.32142798,-7.02592943036736 -51.32132393,-7.02557356036728 -51.32132391,-7.02557347036728 -51.32128183,-7.02527735036722 -51.32128183,-7.02527724036722 -51.32128799,-7.02494343036715 -51.32126267,-7.02466121036708 -51.32123044,-7.02443542036704 -51.32116056,-7.024291020367 -51.32116054,-7.024290960367 -51.32111141,-7.02415310036697 -51.32111139,-7.02415301036697 -51.32111138,-7.02415292036697 -51.32111138,-7.02415282036698 -51.3211114,-7.02415273036697 -51.32112823,-7.02408266036696 -51.32114786,-7.02396569036693 -51.32116839,-7.02380100036689 -51.32105261,-7.02354651036684 -51.32060822,-7.02358977036685 -51.32038192,-7.02390848036692 -51.32024152,-7.02418462036698 -51.32024145,-7.02418472036698 -51.3200192,-7.02441025036703 -51.32001919,-7.02441027036703 -51.31965954,-7.0247359903671 -51.31965946,-7.0247360403671 -51.31929161,-7.02487715036713 -51.31929154,-7.02487717036713 -51.31929147,-7.02487716036713 -51.31897067,-7.02477145036711 -51.3189706,-7.02477141036711 -51.31897053,-7.02477134036711 -51.31897048,-7.02477126036711 -51.31880374,-7.02439144036702 -51.3188037,-7.02439135036702 -51.31880369,-7.02439124036702 -51.31877329,-7.02394214036693 -51.3187733,-7.02394202036693 -51.31877332,-7.02394191036693 -51.31889528,-7.02350746036683 -51.3188953,-7.02350740036683 -51.31908001,-7.02304866036673 -51.31921015,-7.02251069036662 -51.318772,-7.02210409036653 -51.31830563,-7.0224449403666 -51.31804125,-7.02282125036668 -51.31804119,-7.02282132036669 -51.31804113,-7.02282136036668 -51.31766059,-7.02298308036672 -51.31766054,-7.02298309036672 -51.31766049,-7.02298309036672 -51.31722211,-7.02293788036671 -51.31722207,-7.02293787036671 -51.31674633,-7.02280742036668 -51.3162307,-7.02285704036669 -51.31574148,-7.02297516036672 -51.31529468,-7.02316204036676 -51.31488669,-7.02343246036682 -51.31452601,-7.02376180036689 -51.31420089,-7.02411279036697 -51.31390554,-7.02448279036705 -51.31390553,-7.02448280036705 -51.31362585,-7.02480006036712 -51.31362578,-7.02480012036711 -51.31337735,-7.02495441036715 -51.31337729,-7.02495444036715 -51.31337722,-7.02495444036715 -51.31337715,-7.02495442036715 -51.31329433,-7.02491348036714 -51.31329427,-7.02491344036714 -51.31329422,-7.02491338036714 -51.31329418,-7.02491330036714 -51.31329415,-7.02491321036714 -51.31329413,-7.02491311036714 -51.31329413,-7.02491300036714 -51.31331952,-7.02457536036707 -51.31330127,-7.02408883036696 -51.31302377,-7.02365472036686 -51.31266471,-7.02333164036679 -51.31266465,-7.02333157036679 -51.31243976,-7.02297889036672 -51.31243971,-7.02297880036672 -51.31243968,-7.02297870036672 -51.3123587,-7.02255657036663 -51.31235869,-7.02255649036663 -51.31232451,-7.02209140036653 -51.3122413,-7.02163084036642 -51.31224129,-7.02163079036642 -51.31219087,-7.02116459036632 -51.31211987,-7.02069640036622 -51.31202744,-7.02021593036612 -51.3119493,-7.01975269036602 -51.31194929,-7.01975260036602 -51.31194929,-7.01975251036602 -51.3119941,-7.01928688036592 -51.31193191,-7.0187773503658 -51.3117309,-7.0183023703657 -51.31173088,-7.0183023303657 -51.31163188,-7.01800668036564 -51.31163186,-7.01800664036564 -51.3115226,-7.01756511036554 -51.31152258,-7.01756499036554 -51.31148468,-7.01669353036535 -51.31148468,-7.01669343036535 -51.3114847,-7.01669334036535 -51.31148473,-7.01669325036535 -51.31148478,-7.01669317036535 -51.31148483,-7.01669311036535 -51.31176802,-7.0164470603653 -51.31176808,-7.0164470203653 -51.31218073,-7.01626185036526 -51.31218074,-7.01626185036526 -51.31262218,-7.01608293036522 -51.3126222,-7.01608292036522 -51.31308259,-7.01594536036519 -51.3130826,-7.01594536036519 -51.3135456,-7.01582769036517 -51.31354562,-7.01582769036517 -51.31394213,-7.01575623036515 -51.3139422,-7.01575623036515 -51.3143653,-7.01583839036517 -51.31461998,-7.0155249703651 -51.31445767,-7.01513337036501 -51.31398731,-7.01486002036496 -51.31355191,-7.01464332036491 -51.31312612,-7.01444097036486 -51.31312609,-7.01444095036486 -51.31271271,-7.0141741503648 -51.31271269,-7.01417413036481 -51.31232888,-7.01387909036474 -51.31193545,-7.01356823036468 -51.31154129,-7.01325529036461 -51.31114878,-7.01296618036454 -51.31076276,-7.01267992036448 -51.31039165,-7.01238348036442 -51.31039164,-7.01238347036442 -51.31004726,-7.01206012036435 -51.30971369,-7.01174102036428 -51.30971368,-7.01174102036428 -51.30939706,-7.01143274036421 -51.30939705,-7.01143272036421 -51.30909682,-7.01111325036414 -51.30909681,-7.01111324036414 -51.30883464,-7.01080987036408 -51.30839786,-7.01038019036398 -51.30811284,-7.01014241036393 -51.30811282,-7.01014239036393 -51.30698292,-7.00900059036368 -51.30671323,-7.00872648036362 -51.30671322,-7.00872646036363 -51.306392,-7.00835251036354 -51.30639197,-7.00835247036354 -51.30610454,-7.00791438036345 -51.30581091,-7.00747163036335 -51.30581091,-7.00747162036335 -51.3055532,-7.00704797036326 -51.30555317,-7.00704791036326 -51.30555315,-7.00704784036326 -51.30542476,-7.00658443036316 -51.30542473,-7.00658431036316 -51.30542473,-7.00658419036316 -51.30546972,-7.00610634036306 -51.30546974,-7.00610624036306 -51.30546977,-7.00610615036306 -51.3056699,-7.00566479036296 -51.3058104,-7.00530271036288 -51.30570315,-7.00474160036276 -51.30553899,-7.00418416036264 -51.30532486,-7.00365580036253 -51.30489235,-7.00325272036244 -51.30435314,-7.0030416403624 -51.30379751,-7.00295033036238 -51.30324585,-7.00293028036237 -51.30270158,-7.00294369036237 -51.30216845,-7.00298781036238 -51.30216844,-7.00298782036238 -51.30163358,-7.00301045036239 -51.30109204,-7.0030519703624 -51.3005461,-7.00312885036241 -51.29999793,-7.00326218036244 -51.29999792,-7.00326219036244 -51.29949741,-7.00335344036246 -51.2994974,-7.00335344036246 -51.29904744,-7.00340790036247 -51.29904743,-7.00340790036247 -51.29857857,-7.00344617036248 -51.2985785,-7.00344616036248 -51.29808052,-7.00330454036245 -51.29755976,-7.00324687036244 -51.29755973,-7.00324686036244 -51.29709216,-7.00311613036241 -51.29709212,-7.00311612036241 -51.29661098,-7.00286095036236 -51.29616,-7.00288833036236 -51.29615992,-7.00288832036236 -51.29615985,-7.00288827036236 -51.29595703,-7.00271482036232 -51.29595698,-7.00271476036233 -51.29595693,-7.00271469036233 -51.2959569,-7.00271461036232 -51.29595688,-7.00271451036232 -51.29595688,-7.00271441036232 -51.29595689,-7.00271432036232 -51.29595691,-7.00271422036232 -51.29595694,-7.00271414036232 -51.29614341,-7.00236996036225 -51.2961567,-7.00186204036214 -51.29566885,-7.00158392036208 -51.29518489,-7.00185325036214 -51.29518482,-7.00185328036214 -51.29472088,-7.00192045036215 -51.29472084,-7.00192045036215 -51.29422242,-7.00188840036215 -51.2942224,-7.00188839036215 -51.293775,-7.00182331036213 -51.29377495,-7.00182330036213 -51.29344424,-7.0016924203621 -51.2930468,-7.00154315036207 -51.29266885,-7.00141860036204 -51.2922578,-7.00134221036203 -51.2918297,-7.00134538036203 -51.29135581,-7.00136158036203 -51.29135579,-7.00136158036203 -51.29091022,-7.00132905036202 -51.29091021,-7.00132905036202 -51.29039417,-7.00124610036201 -51.29039415,-7.00124610036201 -51.28989984,-7.00112141036198 -51.28989981,-7.00112140036198 -51.28943138,-7.00092194036193 -51.28943137,-7.00092193036194 -51.28900697,-7.00070319036189 -51.28848161,-7.00044412036183 -51.28848159,-7.00044411036183 -51.28808419,-7.00017787036178 -51.28808415,-7.00017782036178 -51.2880841,-7.00017777036178 -51.28808407,-7.00017771036178 -51.28788475,-6.99972967036168 -51.28764325,-6.99922359036157 -51.28718988,-6.9989195003615 -51.28684986,-6.99868535036146 -51.2868498,-6.99868530036145 -51.28684976,-6.99868524036146 -51.28684972,-6.99868516036145 -51.2868497,-6.99868507036145 -51.28675771,-6.99825209036136 -51.2867577,-6.99825207036136 -51.28665485,-6.99769289036124 -51.28622859,-6.99729894036115 -51.28575728,-6.9970428003611 -51.28575727,-6.9970428003611 -51.28530573,-6.99677757036104 -51.28481751,-6.99686930036106 -51.28481743,-6.99686930036106 -51.28449133,-6.99680054036105 -51.28449127,-6.99680052036105 -51.28449121,-6.99680047036105 -51.28449115,-6.99680040036105 -51.28449111,-6.99680031036105 -51.28449109,-6.99680021036105 -51.2844174,-6.99638399036096 -51.28400406,-6.99605341036089 -51.28359725,-6.99604993036089 -51.28359719,-6.99604992036089 -51.28359714,-6.99604989036089 -51.28359709,-6.99604985036089 -51.28338868,-6.99583891036084 -51.28338864,-6.99583885036084 -51.2833886,-6.99583878036084 -51.28338857,-6.99583870036084 -51.28338855,-6.99583861036084 -51.28338855,-6.99583851036084 -51.28340014,-6.99540231036075 -51.28335325,-6.99487702036063 -51.28297543,-6.99456201036057 -51.28297538,-6.99456195036056 -51.28297533,-6.99456188036056 -51.2829753,-6.99456180036057 -51.28285143,-6.99415608036048 -51.28268575,-6.99368514036038 -51.28222833,-6.99351060036034 -51.28222826,-6.99351056036034 -51.2822282,-6.99351049036034 -51.28222815,-6.99351040036034 -51.2820847,-6.99315973036027 -51.28208467,-6.99315965036026 -51.28208466,-6.99315956036026 -51.28208465,-6.99315947036026 -51.28208466,-6.99315939036026 -51.28215265,-6.99272088036017 -51.28215268,-6.99272077036017 -51.28215272,-6.99272068036017 -51.28240347,-6.99229959036008 -51.28248483,-6.99174964035996 -51.2821985,-6.99126583035985 -51.28193225,-6.99111035035982 -51.28193221,-6.99111031035982 -51.28160518,-6.99081848035976 -51.28160513,-6.99081841035976 -51.28160508,-6.99081833035976 -51.28160505,-6.99081823035976 -51.2815141,-6.99036818035966 -51.28151409,-6.99036817035966 -51.28141456,-6.98984898035955 -51.28101053,-6.98947820035947 -51.28050311,-6.98953701035948 -51.28010302,-6.98957488035949 -51.28010296,-6.98957488035949 -51.27997253,-6.98954929035948 -51.27997247,-6.98954927035949 -51.27997241,-6.98954922035948 -51.27997236,-6.98954916035948 -51.27997232,-6.98954909035948 -51.27997229,-6.98954900035949 -51.27997228,-6.98954890035948 -51.27994687,-6.98924658035942 -51.27989465,-6.98874919035931 -51.27941695,-6.98847623035925 -51.27891497,-6.98833764035922 -51.27846436,-6.98855427035927 -51.2784799,-6.98896737035936 -51.2784799,-6.98896749035936 -51.27847987,-6.98896759035936 -51.27847983,-6.98896769035936 -51.27830076,-6.98928268035943 -51.27805149,-6.98980345035954 -51.27798554,-6.99004648035959 -51.2779855,-6.99004658035959 -51.27798544,-6.99004667035959 -51.27790192,-6.99013912035961 -51.27790185,-6.99013917035961 -51.27790178,-6.99013920035961 -51.2779017,-6.99013920035961 -51.27775032,-6.9901050003596 -51.27775025,-6.9901049803596 -51.27775019,-6.99010493035961 -51.27756884,-6.98991714035956 -51.27756881,-6.98991710035956 -51.27741099,-6.98970529035952 -51.27724679,-6.98948459035947 -51.27706509,-6.98924578035942 -51.27706503,-6.98924567035942 -51.27696401,-6.98898249035936 -51.27696399,-6.98898243035936 -51.27689021,-6.9886957403593 -51.2768902,-6.9886956803593 -51.27684512,-6.98840591035924 -51.27684511,-6.98840585035924 -51.27682835,-6.98812828035918 -51.27673805,-6.98798785035915 -51.27673801,-6.98798777035915 -51.27673798,-6.98798767035915 -51.27673797,-6.98798757035915 -51.27673797,-6.98798747035915 -51.27673799,-6.98798737035915 -51.27673802,-6.98798728035915 -51.27673806,-6.98798720035915 -51.27673811,-6.98798714035915 -51.27676799,-6.98796027035914 -51.27676805,-6.98796024035914 -51.2767681,-6.98796022035914 -51.27676816,-6.98796021035914 -51.27710589,-6.98799297035915 -51.27716176,-6.98766452035908 -51.27716176,-6.98766449035908 -51.27720283,-6.98746673035904 -51.27720285,-6.98746664035904 -51.27729951,-6.98720919035898 -51.27729954,-6.98720910035898 -51.27729959,-6.98720904035898 -51.27729965,-6.98720899035898 -51.27764519,-6.98699378035893 -51.27761187,-6.98658007035884 -51.27740919,-6.98625172035878 -51.27740917,-6.98625169035878 -51.27717158,-6.98577483035867 -51.27717157,-6.98577481035867 -51.27702576,-6.9854503403586 -51.27681585,-6.98500453035851 -51.27681581,-6.98500445035851 -51.27669488,-6.98457858035842 -51.2764892,-6.98413126035832 -51.2760379,-6.98407868035831 -51.27603784,-6.98407867035831 -51.2760378,-6.98407864035831 -51.27585637,-6.98395373035828 -51.27585631,-6.98395367035828 -51.27585626,-6.98395359035828 -51.27585622,-6.98395349035828 -51.2758562,-6.98395339035828 -51.2758562,-6.98395328035828 -51.27587726,-6.98354320035819 -51.27550072,-6.98325832035813 -51.27550066,-6.98325826035813 -51.27540598,-6.9831298703581 -51.27540593,-6.98312980035811 -51.2754059,-6.98312972035811 -51.27540588,-6.9831296303581 -51.27540588,-6.9831295303581 -51.27540589,-6.9831294303581 -51.27540591,-6.98312934035811 -51.27549173,-6.98285422035805 -51.27525078,-6.98253025035798 -51.27484056,-6.98271340035801 -51.27437533,-6.98306363035809 -51.27410549,-6.9835726603582 -51.27408236,-6.98381519035825 -51.27408234,-6.98381530035825 -51.27408231,-6.98381539035825 -51.27408226,-6.98381547035825 -51.2740822,-6.98381553035825 -51.27408213,-6.98381557035825 -51.27378817,-6.98392322035827 -51.27378809,-6.98392323035827 -51.27350436,-6.98390797035827 -51.2735043,-6.98390795035827 -51.27304856,-6.98374703035824 -51.27304851,-6.98374700035824 -51.27304846,-6.98374696035824 -51.27213714,-6.98273340035802 -51.27213711,-6.98273336035802 -51.2718778,-6.98235899035794 -51.27187776,-6.98235891035794 -51.27187773,-6.98235882035794 -51.27187771,-6.98235873035794 -51.27183718,-6.98195258035785 -51.27183718,-6.98195248035785 -51.27183719,-6.98195239035785 -51.27183721,-6.98195230035785 -51.27183725,-6.98195222035785 -51.27204004,-6.98158782035777 -51.2720401,-6.98158774035777 -51.27238046,-6.9812454103577 -51.27237603,-6.98083598035761 -51.27199932,-6.98059873035756 -51.27159071,-6.98060393035756 -51.27095542,-6.98087990035762 -51.27082234,-6.98096856035764 -51.27082229,-6.98096859035764 -51.27068317,-6.98101800035765 -51.27068311,-6.98101801035765 -51.27068304,-6.98101801035765 -51.27068298,-6.98101798035765 -51.27068293,-6.98101793035765 -51.27068288,-6.98101787035765 -51.27062633,-6.98092366035763 -51.27062629,-6.98092357035763 -51.27062627,-6.98092347035763 -51.27062626,-6.98092336035763 -51.27062626,-6.98092326035763 -51.27066212,-6.98066580035758 -51.27066213,-6.98066577035758 -51.27072728,-6.9803114803575 -51.27049239,-6.9798311103574 -51.27049236,-6.9798310303574 -51.27049234,-6.9798309403574 -51.27049233,-6.97983085035739 -51.27049234,-6.9798307603574 -51.27049236,-6.9798306703574 -51.27049239,-6.9798305803574 -51.27059553,-6.97960653035735 -51.27059557,-6.97960646035735 -51.27059562,-6.97960640035735 -51.27059568,-6.97960636035735 -51.27081876,-6.97949825035732 -51.27106689,-6.97929032035728 -51.27120912,-6.97871965035716 -51.2713524,-6.97818422035704 -51.27136498,-6.97761140035692 -51.27130817,-6.9770641703568 -51.27130817,-6.9770641403568 -51.27128191,-6.97652520035669 -51.27128191,-6.97652515035669 -51.27129237,-6.97597763035657 -51.27129237,-6.97597755035657 -51.27135855,-6.97545564035646 -51.27135209,-6.97505439035637 -51.27104332,-6.97458535035627 -51.2706846,-6.97422618035619 -51.27068454,-6.9742261003562 -51.27042993,-6.9737964803561 -51.2704299,-6.9737964103561 -51.27042987,-6.9737963303561 -51.27031296,-6.97329010035599 -51.27001535,-6.97279214035589 -51.26949907,-6.97250466035583 -51.26899237,-6.97262939035585 -51.2689923,-6.97262940035585 -51.26899224,-6.97262939035585 -51.26884476,-6.97256985035584 -51.2688447,-6.97256981035584 -51.26884465,-6.97256976035584 -51.2688446,-6.97256969035584 -51.26884457,-6.97256960035584 -51.26884455,-6.97256951035584 -51.26884454,-6.97256941035584 -51.26884342,-6.97235736035579 -51.26884343,-6.97235726035579 -51.26884346,-6.97235715035579 -51.26884349,-6.9723570703558 -51.26907076,-6.97195066035571 -51.26907081,-6.97195058035571 -51.26907088,-6.97195053035571 -51.26951652,-6.97169822035565 -51.2697001,-6.97133131035557 -51.26929902,-6.97106390035552 -51.26889988,-6.97103308035551 -51.26852072,-6.97101316035551 -51.2681658,-6.97103555035551 -51.26816574,-6.97103554035551 -51.26773732,-6.97094541035549 -51.26773726,-6.97094539035549 -51.26725101,-6.97069775035544 -51.2669142,-6.97093789035549 -51.26669895,-6.97121018035555 -51.2666989,-6.97121023035555 -51.26669885,-6.97121027035555 -51.26649423,-6.97131009035557 -51.26649416,-6.97131011035557 -51.26649409,-6.97131010035557 -51.26649402,-6.97131007035557 -51.26643133,-6.97126865035556 -51.26643127,-6.97126860035556 -51.26643122,-6.97126852035556 -51.26643118,-6.97126843035556 -51.26643116,-6.97126833035556 -51.26643115,-6.97126822035556 -51.26643116,-6.97126811035556 -51.26643119,-6.97126801035556 -51.26650864,-6.97106338035552 -51.26650865,-6.97106334035552 -51.26669073,-6.97068113035544 -51.26622468,-6.9705012503554 -51.26588349,-6.97079334035546 -51.26565679,-6.97129384035557 -51.26565675,-6.97129391035557 -51.26536069,-6.97173314035566 -51.26506688,-6.97220710035576 -51.26482635,-6.97268249035587 -51.26482632,-6.97268255035586 -51.2645423,-6.97308299035595 -51.26454222,-6.97308307035595 -51.26430251,-6.97325308035598 -51.26430245,-6.97325312035599 -51.26430238,-6.97325313035599 -51.26400245,-6.97324661035598 -51.26400239,-6.97324660035598 -51.26400233,-6.97324657035598 -51.26400227,-6.97324652035598 -51.26400223,-6.97324645035599 -51.26400219,-6.97324637035598 -51.26400217,-6.97324628035598 -51.26400216,-6.97324619035598 -51.26400216,-6.97324610035599 -51.2640278,-6.97296096035592 -51.26402782,-6.97296085035592 -51.26402786,-6.97296074035592 -51.26427282,-6.97248943035582 -51.26405608,-6.9719331103557 -51.26364591,-6.97152560035561 -51.26306614,-6.97158686035563 -51.26258161,-6.97181936035568 -51.26213861,-6.97201284035572 -51.26213855,-6.97201285035572 -51.26165588,-6.97205550035573 -51.26165586,-6.97205550035573 -51.26115512,-6.97203067035572 -51.2611551,-6.97203067035572 -51.26065755,-6.97195613035571 -51.26016647,-6.97186952035569 -51.25968427,-6.97178727035567 -51.25968426,-6.97178726035567 -51.25936356,-6.97171525035566 -51.25887693,-6.97161764035564 -51.2583873,-6.97152861035562 -51.25790263,-6.9714685203556 -51.25743664,-6.97138903035559 -51.25699798,-6.97131302035557 -51.25668399,-6.97125073035556 -51.25668397,-6.97125073035556 -51.25547319,-6.97129591035557 -51.25456329,-6.97087736035548 -51.25381718,-6.97038601035537 -51.25307106,-6.97007665035531 -51.25227035,-6.97002205035529 -51.25148784,-6.96980368035525 -51.25132695,-6.96941565035517 -51.25117848,-6.96905756035509 -51.25072353,-6.96873000035502 -51.25022853,-6.96903937035508 -51.2501412,-6.9690939603551 -51.25015939,-6.96982188035525 -51.25123307,-6.97016764035532 -51.25141505,-6.97045881035539 -51.25054155,-6.97073177035545 -51.24981363,-6.97109573035552 -51.24917671,-6.9714414903556 -51.24859437,-6.97116852035554 -51.24828501,-6.97036782035537 -51.24819402,-6.96976728035524 -51.2474843,-6.9691303603551 -51.24692016,-6.96893018035506 -51.2465562,-6.96873000035502 -51.24648341,-6.96825686035492 -51.24586468,-6.96825686035492 -51.24539154,-6.96834785035494 -51.24528235,-6.96876640035503 -51.24493659,-6.968620810355 -51.24473641,-6.96834785035494 -51.24429966,-6.96858442035499 -51.24420867,-6.96905756035509 -51.24337157,-6.9690939603551 -51.24240708,-6.96889378035505 -51.24209771,-6.96871180035501 -51.24158817,-6.96851163035497 -51.24049629,-6.96823866035491 -51.23967739,-6.96765632035479 -51.23896767,-6.96698300035464 -51.23827614,-6.96663724035457 -51.2378212,-6.96598211035443 -51.23749363,-6.96549077035433 -51.23731165,-6.96499943035422 -51.23696589,-6.96485384035419 -51.23643815,-6.96487204035419 -51.23594226,-6.96445804035411 -51.2355783,-6.96418507035405 -51.23519614,-6.96425786035406 -51.23505056,-6.96436705035409 -51.23426303,-6.96357028035391 -51.23426297,-6.96357025035392 -51.23426292,-6.96357020035391 -51.23408462,-6.96336776035387 -51.23360344,-6.96297549035379 -51.23330196,-6.96288625035377 -51.23330195,-6.96288625035377 -51.2330316,-6.96279445035375 -51.23279884,-6.96270889035373 -51.23279878,-6.96270886035373 -51.23279873,-6.96270882035373 -51.23266781,-6.9625642103537 -51.23266776,-6.9625641403537 -51.23266772,-6.9625640603537 -51.23260401,-6.96238253035366 -51.23260398,-6.96238242035366 -51.23256262,-6.9621072003536 -51.23234195,-6.96184484035355 -51.23218943,-6.96175018035353 -51.23182257,-6.96152598035348 -51.23182252,-6.96152593035348 -51.23171858,-6.96142121035346 -51.23117432,-6.9611651003534 -51.23099205,-6.96137846035345 -51.230992,-6.96137851035345 -51.23099195,-6.96137854035345 -51.23090126,-6.96141807035346 -51.23090119,-6.96141809035346 -51.23090111,-6.96141808035346 -51.23090105,-6.96141804035346 -51.23087565,-6.96139871035345 -51.2308756,-6.96139866035345 -51.23087555,-6.96139860035345 -51.23087552,-6.96139852035345 -51.2308755,-6.96139843035345 -51.23087549,-6.96139833035345 -51.23087549,-6.96139824035345 -51.23087551,-6.96139815035345 -51.23091983,-6.96122309035341 -51.23091653,-6.96087288035334 -51.23053564,-6.96084373035333 -51.23001084,-6.96118415035341 -51.23001082,-6.9611841603534 -51.22974602,-6.96133111035344 -51.22974596,-6.96133113035344 -51.2297459,-6.96133113035344 -51.22974585,-6.96133112035344 -51.2294751,-6.96123707035342 -51.22947509,-6.96123706035342 -51.22918346,-6.96112021035339 -51.22880073,-6.96132538035344 -51.22868474,-6.96156475035349 -51.22868467,-6.96156485035349 -51.228492,-6.96176925035353 -51.22849194,-6.96176930035353 -51.22837814,-6.96183789035355 -51.22837808,-6.96183792035354 -51.22837801,-6.96183792035354 -51.22827206,-6.96182481035354 -51.228272,-6.96182480035354 -51.22827194,-6.96182476035354 -51.22827189,-6.96182471035354 -51.22824811,-6.96179449035353 -51.22824807,-6.96179442035354 -51.22824804,-6.96179434035354 -51.22824801,-6.96179426035353 -51.22824801,-6.96179416035354 -51.22824801,-6.96179407035354 -51.22824803,-6.96179398035354 -51.22827646,-6.96168360035351 -51.2282765,-6.96168349035351 -51.2284129,-6.96141233035345 -51.22807082,-6.96128820035343 -51.22778058,-6.96120381035341 -51.22747445,-6.96111046035339 -51.2271697,-6.96103863035338 -51.22716967,-6.96103862035338 -51.22688947,-6.96092614035335 -51.22688944,-6.96092613035335 -51.22663534,-6.96078163035332 -51.22663531,-6.96078162035332 -51.22650622,-6.9606881503533 -51.22620425,-6.96054645035327 -51.22588134,-6.96052701035326 -51.22569196,-6.96059048035328 -51.22546323,-6.96108744035339 -51.22536926,-6.96129160035343 -51.22471414,-6.96080025035332 -51.22431378,-6.9601997203532 -51.22373145,-6.95985396035312 -51.22322191,-6.95941721035303 -51.22247579,-6.95912604035297 -51.22178427,-6.95907145035295 -51.22122013,-6.95912604035297 -51.22069239,-6.95896226035293 -51.22011006,-6.95870749035288 -51.21958232,-6.95848912035283 -51.21905458,-6.9587984803529 -51.21879981,-6.95939901035303 -51.21898538,-6.95978703035311 -51.21899998,-6.95981756035312 -51.21894162,-6.95979379035311 -51.2180173,-6.95941721035303 -51.21741676,-6.95919883035298 -51.21698001,-6.95899866035294 -51.21685263,-6.95856191035285 -51.21652507,-6.95845272035282 -51.21599733,-6.95867109035287 -51.21592453,-6.95910785035296 -51.21587658,-6.95945783035304 -51.21559348,-6.95961682035307 -51.21533045,-6.95989575035313 -51.2153304,-6.95989580035313 -51.21533035,-6.95989582035313 -51.2150015,-6.96000935035315 -51.21500142,-6.96000936035316 -51.21474167,-6.95963559035308 -51.2144505,-6.95941721035303 -51.21403195,-6.95934442035301 -51.21379538,-6.95941721035303 -51.21377718,-6.95967198035308 -51.21394096,-6.95965378035308 -51.2142372,-6.96000230035315 -51.21425032,-6.96001774035316 -51.21417921,-6.96000984035316 -51.21326764,-6.95990855035313 -51.21292188,-6.9597447703531 -51.2127217,-6.95919883035298 -51.21255792,-6.95858010035285 -51.21192099,-6.95821615035277 -51.21146604,-6.95827074035278 -51.21123545,-6.95847017035283 -51.21090556,-6.95870291035288 -51.2107615,-6.95852267035284 -51.21076144,-6.95852265035284 -51.21076139,-6.95852261035284 -51.21056383,-6.9583279703528 -51.21056378,-6.95832790035279 -51.21056374,-6.9583278203528 -51.21056371,-6.9583277303528 -51.2105637,-6.9583276303528 -51.21045091,-6.95826782035278 -51.21058116,-6.95810248035275 -51.21075785,-6.9578788803527 -51.2110254,-6.95758533035264 -51.21101247,-6.95717707035255 -51.2109866,-6.95688338035249 -51.21035892,-6.9569424403525 -51.21035891,-6.9569424503525 -51.20998563,-6.95703635035252 -51.20959358,-6.95723323035256 -51.20925872,-6.95750606035262 -51.20900695,-6.95781232035269 -51.20889399,-6.95820609035277 -51.20892189,-6.95862311035286 -51.20911641,-6.95898361035294 -51.20911645,-6.95898367035294 -51.20911647,-6.95898375035294 -51.20920096,-6.95937470035302 -51.20920097,-6.95937478035302 -51.20920097,-6.95937487035302 -51.20920096,-6.95937495035302 -51.20913993,-6.95972267035309 -51.20913991,-6.9597227503531 -51.20913988,-6.95972283035309 -51.20913984,-6.95972290035309 -51.20893465,-6.95999409035315 -51.20893461,-6.95999413035315 -51.20868745,-6.96037030035323 -51.20841594,-6.9607139003533 -51.2082843,-6.9611297403534 -51.20819603,-6.96155172035348 -51.2081423,-6.96198326035358 -51.20814228,-6.96198337035358 -51.20816926,-6.96237861035366 -51.20765791,-6.96231397035365 -51.20765788,-6.96231397035365 -51.20721958,-6.96232509035365 -51.20721957,-6.96232509035365 -51.20677357,-6.96231688035365 -51.20634781,-6.96234648035365 -51.20634774,-6.96234647035366 -51.20594475,-6.96240637035367 -51.20565528,-6.96211820035361 -51.20547137,-6.96167517035351 -51.20527545,-6.96123760035342 -51.20509382,-6.96087043035334 -51.20491338,-6.96044105035325 -51.20463962,-6.96013335035318 -51.20463958,-6.96013330035318 -51.20441552,-6.95978939035311 -51.20424356,-6.95951227035305 -51.20424146,-6.95898046035294 -51.20382291,-6.95892587035292 -51.20384111,-6.95961739035307 -51.20342428,-6.9597484503531 -51.20342785,-6.95955094035306 -51.20344439,-6.95948773035304 -51.20347649,-6.95912754035297 -51.20344075,-6.95868929035287 -51.20294612,-6.9583311103528 -51.20291301,-6.95830714035279 -51.20291504,-6.95830461035279 -51.20311754,-6.95805148035274 -51.20320418,-6.95794318035272 -51.20347609,-6.95779469035268 -51.20371582,-6.95766378035266 -51.20395582,-6.95768186035266 -51.20437905,-6.95763782035265 -51.20466015,-6.95723497035256 -51.2047874,-6.95677851035247 -51.20453263,-6.95641455035239 -51.20404128,-6.9564873403524 -51.20389281,-6.95651354035241 -51.20373192,-6.95654194035242 -51.20326255,-6.95635738035238 -51.20303135,-6.95652949035241 -51.20296861,-6.95657994035242 -51.20296853,-6.95657998035242 -51.20296846,-6.95657999035242 -51.20248553,-6.95655662035242 -51.20248547,-6.95655661035242 -51.20248542,-6.95655659035242 -51.20230929,-6.9564420003524 -51.20230924,-6.9564419503524 -51.20230919,-6.95644189035239 -51.20219213,-6.95624764035235 -51.20219209,-6.95624754035235 -51.20219206,-6.95624743035235 -51.20214003,-6.95587493035227 -51.20214002,-6.95587484035227 -51.20214003,-6.95587475035227 -51.20219916,-6.95540265035217 -51.20191635,-6.95499179035209 -51.20146331,-6.95476261035204 -51.20113656,-6.95473696035203 -51.20113655,-6.95473696035203 -51.2007519,-6.95468902035202 -51.20075181,-6.95468899035202 -51.20064299,-6.95461997035201 -51.20064293,-6.95461992035201 -51.20064288,-6.95461985035201 -51.20064284,-6.95461976035201 -51.20064282,-6.95461966035201 -51.20064281,-6.95461956035201 -51.20064282,-6.95461946035201 -51.20065771,-6.95450970035198 -51.20065773,-6.95450960035198 -51.20065777,-6.95450951035198 -51.20065782,-6.95450943035198 -51.20082506,-6.95430515035194 -51.20096583,-6.95417621035191 -51.20078385,-6.95386684035185 -51.20018332,-6.95397603035187 -51.20004277,-6.95416162035191 -51.19977379,-6.95420768035192 -51.19977378,-6.95420768035192 -51.19933803,-6.95425802035193 -51.19901797,-6.95433850035195 -51.19872214,-6.95447478035198 -51.19846514,-6.95462684035201 -51.19846511,-6.95462686035201 -51.19821621,-6.95471726035203 -51.19821612,-6.95471728035203 -51.19797111,-6.95469257035202 -51.19797105,-6.95469256035202 -51.19773954,-6.954602820352 -51.19773946,-6.954602770352 -51.19756612,-6.95444535035197 -51.19756606,-6.95444528035197 -51.19745773,-6.95427639035193 -51.1974577,-6.95427632035193 -51.19745767,-6.95427623035193 -51.19745765,-6.95427614035193 -51.19745765,-6.95427605035194 -51.19745766,-6.95427595035193 -51.19749571,-6.95406992035189 -51.19749573,-6.95406985035189 -51.19749576,-6.95406978035189 -51.19761516,-6.95381856035184 -51.19770588,-6.95355595035178 -51.19768253,-6.95322250035171 -51.19732071,-6.95310660035168 -51.19702514,-6.95306840035168 -51.19702512,-6.95306840035168 -51.19676179,-6.95300289035166 -51.19676176,-6.95300287035166 -51.19658168,-6.95292405035165 -51.19658162,-6.95292402035165 -51.19658157,-6.95292396035165 -51.19658153,-6.95292390035165 -51.19658149,-6.95292381035165 -51.19653735,-6.95278491035162 -51.19653733,-6.95278483035162 -51.19653732,-6.95278473035162 -51.19653732,-6.95278464035162 -51.19653734,-6.95278455035162 -51.19653737,-6.95278447035161 -51.19662233,-6.95259121035158 -51.19662239,-6.95259111035157 -51.19676968,-6.95242041035154 -51.19676977,-6.95242034035154 -51.19703675,-6.95228464035151 -51.19715499,-6.95196842035144 -51.19688349,-6.95166287035138 -51.19661228,-6.95151855035135 -51.19636897,-6.95144019035133 -51.19636894,-6.95144017035133 -51.19617858,-6.95134285035131 -51.19617852,-6.95134280035131 -51.19617846,-6.95134272035131 -51.19617842,-6.95134263035131 -51.1961233,-6.95118238035128 -51.19612328,-6.95118229035128 -51.19612327,-6.95118220035128 -51.19612327,-6.95118210035127 -51.19614824,-6.95095064035123 -51.1961054,-6.95062975035116 -51.19573709,-6.9503724103511 -51.19549785,-6.95032310035109 -51.19549779,-6.95032308035109 -51.19549773,-6.95032303035109 -51.19534596,-6.95017180035106 -51.19534592,-6.95017174035106 -51.19534588,-6.95017168035106 -51.19522762,-6.94992415035101 -51.19506015,-6.94966856035095 -51.19483717,-6.94946604035091 -51.19474214,-6.94902619035082 -51.19457836,-6.94860764035073 -51.19414161,-6.94866223035074 -51.19398103,-6.94875188035076 -51.19393655,-6.9484953303507 -51.19393654,-6.9484953103507 -51.1939175,-6.94835989035068 -51.19386364,-6.94818034035064 -51.19371079,-6.94805641035061 -51.19371075,-6.94805637035061 -51.19363378,-6.94796799035059 -51.19363373,-6.94796792035059 -51.19363369,-6.94796783035059 -51.19363367,-6.94796773035059 -51.19363366,-6.94796762035059 -51.19363485,-6.94791092035058 -51.19363486,-6.94791083035058 -51.19363488,-6.94791075035058 -51.1936349,-6.94791068035058 -51.19368608,-6.94779751035056 -51.19369159,-6.94775810035055 -51.19369161,-6.94775801035055 -51.19369164,-6.94775792035055 -51.19369168,-6.94775785035055 -51.19369174,-6.94775780035055 -51.1936918,-6.94775776035055 -51.19369186,-6.94775774035055 -51.19374635,-6.94775254035055 -51.19399786,-6.94765198035052 -51.19381756,-6.94732720035046 -51.19363623,-6.94737384035047 -51.19363615,-6.94737384035047 -51.19363607,-6.94737382035047 -51.19349645,-6.94729715035045 -51.19337722,-6.94724728035044 -51.19337713,-6.94724722035044 -51.19301024,-6.94687225035036 -51.19301019,-6.94687218035036 -51.19301015,-6.94687211035036 -51.19301012,-6.94687202035036 -51.19301011,-6.94687192035036 -51.19301011,-6.94687182035036 -51.19301013,-6.94687173035036 -51.19301015,-6.94687164035036 -51.19304021,-6.94679686035034 -51.19304025,-6.94679678035034 -51.1930403,-6.94679671035034 -51.19304036,-6.94679667035034 -51.19324616,-6.94668730035032 -51.19337816,-6.94636128035025 -51.19323677,-6.94606143035019 -51.19304329,-6.94587574035015 -51.19304324,-6.94587568035015 -51.19280409,-6.94552037035007 -51.19280407,-6.94552035035007 -51.19257979,-6.94513311034999 -51.19257976,-6.94513304034999 -51.19257973,-6.94513297034999 -51.19248626,-6.94476456034991 -51.19248624,-6.94476446034991 -51.19245333,-6.94436033034983 -51.19235932,-6.94394835034974 -51.19221302,-6.94357200034966 -51.19221301,-6.94357198034966 -51.19207436,-6.94315710034957 -51.19160988,-6.94286190034951 -51.19129396,-6.94275326034949 -51.19129389,-6.94275323034948 -51.19129384,-6.94275317034949 -51.19109476,-6.94250084034943 -51.19082241,-6.94216717034936 -51.19082237,-6.94216710034936 -51.19067988,-6.9419037003493 -51.19067984,-6.94190361034931 -51.19067982,-6.9419035103493 -51.19067981,-6.94190341034931 -51.19067982,-6.94190331034931 -51.19067984,-6.94190321034931 -51.19067988,-6.94190312034931 -51.19067993,-6.94190305034931 -51.19086323,-6.94169004034926 -51.19107238,-6.94133815034919 -51.19085195,-6.94097463034911 -51.19043675,-6.94084209034908 -51.19043667,-6.94084204034908 -51.19015269,-6.94060843034903 -51.19015261,-6.94060834034903 -51.18992259,-6.94023451034895 -51.18973607,-6.93994602034889 -51.1892346,-6.93989266034888 -51.18920734,-6.94028590034896 -51.18920732,-6.94028601034896 -51.18920729,-6.94028611034896 -51.18920724,-6.94028619034896 -51.18920718,-6.94028626034896 -51.18920711,-6.94028630034896 -51.18912528,-6.94031717034897 -51.18912522,-6.94031718034897 -51.18912516,-6.94031718034897 -51.1891251,-6.94031716034897 -51.18891859,-6.94020554034895 -51.18868823,-6.94010543034892 -51.18868818,-6.94010540034893 -51.18868813,-6.94010535034892 -51.18868809,-6.94010529034893 -51.18851941,-6.93980663034886 -51.18825011,-6.93945621034879 -51.1879216,-6.93940956034878 -51.18792155,-6.93940954034878 -51.18765695,-6.93929978034875 -51.18738695,-6.93926895034875 -51.18738689,-6.93926894034875 -51.18720771,-6.93919072034873 -51.18720764,-6.93919068034873 -51.18692443,-6.93892951034867 -51.18665431,-6.93899225034869 -51.18665424,-6.93899226034869 -51.18665418,-6.93899224034869 -51.18649747,-6.93891623034867 -51.18649742,-6.93891620034867 -51.18649737,-6.93891615034867 -51.18632792,-6.93871462034863 -51.18603923,-6.93837366034856 -51.18603917,-6.93837356034856 -51.18584122,-6.93794640034847 -51.18562874,-6.9376233303484 -51.18533039,-6.93781852034844 -51.18533034,-6.93781855034844 -51.18524727,-6.93784675034845 -51.1852472,-6.93784677034844 -51.18524713,-6.93784675034845 -51.18524706,-6.93784671034845 -51.18524701,-6.93784666034845 -51.18524696,-6.93784658034844 -51.18520375,-6.93775645034843 -51.18520372,-6.93775638034843 -51.1852037,-6.93775630034843 -51.18520369,-6.93775621034843 -51.18518873,-6.93736002034834 -51.18518873,-6.93735990034834 -51.18518876,-6.93735979034834 -51.18532216,-6.93695105034826 -51.185337,-6.93647174034815 -51.18513939,-6.93612473034808 -51.18447041,-6.93591669034804 -51.1842059,-6.93608607034807 -51.18420583,-6.93608610034807 -51.18417976,-6.93609128034807 -51.18417969,-6.93609129034808 -51.18417963,-6.93609127034807 -51.18417957,-6.93609123034807 -51.18417952,-6.93609118034807 -51.18417948,-6.93609111034807 -51.18417945,-6.93609102034807 -51.18417943,-6.93609093034807 -51.18417043,-6.93602825034806 -51.18417042,-6.93602815034806 -51.18417043,-6.93602806034806 -51.18417044,-6.93602797034806 -51.18417047,-6.93602789034806 -51.18427645,-6.93579965034801 -51.18440422,-6.93534112034792 -51.18408377,-6.93487638034782 -51.18373261,-6.93475678034779 -51.18345738,-6.93487299034782 -51.18345729,-6.93487300034781 -51.18328763,-6.93486298034782 -51.18328757,-6.93486297034781 -51.18328751,-6.93486294034781 -51.18328746,-6.93486288034781 -51.18328741,-6.93486282034781 -51.18328738,-6.93486274034781 -51.18328736,-6.93486265034782 -51.18325266,-6.93466904034778 -51.18316545,-6.93419232034767 -51.18294769,-6.93381687034759 -51.18294764,-6.93381675034759 -51.18283274,-6.93341016034751 -51.18272032,-6.93301522034742 -51.1827203,-6.93301512034742 -51.1827203,-6.93301501034742 -51.1827393,-6.93256971034733 -51.1827393,-6.93256968034733 -51.18278127,-6.93207860034722 -51.1824824,-6.93166043034714 -51.18204315,-6.93158098034712 -51.18204309,-6.93158096034712 -51.18204303,-6.93158092034712 -51.18181633,-6.93138013034708 -51.18181628,-6.93138007034708 -51.18181624,-6.93138000034708 -51.18167044,-6.93105911034701 -51.18146277,-6.93067775034693 -51.18146275,-6.93067771034693 -51.18132392,-6.93035848034686 -51.18132389,-6.93035842034686 -51.18121986,-6.93001311034679 -51.18121985,-6.93001303034679 -51.18121984,-6.93001295034679 -51.18120339,-6.92965735034671 -51.18120339,-6.92965724034671 -51.18120341,-6.92965714034672 -51.18129056,-6.92934394034665 -51.18129061,-6.92934383034665 -51.18145886,-6.92902772034658 -51.18160352,-6.9286673203465 -51.18159368,-6.92829323034643 -51.18151933,-6.92800992034637 -51.18151932,-6.92800986034637 -51.1814861,-6.92780137034632 -51.18141486,-6.92744732034625 -51.18123925,-6.92701658034616 -51.18111189,-6.92644256034603 -51.18031118,-6.92615139034598 -51.18028725,-6.92615314034597 -51.17956507,-6.92620598034598 -51.17863697,-6.92633337034601 -51.17837208,-6.92619602034598 -51.17765428,-6.9258238303459 -51.17685357,-6.92462276034565 -51.17627124,-6.92376746034547 -51.17592548,-6.92289396034529 -51.17548873,-6.92211145034512 -51.17496099,-6.92160191034501 -51.17465162,-6.92132894034496 -51.17423307,-6.92114696034492 -51.1739998,-6.92029655034474 -51.17387975,-6.92002892034468 -51.17363637,-6.91993150034466 -51.17341657,-6.91994640034467 -51.17321098,-6.91999164034467 -51.17321095,-6.91999165034467 -51.17302477,-6.92000495034468 -51.17302472,-6.92000494034468 -51.17282852,-6.91996866034467 -51.17255523,-6.91992329034466 -51.17232016,-6.91987558034465 -51.17232008,-6.91987555034465 -51.17208572,-6.91923618034452 -51.17177635,-6.91872663034441 -51.17093925,-6.91830808034432 -51.17064808,-6.91770755034419 -51.17066628,-6.91705242034406 -51.17055709,-6.91634270034391 -51.16997476,-6.91623352034388 -51.16906753,-6.91595862034383 -51.16896694,-6.91589932034382 -51.16843264,-6.91577034034379 -51.16822125,-6.91572924034378 -51.16795873,-6.91568956034377 -51.16763767,-6.91571537034377 -51.16732432,-6.9158397003438 -51.16706691,-6.91593430034382 -51.16706686,-6.91593431034382 -51.16685353,-6.91595800034383 -51.16685344,-6.91595799034383 -51.16661064,-6.91587828034381 -51.16631794,-6.91587912034381 -51.16603759,-6.91592465034382 -51.16577548,-6.91599583034383 -51.16577547,-6.91599583034383 -51.16552379,-6.91606147034385 -51.16552377,-6.91606148034385 -51.16526485,-6.91610868034386 -51.16499995,-6.91614924034387 -51.16499994,-6.91614924034387 -51.16472638,-6.91618283034387 -51.16445651,-6.91621234034388 -51.16445649,-6.91621234034388 -51.16419531,-6.91621561034388 -51.16419527,-6.91621561034388 -51.16394401,-6.91617590034387 -51.16394399,-6.91617590034387 -51.16368477,-6.91610124034386 -51.16341205,-6.91601776034384 -51.16341204,-6.91601776034384 -51.16287756,-6.91574217034378 -51.1625682,-6.91495966034361 -51.1625864,-6.91430454034348 -51.16214964,-6.91390418034339 -51.16173109,-6.9139223803434 -51.16157318,-6.91408907034343 -51.16140353,-6.91426814034347 -51.16073021,-6.91419535034345 -51.1604525,-6.91398035034341 -51.16016607,-6.91375860034336 -51.1599113,-6.91303068034321 -51.15932897,-6.91239375034308 -51.15886837,-6.91227587034305 -51.15848781,-6.91217848034303 -51.15818702,-6.91213559034302 -51.15789952,-6.91209013034301 -51.15789951,-6.91209012034301 -51.15763154,-6.912033300343 -51.15763152,-6.912033290343 -51.15736987,-6.91195421034298 -51.15736985,-6.91195420034298 -51.15711723,-6.91185480034297 -51.15711719,-6.91185479034296 -51.15688822,-6.91171691034294 -51.1568882,-6.91171689034293 -51.15666081,-6.9115502103429 -51.15643158,-6.91139261034287 -51.15619568,-6.91121316034283 -51.1559143,-6.9110868903428 -51.15565342,-6.91098280034278 -51.15565338,-6.91098278034278 -51.1554203,-6.91083614034275 -51.15542025,-6.91083610034275 -51.15521579,-6.91063997034271 -51.15521576,-6.91063994034271 -51.15502718,-6.91040172034266 -51.15502717,-6.91040172034266 -51.15484148,-6.91015268034261 -51.15463597,-6.90993179034256 -51.15442058,-6.90972681034252 -51.15419151,-6.90952259034248 -51.1539106,-6.90935723034244 -51.15356489,-6.90932273034243 -51.15323334,-6.90937964034245 -51.15296675,-6.90955553034248 -51.15274797,-6.90969578034251 -51.15274795,-6.90969579034251 -51.15255086,-6.90979361034253 -51.15255078,-6.90979363034253 -51.15248555,-6.90979913034253 -51.1524855,-6.90979913034253 -51.15248544,-6.90979911034253 -51.15231728,-6.90971138034251 -51.15231722,-6.90971133034252 -51.15231716,-6.90971126034251 -51.15219788,-6.90951834034247 -51.15219785,-6.90951828034247 -51.15219783,-6.90951820034247 -51.15213056,-6.90927449034242 -51.15213054,-6.90927439034242 -51.15209978,-6.90898944034236 -51.15209978,-6.90898934034236 -51.15210974,-6.9086955203423 -51.15210975,-6.9086955003423 -51.15212894,-6.90838215034224 -51.15209067,-6.90804953034217 -51.15193598,-6.9077588603421 -51.15172894,-6.90756450034206 -51.15148048,-6.90745033034204 -51.15118978,-6.90734750034202 -51.15118977,-6.90734750034202 -51.15089963,-6.90722118034199 -51.15060671,-6.90709595034197 -51.15060668,-6.90709594034196 -51.15034202,-6.90694536034193 -51.15034199,-6.90694534034193 -51.15011912,-6.9067713903419 -51.1501191,-6.9067713703419 -51.14991376,-6.90657471034185 -51.14991374,-6.90657470034186 -51.14970834,-6.90634402034181 -51.14944033,-6.90612813034176 -51.14914416,-6.90595653034173 -51.14887079,-6.90579569034169 -51.14860974,-6.90561284034166 -51.14860972,-6.90561282034165 -51.14837414,-6.90540356034161 -51.14837413,-6.90540355034161 -51.14813847,-6.90518336034157 -51.14788885,-6.90496463034152 -51.14760524,-6.90477998034148 -51.1473037,-6.90464735034145 -51.14698755,-6.90458703034144 -51.14663952,-6.90460815034144 -51.14636163,-6.90485115034149 -51.14621757,-6.90511773034155 -51.14621751,-6.90511780034155 -51.14609001,-6.90525907034158 -51.14608996,-6.90525912034158 -51.1460899,-6.90525915034158 -51.14608984,-6.90525916034158 -51.14592232,-6.90526457034158 -51.14592225,-6.90526456034158 -51.14592219,-6.90526453034158 -51.14572331,-6.90512658034155 -51.14572326,-6.90512654034155 -51.14572322,-6.90512648034155 -51.14556667,-6.9048796003415 -51.14539884,-6.90460301034144 -51.14522698,-6.90433766034139 -51.14522696,-6.90433763034139 -51.14508089,-6.90406300034133 -51.14490345,-6.90378106034127 -51.14471293,-6.90350878034122 -51.14452161,-6.90323123034116 -51.14431731,-6.9029637403411 -51.14411434,-6.90270155034104 -51.1439011,-6.90244473034099 -51.1436193,-6.90224741034095 -51.14332752,-6.90207772034091 -51.14302668,-6.90191016034088 -51.14302667,-6.90191015034088 -51.14277566,-6.90175017034085 -51.1427756,-6.90175013034085 -51.14257992,-6.9015406903408 -51.14257987,-6.9015406203408 -51.1424459,-6.90131106034075 -51.14244587,-6.90131098034075 -51.14235109,-6.9010502203407 -51.14235107,-6.9010501703407 -51.14228132,-6.90078388034064 -51.1422813,-6.90078382034064 -51.14223496,-6.90049889034058 -51.14217651,-6.90024838034053 -51.14202715,-6.89976016034043 -51.14194869,-6.89955493034039 -51.14184637,-6.89934088034034 -51.14171191,-6.8991311103403 -51.14153061,-6.89891933034025 -51.14131091,-6.89872063034021 -51.14105954,-6.89856211034018 -51.14079111,-6.89846435034016 -51.14052978,-6.89840729034014 -51.14052977,-6.89840729034014 -51.14027841,-6.89833778034013 -51.14002179,-6.89827529034012 -51.13976601,-6.89820875034011 -51.13976599,-6.8982087503401 -51.13952035,-6.89811871034009 -51.13952032,-6.89811870034009 -51.1392916,-6.89799724034006 -51.13929156,-6.89799721034006 -51.13908244,-6.89783209034002 -51.13908241,-6.89783206034002 -51.13889873,-6.89763268033998 -51.13889869,-6.89763261033998 -51.13876045,-6.89740109033993 -51.1387604,-6.89740099033994 -51.13866785,-6.89711915033987 -51.13855228,-6.89681954033981 -51.13838867,-6.89654593033976 -51.13817894,-6.89629762033971 -51.13794467,-6.89607463033966 -51.13769921,-6.89587101033962 -51.1374634,-6.89568442033958 -51.13746339,-6.89568441033958 -51.13723438,-6.89549169033954 -51.13723437,-6.89549168033954 -51.13700043,-6.89528686033949 -51.1370004,-6.89528684033949 -51.13679906,-6.89506445033945 -51.136799,-6.89506434033945 -51.13666814,-6.89477826033939 -51.13666813,-6.89477825033939 -51.13653228,-6.89445434033932 -51.1363024,-6.89417166033926 -51.13596459,-6.89401489033923 -51.13563053,-6.89398888033922 -51.13532049,-6.89399109033922 -51.13500772,-6.89399493033922 -51.13470279,-6.89400803033923 -51.13470277,-6.89400803033923 -51.13440565,-6.89399404033923 -51.13440564,-6.89399403033923 -51.13409698,-6.89396303033921 -51.13376939,-6.89394242033921 -51.1334376,-6.89393991033921 -51.13312348,-6.89394663033921 -51.13312347,-6.89394663033921 -51.13282603,-6.89394127033921 -51.13282598,-6.89394126033921 -51.13255729,-6.8938672703392 -51.13255724,-6.89386725033919 -51.13230759,-6.89371978033916 -51.13230758,-6.89371977033917 -51.13204708,-6.89354836033913 -51.13175922,-6.8933864103391 -51.13143727,-6.89327689033907 -51.13110554,-6.89323000033906 -51.13079035,-6.89317993033905 -51.13079034,-6.89317993033905 -51.13048199,-6.89311727033904 -51.13048198,-6.89311727033904 -51.1301887,-6.89304058033902 -51.12989441,-6.89296243033901 -51.1298944,-6.89296243033901 -51.12960527,-6.89288186033899 -51.12960525,-6.89288185033899 -51.12932412,-6.89278166033897 -51.12932411,-6.89278166033897 -51.12903826,-6.89266105033894 -51.12875516,-6.89256826033893 -51.12845769,-6.89248597033891 -51.12816652,-6.89247398033891 -51.12790791,-6.89250209033891 -51.1279079,-6.89250209033891 -51.12770517,-6.89251560033891 -51.12770514,-6.89251560033891 -51.12753986,-6.89250476033891 -51.12673467,-6.8924501003389 -51.12649496,-6.8924306003389 -51.12623089,-6.8924531303389 -51.12598371,-6.89249573033891 -51.12598369,-6.89249573033891 -51.12569832,-6.89251115033891 -51.12569827,-6.89251114033891 -51.12540829,-6.8924589003389 -51.12540827,-6.8924588903389 -51.12509648,-6.89236619033888 -51.12477689,-6.89227107033886 -51.12477688,-6.89227106033886 -51.12446057,-6.89215907033884 -51.12412567,-6.89205614033882 -51.12376437,-6.89208077033882 -51.12344474,-6.89225458033886 -51.12318463,-6.8924696303389 -51.1229333,-6.89265450033894 -51.12293324,-6.89265453033894 -51.12268163,-6.89275737033896 -51.12268158,-6.89275739033896 -51.12268153,-6.89275739033896 -51.12245407,-6.89272972033896 -51.12245401,-6.89272970033896 -51.12245396,-6.89272967033896 -51.12226571,-6.89258240033893 -51.12226564,-6.89258232033893 -51.12210787,-6.89234546033888 -51.12210783,-6.89234539033888 -51.1221078,-6.89234532033888 -51.12201774,-6.89203178033881 -51.12201773,-6.89203174033881 -51.12194693,-6.89169737033874 -51.12185595,-6.89136491033867 -51.12176662,-6.89103307033861 -51.12176661,-6.8910330503386 -51.12168717,-6.89067018033853 -51.12141608,-6.89037453033847 -51.1210063,-6.89033974033846 -51.12067946,-6.89041510033848 -51.1206794,-6.89041510033848 -51.12035788,-6.89038864033847 -51.12001687,-6.89036310033847 -51.11967141,-6.89034390033846 -51.11935168,-6.89033124033846 -51.11935162,-6.89033123033846 -51.11906745,-6.89023509033844 -51.11906739,-6.89023506033844 -51.11880396,-6.8900530703384 -51.11880393,-6.8900530503384 -51.11854311,-6.88981697033835 -51.11825356,-6.88961748033831 -51.11825355,-6.88961748033831 -51.11797986,-6.88942685033827 -51.11797985,-6.88942684033827 -51.11770627,-6.88920692033823 -51.11738114,-6.88903946033819 -51.11717289,-6.88899688033818 -51.11680017,-6.88904591033819 -51.11652759,-6.88915996033821 -51.11652753,-6.88915997033821 -51.11652747,-6.88915997033821 -51.11629167,-6.88911544033821 -51.1162916,-6.88911542033821 -51.11629154,-6.8891153703382 -51.11612831,-6.88895459033817 -51.11612827,-6.88895453033817 -51.11612823,-6.88895446033817 -51.1161282,-6.88895438033817 -51.11612818,-6.88895429033817 -51.11609476,-6.88868467033812 -51.11609476,-6.88868452033811 -51.11612367,-6.88837307033805 -51.11612368,-6.88837301033805 -51.11618082,-6.88805422033799 -51.11618084,-6.88805414033798 -51.11628537,-6.88773095033792 -51.11621902,-6.88735477033784 -51.11594708,-6.88706961033778 -51.11560364,-6.88691774033775 -51.1152643,-6.88682784033773 -51.11493198,-6.88673322033771 -51.11457777,-6.88666128033769 -51.11423316,-6.88666371033769 -51.11423315,-6.88666371033769 -51.11391689,-6.88664575033769 -51.11391683,-6.88664574033769 -51.11362468,-6.88655055033767 -51.11362463,-6.88655053033767 -51.11336954,-6.88639278033764 -51.11336949,-6.88639274033764 -51.11315987,-6.88618598033759 -51.11315981,-6.88618590033759 -51.11303574,-6.88596748033755 -51.1130357,-6.88596740033755 -51.11303567,-6.88596729033755 -51.11303566,-6.88596719033755 -51.11303653,-6.88569982033749 -51.11303653,-6.88569974033749 -51.11303654,-6.88569967033749 -51.11309752,-6.88544863033744 -51.11309755,-6.88544854033744 -51.1130976,-6.88544846033744 -51.11309765,-6.88544840033744 -51.11328171,-6.88528673033741 -51.11328179,-6.88528668033741 -51.11355659,-6.88518651033739 -51.11355663,-6.88518650033739 -51.11387386,-6.88514278033738 -51.11421478,-6.88508290033737 -51.11450696,-6.88492000033733 -51.11475857,-6.88466914033728 -51.11481819,-6.8842692503372 -51.11459771,-6.88395032033713 -51.11429328,-6.88375705033709 -51.11391899,-6.88378748033709 -51.11357616,-6.88390529033712 -51.11325806,-6.88401199033714 -51.11325803,-6.88401200033714 -51.11296318,-6.88406291033715 -51.11296311,-6.88406291033715 -51.11266386,-6.88400050033714 -51.11266381,-6.88400049033714 -51.11236336,-6.88386005033711 -51.11205701,-6.88372662033708 -51.11205699,-6.88372661033709 -51.11176995,-6.88356210033705 -51.11176994,-6.88356209033705 -51.11147657,-6.88337778033701 -51.11113266,-6.88327516033699 -51.11077322,-6.88328997033699 -51.11043508,-6.883336020337 -51.11010619,-6.88338300033701 -51.10975796,-6.88343364033702 -51.10940594,-6.88356199033705 -51.109102,-6.88376911033709 -51.10884198,-6.88400462033714 -51.10884197,-6.88400462033714 -51.10860427,-6.88421131033718 -51.10860422,-6.88421134033718 -51.10838045,-6.88432852033721 -51.10838039,-6.88432854033721 -51.10838033,-6.88432854033721 -51.10819697,-6.8843077203372 -51.10819689,-6.8843076903372 -51.10819682,-6.8843076403372 -51.10805526,-6.88416348033717 -51.10805521,-6.88416341033717 -51.10793046,-6.88396498033713 -51.10793042,-6.88396490033713 -51.10793039,-6.88396481033713 -51.10786793,-6.88367818033707 -51.10777623,-6.88337895033701 -51.10768484,-6.88306507033694 -51.10755165,-6.88277028033688 -51.107344,-6.88251630033683 -51.10703611,-6.8823614703368 -51.10669286,-6.88239708033681 -51.10639857,-6.88253710033683 -51.10616547,-6.88267476033686 -51.10616539,-6.88267479033687 -51.10582704,-6.88243996033682 -51.10553588,-6.88165745033665 -51.10493535,-6.88127529033657 -51.10486934,-6.88126062033657 -51.104444,-6.88116610033655 -51.10391626,-6.8809295303365 -51.10387756,-6.88080513033647 -51.10366149,-6.88011062033633 -51.10327649,-6.87964862033624 -51.10320654,-6.87956468033622 -51.1027152,-6.87920072033614 -51.10218746,-6.87934631033617 -51.10162332,-6.87972846033625 -51.10095,-6.87989225033628 -51.10040924,-6.87986451033628 -51.10024028,-6.87985585033628 -51.09936678,-6.87958288033622 -51.09885724,-6.87965567033624 -51.0982931,-6.87991044033629 -51.09794734,-6.88040179033639 -51.09783474,-6.88069456033645 -51.09776536,-6.88087493033649 -51.09747419,-6.8813844803366 -51.09727402,-6.8814208703366 -51.09725582,-6.8809477303365 -51.09663709,-6.88076575033647 -51.09632772,-6.88114790033655 -51.09630953,-6.88145727033661 -51.09554521,-6.88154826033663 -51.0948173,-6.88198501033672 -51.09462463,-6.88205937033674 -51.09378001,-6.8823853603368 -51.09337966,-6.88233077033679 -51.09361623,-6.88158465033664 -51.09356164,-6.88109331033654 -51.09316128,-6.88085674033649 -51.09254255,-6.88105691033653 -51.09208761,-6.88103872033652 -51.0912869,-6.8809113303365 -51.09095933,-6.88169384033666 -51.090377,-6.8823853603368 -51.08994025,-6.88302229033694 -51.08932152,-6.88400498033714 -51.08888477,-6.88493307033733 -51.08846622,-6.88582477033752 -51.08841162,-6.88637071033763 -51.08761091,-6.8867164703377 -51.08675561,-6.88695304033775 -51.0860095,-6.88729880033783 -51.08517239,-6.88722601033781 -51.08452636,-6.8871645903378 -51.08429889,-6.88708270033778 -51.08398953,-6.88671875033771 -51.08378025,-6.88639118033764 -51.08378604,-6.88633616033763 -51.08379845,-6.8862183003376 -51.08344765,-6.8861968203376 -51.0833526,-6.88619101033759 -51.0829712,-6.88634197033763 -51.08291585,-6.88636389033763 -51.08282287,-6.88649561033766 -51.08269747,-6.8866732503377 -51.08268837,-6.88713730033779 -51.0824791,-6.88730108033783 -51.08207874,-6.8871464003378 -51.08186037,-6.88695532033775 -51.08179373,-6.88687758033774 -51.08169659,-6.88676424033772 -51.0816459,-6.88674319033771 -51.08110515,-6.88651857033766 -51.08079579,-6.88630929033762 -51.08038634,-6.88630019033762 -51.07997688,-6.88634569033763 -51.07965842,-6.88595216033755 -51.07933086,-6.88586117033753 -51.07900329,-6.88607272033757 -51.07889019,-6.88600760033756 -51.07870303,-6.88589984033754 -51.07849375,-6.88562687033748 -51.07800241,-6.88558137033747 -51.07760205,-6.88586344033753 -51.07743827,-6.88617281033759 -51.07742007,-6.88666415033769 -51.07691053,-6.88703721033777 -51.07649198,-6.88722829033781 -51.0762554,-6.88751945033787 -51.07558208,-6.88795620033796 -51.07519992,-6.888138180338 -51.07495425,-6.8886295303381 -51.07470858,-6.88878421033814 -51.07420814,-6.88872052033812 -51.07393517,-6.88884790033815 -51.07370769,-6.88931195033824 -51.07381688,-6.88975780033834 -51.07360761,-6.89012176033841 -51.07297068,-6.89047662033849 -51.07253393,-6.89068589033853 -51.07229702,-6.89080209033856 -51.07208474,-6.89075808033855 -51.0719335,-6.89072673033854 -51.07168967,-6.89072230033854 -51.07165317,-6.89074595033854 -51.07145027,-6.89087746033857 -51.07123304,-6.89090849033858 -51.07098478,-6.89087746033857 -51.07064342,-6.89094839033859 -51.070614,-6.89104470033861 -51.07054589,-6.89126758033866 -51.07058579,-6.89160008033872 -51.07057766,-6.89177359033876 -51.07057249,-6.89188380033878 -51.0703597,-6.89206557033882 -51.07009875,-6.89223240033886 -51.07008927,-6.89223846033886 -51.06993162,-6.89248749033891 -51.06970415,-6.89325180033907 -51.06939478,-6.89375225033918 -51.06915821,-6.8938705303392 -51.06889434,-6.89370675033916 -51.06883499,-6.89366289033916 -51.06868506,-6.89355207033913 -51.06855974,-6.89355966033913 -51.06852969,-6.89356149033913 -51.0683848,-6.89357027033913 -51.06816642,-6.89378864033918 -51.06809363,-6.89411620033925 -51.06804814,-6.89468034033937 -51.06800041,-6.89488714033941 -51.06793895,-6.89515349033946 -51.06789345,-6.89542646033952 -51.06757499,-6.89552654033954 -51.06725653,-6.89547195033953 -51.06688347,-6.89557204033955 -51.06653771,-6.89541736033952 -51.06612826,-6.89520808033948 -51.06558232,-6.89504430033944 -51.06535484,-6.89518078033947 -51.06505458,-6.89550835033954 -51.06488021,-6.89570526033958 -51.06459205,-6.89594465033963 -51.06429946,-6.89617518033968 -51.06416646,-6.89634364033971 -51.06393593,-6.89644561033974 -51.063732,-6.89642787033973 -51.06356354,-6.8962549803397 -51.06344828,-6.89609981033966 -51.06339859,-6.89607655033966 -51.06323991,-6.89600228033964 -51.06298722,-6.89605991033965 -51.06298639,-6.89606028033966 -51.06278772,-6.89614858033967 -51.06218791,-6.89620993033969 -51.06182859,-6.89574444033959 -51.06164893,-6.89529529033949 -51.06095479,-6.89507480033945 -51.06043214,-6.89515646033947 -51.06023615,-6.89570361033958 -51.06012413,-6.89575100033959 -51.06002382,-6.8957934403396 -51.05975909,-6.8957769003396 -51.05950117,-6.89576078033959 -51.0592286,-6.89565079033957 -51.05903569,-6.89557295033955 -51.0587399,-6.89545375033953 -51.05802108,-6.89548105033953 -51.05754793,-6.89558114033955 -51.05717487,-6.89573582033959 -51.0569019,-6.89619077033968 -51.05671992,-6.89652743033975 -51.0560557,-6.89680040033981 -51.05551886,-6.89686409033982 -51.05489103,-6.89720075033989 -51.05455077,-6.89739432033993 -51.05432467,-6.89746968033995 -51.05417521,-6.89740830033994 -51.05407641,-6.89736772033993 -51.05377938,-6.89728349033991 -51.05350452,-6.89736329033993 -51.05326513,-6.89756722033997 -51.05320306,-6.89777558034001 -51.05319852,-6.89781642034002 -51.05315873,-6.8981745703401 -51.05299027,-6.89839180034014 -51.0526816,-6.8986721203402 -51.05255581,-6.89878636034022 -51.05249802,-6.89884044034024 -51.05221002,-6.89910998034029 -51.05182432,-6.89934938034034 -51.05153173,-6.89950897034038 -51.05130634,-6.89970525034042 -51.05129814,-6.89972287034042 -51.05105516,-6.90024489034053 -51.05087783,-6.90069708034062 -51.05074483,-6.90099854034069 -51.05084236,-6.90130000034075 -51.05087896,-6.90138395034077 -51.05099309,-6.90164580034082 -51.0506739,-6.90182313034086 -51.05031924,-6.90166353034083 -51.05009133,-6.90151139034079 -51.04980926,-6.90182075034086 -51.04961818,-6.90223021034094 -51.04937251,-6.90243039034099 -51.04887207,-6.90257597034102 -51.04852631,-6.9029854203411 -51.04833523,-6.90342217034119 -51.04831542,-6.90386242034129 -51.04827108,-6.90407078034133 -51.04812479,-6.90422594034136 -51.04793416,-6.90426584034137 -51.04772617,-6.90435058034139 -51.04769476,-6.90436337034139 -51.04755446,-6.90481519034149 -51.04748026,-6.90505411034154 -51.04747265,-6.90531312034159 -51.04747082,-6.9053752603416 -51.04746393,-6.90560943034165 -51.04751608,-6.90567590034166 -51.04788042,-6.90614024034176 -51.0481989,-6.90660573034186 -51.04850106,-6.90712837034197 -51.0484684,-6.90783885034212 -51.04835407,-6.90825533034221 -51.04806908,-6.90861313034229 -51.04778242,-6.90886781034234 -51.04741493,-6.90918630034241 -51.04712911,-6.90957829034249 -51.04645947,-6.90986411034255 -51.04600215,-6.90992944034256 -51.04542234,-6.91020710034262 -51.04489152,-6.91027243034263 -51.04427904,-6.91048476034268 -51.04389991,-6.91065857034271 -51.04360732,-6.91070290034272 -51.04345511,-6.91070290034272 -51.04327039,-6.91070290034272 -51.04292362,-6.91089242034276 -51.04254146,-6.91077414034274 -51.0422048,-6.91084693034275 -51.04180444,-6.91129278034284 -51.04156787,-6.91178412034295 -51.04121211,-6.91214435034302 -51.04067671,-6.91268852034314 -51.0401852,-6.91279384034316 -51.04001844,-6.91342578034329 -51.04004477,-6.91389096034339 -51.039957,-6.91457557034354 -51.03975513,-6.91507585034364 -51.03970247,-6.91541815034371 -51.03970247,-6.9158306703438 -51.03905298,-6.91618175034387 -51.03855269,-6.9162782903439 -51.03738536,-6.91626074034389 -51.03692018,-6.91689268034402 -51.03629701,-6.91705944034406 -51.03594117,-6.91690353034403 -51.03548953,-6.91714721034408 -51.0351604,-6.91743466034414 -51.03478299,-6.91777696034421 -51.03430903,-6.91809293034428 -51.0338263,-6.91861077034438 -51.03326458,-6.91905839034448 -51.03275029,-6.91956396034458 -51.03274674,-6.91956746034459 -51.03229911,-6.9201028503447 -51.0315794,-6.92028717034474 -51.03111422,-6.92031350034474 -51.03071554,-6.92029072034474 -51.03049984,-6.92027839034474 -51.03006099,-6.92041004034476 -51.02970245,-6.92080250034485 -51.0294115,-6.92112098034491 -51.02900776,-6.921551050345 -51.02861593,-6.92161961034502 -51.02748897,-6.92132562034496 -51.02706432,-6.92111330034491 -51.026558,-6.92044365034477 -51.02625179,-6.92014674034471 -51.02618804,-6.92016002034471 -51.02561985,-6.92027839034474 -51.02513712,-6.92027839034474 -51.02478301,-6.92015725034471 -51.02447007,-6.92005019034469 -51.02380302,-6.91988343034465 -51.02345195,-6.91990976034466 -51.02280245,-6.92003263034468 -51.0223636,-6.91987904034465 -51.02186332,-6.91974738034463 -51.02190631,-6.9196184003446 -51.02192914,-6.91954990034458 -51.0218326,-6.91941825034455 -51.0216044,-6.91940069034455 -51.02114361,-6.91932170034453 -51.02104706,-6.91896624034446 -51.02054678,-6.91895307034446 -51.02029224,-6.91909350034449 -51.02019329,-6.9191814603445 -51.02017375,-6.91919882034451 -51.0200421,-6.91938314034455 -51.01982707,-6.9196376703446 -51.01962958,-6.91986148034465 -51.01930045,-6.91979127034463 -51.01883966,-6.91945336034456 -51.01866851,-6.9191549403445 -51.018708,-6.91881703034443 -51.01849777,-6.91877949034442 -51.01846225,-6.91877314034442 -51.01828671,-6.91896624034446 -51.0182307,-6.91902575034447 -51.01807606,-6.91919005034451 -51.01781275,-6.91932609034453 -51.01732563,-6.91966400034461 -51.01702722,-6.91985710034465 -51.01670247,-6.9200940703447 -51.01635139,-6.92005458034469 -51.01599593,-6.91997558034467 -51.01562731,-6.92008025034469 -51.01546931,-6.92038371034476 -51.01529816,-6.9205855803448 -51.01517528,-6.92076990034484 -51.015142,-6.92076111034483 -51.01494269,-6.92070846034483 -51.01482859,-6.92076990034484 -51.01478738,-6.92085820034486 -51.01473643,-6.92096738034488 -51.01457845,-6.92111220034491 -51.01445338,-6.92147864034499 -51.01411985,-6.92176389034505 -51.01407279,-6.92175177034505 -51.01383021,-6.92168928034503 -51.01379949,-6.9220140303451 -51.0136912,-6.92219832034514 -51.01354935,-6.92243971034519 -51.01315384,-6.92257034034522 -51.01307101,-6.92259770034522 -51.01303256,-6.92265430034524 -51.01291302,-6.92283029034527 -51.01257511,-6.92301022034531 -51.01235569,-6.92314626034534 -51.01225036,-6.92333057034538 -51.01190367,-6.92352367034542 -51.01181665,-6.92358133034543 -51.01153943,-6.92376503034547 -51.01165792,-6.92398446034551 -51.01184223,-6.92421705034557 -51.01153065,-6.92455935034564 -51.01147653,-6.92472903034567 -51.01118981,-6.92488702034571 -51.01082118,-6.92462371034565 -51.01028871,-6.92454179034563 -51.00992593,-6.92433700034559 -51.00927644,-6.92433115034559 -51.00883174,-6.92438966034561 -51.00861524,-6.92454179034563 -51.00818225,-6.92467637034566 -51.00786042,-6.92518544034577 -51.00749764,-6.92537853034581 -51.00718167,-6.92551896034584 -51.00695932,-6.92547215034583 -51.00681304,-6.92568865034588 -51.0063976,-6.92596951034594 -51.00591194,-6.92567109034587 -51.00530341,-6.9258115303459 -51.00489967,-6.92596366034593 -51.00425017,-6.92604558034595 -51.00390494,-6.92643176034603 -51.00339003,-6.92715147034619 -51.00320279,-6.92765469034629 -51.00331981,-6.92813449034639 -51.00338418,-6.92832173034643 -51.00290437,-6.92881909034654 -51.00245967,-6.92929890034664 -51.00233094,-6.9295900003467 -51.00217296,-6.93009907034681 -51.00184529,-6.93020439034683 -51.00159368,-6.93011077034681 -51.00136548,-6.93011662034681 -51.00116654,-6.93027460034684 -51.00091745,-6.93022587034683 -51.00089738,-6.93022194034683 -51.00087058,-6.93020855034683 -51.00059311,-6.9300698103468 -51.00023618,-6.93023950034684 -50.99970371,-6.93045600034688 -50.99962142,-6.93050955034689 -50.99933508,-6.93069590034693 -50.99870314,-6.93103527034701 -50.99829647,-6.93130443034706 -50.99762942,-6.93180765034717 -50.99721398,-6.93206510034722 -50.99671662,-6.93186031034718 -50.99650598,-6.93207095034722 -50.99621341,-6.9324454403473 -50.99580967,-6.93249225034731 -50.99585063,-6.93229330034727 -50.9961549,-6.9319831803472 -50.99581552,-6.9319714803472 -50.99533316,-6.93205359034722 -50.9952655,-6.93206510034722 -50.99483571,-6.93228082034727 -50.99444632,-6.93268973034735 -50.99414205,-6.93312858034745 -50.99374416,-6.93326316034748 -50.99331702,-6.93333922034749 -50.99306541,-6.93301155034742 -50.99289211,-6.93280347034738 -50.99272018,-6.93258441034733 -50.99254464,-6.93222163034726 -50.99205314,-6.93201098034721 -50.9916728,-6.93232695034728 -50.99137438,-6.93230939034728 -50.99098235,-6.93206364034722 -50.99066638,-6.93209290034723 -50.99065187,-6.93209583034723 -50.9900871,-6.93220992034725 -50.9898992,-6.93216422034724 -50.9898706,-6.93215726034724 -50.98952537,-6.93187640034718 -50.989186,-6.93173597034715 -50.98889343,-6.93191736034719 -50.98883492,-6.93225673034726 -50.98863012,-6.9324205703473 -50.98826734,-6.93229769034727 -50.98800404,-6.93200513034721 -50.98740723,-6.93202416034721 -50.98688982,-6.93211137034723 -50.98602419,-6.93203787034722 -50.98555527,-6.93188225034718 -50.98540313,-6.93163650034713 -50.98530366,-6.93113328034702 -50.98512227,-6.93090508034698 -50.98483381,-6.93065936034692 -50.9848063,-6.93063592034692 -50.98475253,-6.93071956034694 -50.98470098,-6.93079976034696 -50.98448448,-6.93108062034701 -50.98436607,-6.931028000347 -50.98416851,-6.93094019034699 -50.98383237,-6.93082814034696 -50.98379988,-6.93081731034696 -50.98371169,-6.93081213034696 -50.98350146,-6.93079976034696 -50.98347846,-6.93086053034697 -50.98341954,-6.931016260347 -50.98324985,-6.93123861034705 -50.98316963,-6.93123262034705 -50.98285782,-6.93120935034704 -50.98253599,-6.93123861034705 -50.98221417,-6.93146096034709 -50.98193916,-6.93176522034716 -50.98153464,-6.93174336034715 -50.98150617,-6.93174182034716 -50.9811902,-6.9319583203472 -50.98108353,-6.93204603034722 -50.98110803,-6.93249519034731 -50.98081404,-6.93312400034745 -50.98075687,-6.93376097034758 -50.98058538,-6.93437345034771 -50.98037305,-6.93462661034776 -50.97983407,-6.93461844034776 -50.97938084,-6.93425300034768 -50.97858053,-6.93350986034753 -50.97833554,-6.93300354034742 -50.97839913,-6.93271899034736 -50.97841129,-6.93270399034736 -50.97865073,-6.9324088703473 -50.9784986,-6.93210460034723 -50.97855711,-6.93183544034717 -50.97839913,-6.93169501034714 -50.97808316,-6.93172426034715 -50.97795443,-6.93151947034711 -50.97770282,-6.93138489034708 -50.97736345,-6.93134393034707 -50.97710014,-6.931033810347 -50.97698896,-6.93063007034692 -50.97648177,-6.93038214034687 -50.97591013,-6.93008815034681 -50.97549688,-6.92999228034678 -50.97528623,-6.9300507903468 -50.97505218,-6.93029070034685 -50.97460748,-6.93047209034689 -50.97427396,-6.93044868034688 -50.97442609,-6.92998643034678 -50.97416864,-6.92994547034677 -50.97414465,-6.92997863034678 -50.97396969,-6.93022048034683 -50.97372394,-6.93047209034689 -50.97339626,-6.93026729034684 -50.97317977,-6.93023803034684 -50.97314002,-6.93027574034684 -50.97295156,-6.93045453034688 -50.97298082,-6.93017367034682 -50.97303933,-6.92943641034667 -50.97301923,-6.92885502034654 -50.97234142,-6.92855287034648 -50.97159828,-6.92854470034648 -50.97140808,-6.92872204034652 -50.9710838,-6.92905918034659 -50.97069998,-6.92968799034672 -50.97044682,-6.92999015034678 -50.96958118,-6.93019431034683 -50.96931169,-6.93065163034692 -50.96909937,-6.93150910034711 -50.96878088,-6.93188475034719 -50.96854405,-6.93222774034726 -50.9680704,-6.93267689034735 -50.96777641,-6.9328973803474 -50.96749059,-6.9328810503474 -50.96737424,-6.9329189903474 -50.96681666,-6.93310081034744 -50.96673928,-6.93312604034745 -50.96616764,-6.93346903034752 -50.96559599,-6.93418767034767 -50.96544355,-6.93442805034772 -50.96517134,-6.93485731034781 -50.96446903,-6.93523296034789 -50.96402489,-6.93524380034789 -50.96379939,-6.9352493003479 -50.96329307,-6.93537996034792 -50.96263976,-6.93595161034804 -50.96265584,-6.93625716034811 -50.96267243,-6.93657225034818 -50.96291742,-6.93688257034824 -50.96231311,-6.93719289034831 -50.96229637,-6.93721088034831 -50.96187212,-6.93766654034841 -50.96178036,-6.93803360034848 -50.96177413,-6.93805853034849 -50.96159447,-6.93848318034858 -50.96095749,-6.93866284034862 -50.9605655,-6.93887517034866 -50.95971694,-6.93901309034869 -50.95944009,-6.93976455034885 -50.95771569,-6.94146523034921 -50.95747044,-6.94201106034933 -50.95745411,-6.94258270034945 -50.95722545,-6.94297469034953 -50.9567763,-6.94321968034958 -50.95634348,-6.9432686803496 -50.9558535,-6.94321968034959 -50.95540293,-6.94318502034958 -50.95489804,-6.94314618034957 -50.95430189,-6.9432686803496 -50.95368941,-6.94357900034966 -50.95319126,-6.94370150034969 -50.95283194,-6.94419148034979 -50.95243996,-6.94445280034985 -50.95170498,-6.94466513034989 -50.95149266,-6.94487746034994 -50.95150275,-6.94498849034996 -50.95159065,-6.94595542035016 -50.95156249,-6.9461043003502 -50.95147632,-6.94655973035029 -50.95147632,-6.94718038035042 -50.95145999,-6.94768669035053 -50.95150428,-6.94834464035067 -50.95156078,-6.94856550035072 -50.95156554,-6.94859913035073 -50.9515776,-6.9489490603508 -50.95157674,-6.94897246035081 -50.95157259,-6.94899503035081 -50.95156535,-6.94901572035082 -50.95155535,-6.94903357035082 -50.95154306,-6.94904774035082 -50.95152906,-6.94905757035082 -50.95151399,-6.94906261035083 -50.95149856,-6.94906261035083 -50.94937823,-6.94871324035075 -50.94910785,-6.94870814035075 -50.94904898,-6.94889834035079 -50.94903981,-6.9489205303508 -50.94902741,-6.9489387303508 -50.94901249,-6.9489518903508 -50.94899594,-6.9489592403508 -50.9488994,-6.94898337035081 -50.94887863,-6.94898391035081 -50.94851701,-6.94891277035079 -50.94829459,-6.94893033035079 -50.94804157,-6.9489544303508 -50.94802426,-6.9489528803508 -50.94800771,-6.9489450303508 -50.94762359,-6.94868164035075 -50.94758705,-6.94872274035075 -50.94757923,-6.94888306035079 -50.94780072,-6.94938284035089 -50.94780167,-6.94938502035089 -50.94807317,-6.95003058035103 -50.94807975,-6.95005048035103 -50.94808352,-6.95007199035104 -50.94812575,-6.95047623035112 -50.94812647,-6.95050055035113 -50.9481236,-6.95052450035114 -50.94801473,-6.95107406035125 -50.94808234,-6.95112188035126 -50.94809884,-6.95113809035126 -50.94827381,-6.95136735035132 -50.94828535,-6.95138660035132 -50.94829354,-6.95140948035132 -50.94829791,-6.95143466035133 -50.9482982,-6.95146070035134 -50.94829101,-6.95156617035136 -50.94836588,-6.95184157035142 -50.94842407,-6.95197363035144 -50.94858846,-6.95202500035146 -50.94860345,-6.95203238035146 -50.94861701,-6.95204457035146 -50.94870148,-6.95214111035148 -50.94871223,-6.95215626035148 -50.94872072,-6.95217444035149 -50.94872659,-6.95219486035149 -50.94872959,-6.9522166803515 -50.94872959,-6.9522389603515 -50.94872659,-6.9522607803515 -50.94867531,-6.95250513035155 -50.94866969,-6.95252487035156 -50.94866162,-6.95254254035156 -50.94865142,-6.95255744035157 -50.94863948,-6.95256900035157 -50.94843133,-6.9527288803516 -50.94842488,-6.95273325035161 -50.94797841,-6.95299570035166 -50.94796139,-6.95300219035166 -50.94778135,-6.95303595035167 -50.9476074,-6.9531756303517 -50.94758056,-6.95322796035171 -50.94760062,-6.95331367035173 -50.94760424,-6.95333706035174 -50.94760438,-6.95336109035174 -50.94760103,-6.95338457035174 -50.94759436,-6.95340636035175 -50.947528,-6.95357228035178 -50.94751807,-6.95359172035179 -50.94750552,-6.95360726035179 -50.94749099,-6.9536181103518 -50.94738679,-6.95367468035181 -50.94718635,-6.95379780035183 -50.94704652,-6.95396453035187 -50.94695033,-6.95418521035191 -50.94694243,-6.95420023035192 -50.94667696,-6.95462257035201 -50.94666724,-6.95463547035201 -50.94665615,-6.95464550035201 -50.94626552,-6.95492960035207 -50.94590401,-6.95537408035217 -50.94589796,-6.95538075035217 -50.94546356,-6.95580911035226 -50.94544899,-6.95582013035226 -50.94520845,-6.95595242035229 -50.94468579,-6.95626126035236 -50.94448128,-6.9564716103524 -50.9444679,-6.95648243035241 -50.94445333,-6.95648871035241 -50.94432296,-6.95652272035241 -50.94357736,-6.95701183035252 -50.94339369,-6.95713984035254 -50.94323512,-6.9574286603526 -50.94322645,-6.95744195035261 -50.9432164,-6.95745277035261 -50.94283026,-6.95779667035268 -50.94282539,-6.95780064035269 -50.94254785,-6.95800577035273 -50.94253125,-6.95801440035273 -50.94213305,-6.95814110035276 -50.94212241,-6.95814323035276 -50.94162861,-6.95818539035277 -50.9406642,-6.95830594035279 -50.94066169,-6.95830619035279 -50.94016736,-6.9583414903528 -50.94002903,-6.95842859035282 -50.93980374,-6.95876942035289 -50.93979036,-6.95878532035289 -50.93977489,-6.9587959803529 -50.93970642,-6.9588289003529 -50.93963552,-6.95890213035292 -50.93962492,-6.95892793035293 -50.93965365,-6.95910030035296 -50.93965582,-6.95912512035297 -50.93965419,-6.95915005035297 -50.93964884,-6.95917374035298 -50.93964006,-6.95919493035298 -50.9395188,-6.95942398035303 -50.93942927,-6.95960802035307 -50.93943444,-6.95965286035308 -50.93950824,-6.95968606035309 -50.93970275,-6.9597332203531 -50.93971679,-6.9597388903531 -50.93972978,-6.9597487603531 -50.93974118,-6.9597624203531 -50.93975053,-6.95977929035311 -50.9398177,-6.95992913035314 -50.94004229,-6.96008420035317 -50.94024675,-6.96011649035318 -50.94033648,-6.96007954035317 -50.9403368,-6.96007941035317 -50.94062036,-6.95996478035315 -50.9406361,-6.95996120035315 -50.94065196,-6.95996301035315 -50.94066717,-6.95997010035314 -50.94068097,-6.95998213035315 -50.94069267,-6.95999850035315 -50.94076507,-6.96012520035318 -50.94077424,-6.96014551035319 -50.94078015,-6.96016844035319 -50.94078252,-6.9601928003532 -50.9407812,-6.9602173503532 -50.94077628,-6.9602408103532 -50.940768,-6.96026198035321 -50.9407568,-6.96027977035321 -50.94064216,-6.96042457035324 -50.94063123,-6.96043596035325 -50.94061909,-6.96044407035325 -50.94017256,-6.9606703203533 -50.93993675,-6.96086486035334 -50.93992295,-6.96087354035334 -50.93990827,-6.96087768035334 -50.93989334,-6.96087708035334 -50.93984256,-6.96086693035334 -50.93937825,-6.96096438035336 -50.93922142,-6.96111075035339 -50.93908489,-6.96138381035345 -50.93856781,-6.96243601035367 -50.93843048,-6.96276439035374 -50.93842791,-6.96277014035374 -50.93821071,-6.96322264035384 -50.93820369,-6.96323514035384 -50.93790806,-6.96368764035394 -50.93790242,-6.96369539035394 -50.93774857,-6.96388544035398 -50.93773701,-6.96389709035398 -50.93772419,-6.96390511035399 -50.9375041,-6.96400624035401 -50.9370667,-6.96427587035407 -50.93706608,-6.96427624035407 -50.93690182,-6.96437480035409 -50.93678594,-6.96458338035413 -50.93681706,-6.96477897035417 -50.93694402,-6.96509637035424 -50.93695119,-6.96512052035425 -50.93695429,-6.96514659035425 -50.93695314,-6.96517303035426 -50.93694781,-6.96519826035426 -50.93690558,-6.96533703035429 -50.93689841,-6.9653555203543 -50.93688898,-6.9653715103543 -50.93675022,-6.96556457035434 -50.93674273,-6.96557366035434 -50.93652553,-6.96580293035439 -50.93652318,-6.96580531035439 -50.93633011,-6.96599234035443 -50.93631799,-6.96600175035443 -50.93630492,-6.96600749035444 -50.93593171,-6.96611412035446 -50.93569427,-6.96625890035449 -50.93534443,-6.96653878035455 -50.93514052,-6.96683590035461 -50.93512543,-6.96685272035462 -50.93440143,-6.96745605035475 -50.93439894,-6.96745803035475 -50.93388192,-6.96784953035483 -50.9336376,-6.96811130035489 -50.93330485,-6.96860449035499 -50.93292876,-6.96920924035512 -50.93291801,-6.96922339035512 -50.93258014,-6.9695853903552 -50.93256522,-6.9695976403552 -50.93246574,-6.96965733035522 -50.93233337,-6.96996619035528 -50.93232199,-6.96998668035529 -50.93230765,-6.97000230035529 -50.93229123,-6.97001210035529 -50.93209114,-6.97008991035531 -50.93168454,-6.97055935035541 -50.93142562,-6.9709981903555 -50.93122813,-6.97122640035555 -50.93103065,-6.97133611035557 -50.93087934,-6.97148742035561 -50.93086389,-6.97150287035561 -50.93074101,-6.97178373035567 -50.93047332,-6.97203387035573 -50.93040048,-6.97206005035573 -50.93019245,-6.97213481035575 -50.92984138,-6.97227963035578 -50.92945546,-6.97258299035584 -50.92924246,-6.97277824035589 -50.9292297,-6.97278746035589 -50.929216,-6.97279268035589 -50.92899181,-6.9728429703559 -50.92891741,-6.97289877035591 -50.92890167,-6.97290727035591 -50.92859779,-6.97301246035593 -50.92819237,-6.97335325035601 -50.92795902,-6.97358061035606 -50.92794512,-6.97359111035606 -50.92774299,-6.97370407035608 -50.92756954,-6.97382874035611 -50.92743516,-6.97411362035617 -50.92736007,-6.97442551035624 -50.92735468,-6.97444293035624 -50.92734735,-6.97445863035624 -50.92720859,-6.9747059903563 -50.92720279,-6.9747151803563 -50.92699615,-6.97500628035636 -50.9269842,-6.97501989035637 -50.92672477,-6.97525518035641 -50.92671952,-6.97525950035641 -50.92611449,-6.97570878035651 -50.92577205,-6.97605693035659 -50.92564174,-6.97644787035667 -50.92563665,-6.97646081035667 -50.92541023,-6.97695538035678 -50.92524354,-6.97745544035689 -50.92523577,-6.97747386035689 -50.92522573,-6.97748953035689 -50.9249844,-6.97779723035696 -50.92497796,-6.97780455035696 -50.92352087,-6.97898858035722 -50.92341514,-6.97917991035726 -50.9233426,-6.97950912035733 -50.92328318,-6.97999638035743 -50.92327511,-6.98003007035744 -50.9230467,-6.98064316035757 -50.92272168,-6.98162423035778 -50.92271473,-6.98164115035778 -50.92270586,-6.98165584035779 -50.92239364,-6.98208588035788 -50.92218177,-6.98260966035799 -50.92216884,-6.982633300358 -50.92197581,-6.98289872035806 -50.92176269,-6.98319248035812 -50.92163069,-6.98359997035821 -50.92152277,-6.98397769035829 -50.92151632,-6.98399548035829 -50.92141375,-6.98422475035834 -50.9214079,-6.98423613035834 -50.9212088,-6.98457399035841 -50.92119884,-6.98458796035842 -50.92061964,-6.98525766035856 -50.92061442,-6.98526316035856 -50.92042276,-6.9854463603586 -50.92025035,-6.98585438035869 -50.92024839,-6.98585878035869 -50.92008549,-6.98620570035877 -50.92007677,-6.98622102035877 -50.92006633,-6.98623361035877 -50.91980586,-6.98649130035883 -50.91977063,-6.98669514035887 -50.91976383,-6.98672071035888 -50.919753,-6.98674285035888 -50.91973885,-6.98676012035888 -50.91960913,-6.98688079035891 -50.91960675,-6.98688290035891 -50.91931396,-6.98713221035897 -50.9192089,-6.98732851035901 -50.91892323,-6.98791187035913 -50.91892015,-6.98791774035913 -50.91881456,-6.98810477035917 -50.91880077,-6.98812359035918 -50.91859284,-6.98834043035922 -50.91838236,-6.98861613035928 -50.91829085,-6.98874263035931 -50.91823052,-6.98893460035935 -50.91821786,-6.98896257035936 -50.91806702,-6.98920390035941 -50.91805302,-6.98922126035941 -50.9180366,-6.98923272035942 -50.91793905,-6.98927917035943 -50.91787414,-6.98947889035947 -50.91786697,-6.98949648035947 -50.91785774,-6.98951169035948 -50.91784677,-6.98952396035948 -50.91778157,-6.98958324035949 -50.9176673,-6.98969623035952 -50.91763313,-6.98984392035955 -50.91762403,-6.98987065035955 -50.91761046,-6.98989255035956 -50.91754862,-6.98996797035957 -50.9175338,-6.98998189035958 -50.91723213,-6.99019306035962 -50.91722458,-6.99019758035963 -50.91693232,-6.99034371035966 -50.91690298,-6.99047206035968 -50.91693839,-6.99066428035972 -50.91706078,-6.99116549035983 -50.91727853,-6.99163042035993 -50.91728668,-6.99165315035994 -50.91729106,-6.99167817035994 -50.91729141,-6.99170406035995 -50.91728772,-6.99172933035995 -50.91728019,-6.99175256035996 -50.91720471,-6.99192867036 -50.91721243,-6.99200200036001 -50.91721319,-6.99202585036002 -50.9172105,-6.99204938036003 -50.91720449,-6.99207144036003 -50.91719544,-6.99209097036003 -50.91718381,-6.99210702036003 -50.91717015,-6.99211881036004 -50.91715512,-6.99212578036004 -50.91685949,-6.99221024036006 -50.91684119,-6.99221184036006 -50.91625675,-6.99214818036004 -50.91617327,-6.99223529036006 -50.91616603,-6.99224192036007 -50.91592017,-6.99243800036011 -50.91590723,-6.99244598036011 -50.9158935,-6.99244998036011 -50.91575938,-6.99246864036011 -50.9157531,-6.99248749036012 -50.91575158,-6.99249179036012 -50.91563393,-6.99280854036019 -50.91562996,-6.99281805036019 -50.91554648,-6.99299660036023 -50.91559534,-6.99314129036026 -50.91589647,-6.99339981036031 -50.91590872,-6.99341309036032 -50.91591886,-6.99342998036032 -50.91592645,-6.99344972036033 -50.91593115,-6.99347145036033 -50.91593275,-6.99349418036034 -50.91593118,-6.99351692036034 -50.91590705,-6.99368887036038 -50.9158995,-6.99371930036038 -50.91578486,-6.99403002036045 -50.9157814,-6.99403847036045 -50.915709,-6.99419835036048 -50.91569935,-6.99421553036049 -50.91568756,-6.99422929036049 -50.91567416,-6.99423905036049 -50.91552936,-6.99431748036051 -50.91551564,-6.99432265036051 -50.91531051,-6.99436790036052 -50.91530468,-6.99436882036052 -50.91498491,-6.99439899036053 -50.91497051,-6.99439813036053 -50.91495651,-6.99439290036053 -50.91446134,-6.99412468036047 -50.91431565,-6.99412468036047 -50.91387099,-6.99421719036049 -50.91384971,-6.99421676036049 -50.91371698,-6.99418357036048 -50.91370102,-6.99417661036048 -50.91368656,-6.99416424036048 -50.91367436,-6.99414713036048 -50.91362246,-6.99405512036046 -50.91304206,-6.99382182036041 -50.91292044,-6.99384562036041 -50.91269656,-6.99392194036043 -50.91267667,-6.99400649036045 -50.91265033,-6.99445125036054 -50.91264536,-6.99448240036055 -50.91258804,-6.99469658036059 -50.91258178,-6.9947148203606 -50.91257336,-6.9947309303606 -50.91256309,-6.9947443403606 -50.91231572,-6.99500981036066 -50.91230055,-6.99502222036067 -50.91207732,-6.99515495036069 -50.91206429,-6.99516060036069 -50.91160737,-6.99528902036072 -50.91134336,-6.99541954036075 -50.91132963,-6.99542412036075 -50.91131557,-6.99542452036075 -50.91109479,-6.99539766036075 -50.91091625,-6.99539469036074 -50.91090829,-6.99539388036075 -50.91057043,-6.99533053036073 -50.91055311,-6.99532386036073 -50.91053743,-6.99531087036073 -50.91047408,-6.99524148036071 -50.91046156,-6.99522397036071 -50.91045212,-6.9952024603607 -50.9104463,-6.9951781603607 -50.91042216,-6.99502129036066 -50.9104203,-6.99499852036066 -50.91042163,-6.99497566036065 -50.91042609,-6.99495374036065 -50.91043349,-6.99493373036064 -50.91044348,-6.99491654036064 -50.91045564,-6.99490292036064 -50.91050221,-6.99486153036063 -50.91056436,-6.99476831036061 -50.91054713,-6.99464874036058 -50.91054563,-6.99463254036058 -50.91054388,-6.99459155036057 -50.91051176,-6.99459633036057 -50.91044185,-6.99467607036059 -50.91036614,-6.99485994036063 -50.91021374,-6.99531712036073 -50.91020374,-6.99533962036073 -50.91017428,-6.99539067036074 -50.91016428,-6.99560067036079 -50.91018211,-6.99606419036089 -50.91018221,-6.99607346036089 -50.91017617,-6.99641133036096 -50.9101755,-6.99642351036097 -50.91014534,-6.99674931036103 -50.91014211,-6.99676967036104 -50.91013637,-6.99678870036104 -50.9099795,-6.99719897036113 -50.90997785,-6.99720307036113 -50.90983003,-6.99755300036121 -50.90982179,-6.99756900036121 -50.90981172,-6.99758239036122 -50.90980019,-6.99759268036122 -50.90968556,-6.99767413036124 -50.90967056,-6.99768184036124 -50.90965481,-6.99768434036124 -50.909383,-6.99768139036124 -50.90910508,-6.99774643036125 -50.9090924,-6.99774766036125 -50.90907977,-6.99774545036125 -50.90882121,-6.99766427036124 -50.9085212,-6.99758192036122 -50.90811483,-6.99759082036122 -50.90810084,-6.99758902036122 -50.90808735,-6.99758311036121 -50.9079878,-6.9975227803612 -50.90797474,-6.9975123603612 -50.90796335,-6.9974980803612 -50.90795415,-6.99748055036119 -50.90794751,-6.99746052036119 -50.90791432,-6.99732779036116 -50.90791019,-6.99730235036116 -50.90791019,-6.99727615036115 -50.90791432,-6.99725071036115 -50.90794246,-6.99713816036112 -50.90793012,-6.9970655103611 -50.90782739,-6.99700470036109 -50.90772827,-6.99699810036109 -50.90763559,-6.99710004036111 -50.90747106,-6.99741265036118 -50.90742636,-6.99772274036125 -50.90741976,-6.99775017036125 -50.90724479,-6.99825395036136 -50.90723448,-6.99827629036137 -50.90684835,-6.99892186036151 -50.90683959,-6.99893424036151 -50.90670598,-6.99909354036154 -50.90669041,-6.99928930036159 -50.90674826,-6.99953997036164 -50.90675185,-6.99956394036164 -50.9067518,-6.99958853036165 -50.9067481,-6.99961246036165 -50.90674096,-6.99963452036166 -50.90659768,-6.99989801036172 -50.90658169,-6.99989777036171 -50.90656614,-6.99989213036171 -50.90655181,-6.99988137036171 -50.90548525,-7.00057746036186 -50.90481289,-7.00100856036196 -50.90462081,-7.00116403036199 -50.90463068,-7.0016527903621 -50.9046603,-7.00199838036217 -50.90459855,-7.0021431103622 -50.90450232,-7.00236866036225 -50.90442826,-7.00268957036232 -50.90430484,-7.00293642036237 -50.9041071,-7.00311918036241 -50.90397899,-7.00323758036244 -50.90355441,-7.00357330036251 -50.903547,-7.00409416036262 -50.90336433,-7.00441506036269 -50.90299405,-7.00476559036277 -50.9026139,-7.00546665036292 -50.90240655,-7.005856680363 -50.90201652,-7.00632076036311 -50.90186101,-7.0067428803632 -50.90178695,-7.0072464503633 -50.90173758,-7.00755749036337 -50.90160922,-7.00793270036345 -50.90137224,-7.00810550036349 -50.9011007,-7.00822892036352 -50.90098962,-7.00842517036356 -50.90108342,-7.00868683036362 -50.90127003,-7.00874172036363 -50.90142901,-7.00896824036368 -50.9012266,-7.00916573036372 -50.90100574,-7.00919422036373 -50.9009205,-7.00920522036373 -50.90035768,-7.00916573036372 -50.90004171,-7.00910154036371 -50.89984916,-7.00911635036371 -50.89968624,-7.00921510036373 -50.89939989,-7.00923484036373 -50.89914317,-7.00929903036375 -50.89898518,-7.0095557503638 -50.89862478,-7.00962981036382 -50.89820513,-7.00961500036382 -50.8979484,-7.01010376036392 -50.89787929,-7.01033951036397 -50.89771143,-7.01060611036403 -50.89731153,-7.01063079036404 -50.89707088,-7.01085591036409 -50.89700543,-7.0109171403641 -50.89677339,-7.01107512036413 -50.89672896,-7.01128742036418 -50.89677118,-7.01134324036419 -50.89702024,-7.01167250036426 -50.89704986,-7.01201316036434 -50.89700049,-7.01226495036439 -50.89662034,-7.01259079036446 -50.89617601,-7.01271916036449 -50.89582408,-7.01260977036447 -50.89581067,-7.01260560036447 -50.89558357,-7.01260067036447 -50.89525278,-7.01286727036452 -50.89481832,-7.01334616036463 -50.89447767,-7.01359301036468 -50.89403827,-7.01373989036471 -50.89373711,-7.01364608036469 -50.8934557,-7.01355228036467 -50.8932286,-7.01379420036473 -50.89311998,-7.01432246036484 -50.89298668,-7.01481122036494 -50.89270527,-7.01494946036497 -50.8921622,-7.01494452036497 -50.8917623,-7.01496427036498 -50.89143646,-7.01505191036499 -50.891002,-7.01515558036502 -50.89042436,-7.01493835036497 -50.889669,-7.01483468036495 -50.88919504,-7.01486923036496 -50.88907655,-7.01491367036497 -50.88881489,-7.015046970365 -50.88862728,-7.0155135203651 -50.88848411,-7.01602697036521 -50.88815826,-7.01634294036528 -50.88797559,-7.01651574036531 -50.88804965,-7.01688601036539 -50.88835081,-7.01723161036547 -50.88844461,-7.01790798036562 -50.88849398,-7.01823876036569 -50.88853452,-7.01849067036574 -50.88869146,-7.01871272036579 -50.88896794,-7.01931997036592 -50.8888692,-7.01964582036599 -50.88871615,-7.01998647036607 -50.88862235,-7.02050486036618 -50.88846436,-7.02071222036623 -50.88821257,-7.02099363036629 -50.88770406,-7.02108743036631 -50.88728935,-7.02124542036634 -50.88716098,-7.0214959703664 -50.88695363,-7.02175763036645 -50.88671171,-7.02191068036649 -50.88627725,-7.02192549036649 -50.88603534,-7.02164902036643 -50.88600791,-7.02161655036642 -50.88579343,-7.02136267036637 -50.88552683,-7.02121456036633 -50.88529972,-7.02147128036639 -50.88527997,-7.02183663036647 -50.88502325,-7.02208841036652 -50.88448511,-7.02219703036655 -50.88415927,-7.02222048036655 -50.88382355,-7.02212174036653 -50.88356189,-7.02194894036649 -50.88330516,-7.02183539036647 -50.88306078,-7.02183416036647 -50.88275468,-7.02192796036649 -50.88262632,-7.02222418036655 -50.88245846,-7.02271789036666 -50.88235972,-7.02309804036675 -50.88230541,-7.02332514036679 -50.88217705,-7.02363617036686 -50.882024,-7.02394227036693 -50.8818907,-7.02410026036696 -50.88152042,-7.02390277036692 -50.88121433,-7.02378922036689 -50.88079961,-7.02412000036697 -50.8806515,-7.02439895036703 -50.88080949,-7.02463592036708 -50.88102178,-7.02480378036712 -50.88077493,-7.02512469036719 -50.88060213,-7.02536661036724 -50.88072062,-7.02576157036732 -50.88069594,-7.02601829036738 -50.88046883,-7.02598867036737 -50.88030591,-7.02587512036735 -50.88016274,-7.02600348036738 -50.8802911,-7.02630464036744 -50.88005906,-7.02663542036751 -50.87982208,-7.02684772036756 -50.87963201,-7.02705631036761 -50.87951845,-7.02738215036768 -50.87934566,-7.02762406036773 -50.87926666,-7.02810789036783 -50.87926173,-7.02851273036792 -50.87930616,-7.028858320368 -50.87935059,-7.02928291036809 -50.8791778,-7.02939152036811 -50.87880752,-7.02943596036812 -50.87859523,-7.02943596036813 -50.87838294,-7.02927303036809 -50.87821014,-7.02925329036808 -50.87813608,-7.02950507036814 -50.87812621,-7.02958900036816 -50.87783492,-7.02964331036817 -50.87776581,-7.03002840036825 -50.8775782,-7.03033079036832 -50.87732641,-7.03054802036837 -50.87730173,-7.03084425036843 -50.87714374,-7.03105160036848 -50.8769117,-7.03090843036844 -50.87667966,-7.03083437036843 -50.87636369,-7.03096767036846 -50.8761119,-7.03123427036852 -50.8761119,-7.03146631036857 -50.87642293,-7.03159467036859 -50.8761514,-7.03186621036865 -50.87604772,-7.03166379036861 -50.87582555,-7.03152556036858 -50.87551452,-7.03177735036864 -50.87578112,-7.03212294036871 -50.87604278,-7.03226611036874 -50.87589467,-7.03247347036879 -50.87578606,-7.03291780036888 -50.87582308,-7.03319181036894 -50.87566839,-7.03354069036902 -50.87558743,-7.03356018036902 -50.87531292,-7.03362626036904 -50.87485213,-7.03373817036906 -50.87468757,-7.03403439036913 -50.87455591,-7.03456101036924 -50.87439134,-7.03501522036934 -50.87447034,-7.03542993036943 -50.87429919,-7.03556816036946 -50.87389764,-7.03548259036944 -50.87337761,-7.03539043036942 -50.87305505,-7.03545626036944 -50.87282466,-7.03569324036949 -50.87271933,-7.03608162036957 -50.8729234,-7.03635809036963 -50.87272212,-7.03651270036967 -50.87269629,-7.03653253036967 -50.87248565,-7.03671685036971 -50.87247906,-7.03696041036977 -50.8721236,-7.03723030036982 -50.87169572,-7.03725663036983 -50.87161418,-7.03725663036983 -50.87133367,-7.03725663036983 -50.87109011,-7.03737512036986 -50.87082022,-7.0375660203699 -50.87111644,-7.03792807036998 -50.87101112,-7.03817821037003 -50.87055033,-7.03845468037009 -50.87024753,-7.03868508037014 -50.87007637,-7.03900763037021 -50.87026466,-7.03945545037031 -50.87018172,-7.03996694037042 -50.87012701,-7.04018579037047 -50.87002966,-7.04057520037055 -50.87023702,-7.0412249203707 -50.87009878,-7.04187465037084 -50.8694214,-7.04234467037094 -50.86795606,-7.04286998037106 -50.86725562,-7.04316340037112 -50.86693308,-7.04329852037115 -50.86568892,-7.04405884037132 -50.86445859,-7.04459798037144 -50.86311241,-7.04524647037158 -50.8628944,-7.0453624003716 -50.86228563,-7.04571046037168 -50.86168578,-7.04607663037176 -50.86129483,-7.04633585037182 -50.86078561,-7.0466845803719 -50.8607856,-7.0466845803719 -50.86068555,-7.04675614037191 -50.86058545,-7.04683673037193 -50.86040333,-7.04699803037196 -50.86028488,-7.04711461037199 -50.85982006,-7.04759004037209 -50.85968339,-7.04772456037212 -50.85951956,-7.04785889037215 -50.85943762,-7.04793058037217 -50.85933758,-7.04800214037218 -50.85919216,-7.0480914503722 -50.85903774,-7.04817167037222 -50.8589289,-7.04820706037223 -50.85879277,-7.04826032037224 -50.85859322,-7.04832218037225 -50.85780428,-7.0485426103723 -50.85757745,-7.04862235037232 -50.85757744,-7.04862235037232 -50.85746853,-7.04866676037233 -50.85735044,-7.04872918037234 -50.8572233,-7.04879154037236 -50.85683241,-7.04904172037241 -50.85644145,-7.04930094037247 -50.85618681,-7.04947981037251 -50.85585027,-7.04972134037256 -50.85566822,-7.04987361037259 -50.85546788,-7.05005284037263 -50.85523115,-7.05025892037268 -50.85498507,-7.05051008037273 -50.85498507,-7.05051009037273 -50.85451095,-7.05102156037284 -50.85451094,-7.05102156037284 -50.8540639,-7.05154224037296 -50.85376278,-7.05190137037304 -50.85337941,-7.05237733037314 -50.85287727,-7.05301502037328 -50.85232927,-7.05374268037344 -50.8518083,-7.05448858037361 -50.85147005,-7.05498290037371 -50.85103102,-7.05565713037386 -50.85018878,-7.0567354403741 -50.85019754,-7.05755897037428 -50.8502026,-7.05803489037438 -50.8502579,-7.05907169037461 -50.84989847,-7.05998408037481 -50.84912404,-7.06022609037487 -50.84901374,-7.06026056037487 -50.84804606,-7.06016379037485 -50.84700926,-7.06002555037482 -50.84612452,-7.06068910037497 -50.84463153,-7.06212679037528 -50.84452126,-7.06259261037539 -50.84421681,-7.0631152103755 -50.84403019,-7.06385479037567 -50.84358782,-7.06435937037578 -50.84335281,-7.06496071037591 -50.84296574,-7.06559661037605 -50.84244043,-7.06597677037613 -50.84181144,-7.06608045037616 -50.84143128,-7.06612884037617 -50.84062949,-7.06570721037608 -50.84022859,-7.06526484037598 -50.83964107,-7.06453908037582 -50.83902599,-7.06385986037567 -50.83902598,-7.06385985037567 -50.83902597,-7.06385985037567 -50.83902595,-7.06385986037567 -50.83902594,-7.06385987037567 -50.83902593,-7.06385988037567 -50.83902592,-7.06385990037567 -50.83902591,-7.06385992037567 -50.83902591,-7.06385994037567 -50.83881344,-7.06748225037647 -50.83862136,-7.07550606037824 -50.83883336,-7.08119059037949 -50.83900233,-7.09323133038216 -50.83906502,-7.09701406038301 -50.839031,-7.10522636038484 -50.83902888,-7.11480789038698 -50.83898905,-7.1242612503891 -50.83904719,-7.13889558039239 -50.8390528,-7.14070381039279 -50.83907597,-7.14812919039447 -50.83901663,-7.15704861039649 -50.83894969,-7.16750989039886 -50.83895283,-7.17857050040139 -50.83891075,-7.18855094040367 -50.83883044,-7.20280464040693 -50.83882627,-7.21335917040936 -50.838838,-7.22210911041139 -50.83884097,-7.2238993904118 -50.83885219,-7.23086939041341 -50.83876758,-7.24082844041572 -50.838716,-7.24788892041737 -50.8387203,-7.25346187041866 -50.83873216,-7.25381475041875 -50.83870813,-7.25783614041969 -50.83862169,-7.26648403042171 -50.83864341,-7.27573719042388 -50.83857736,-7.28498603042605 -50.83856686,-7.29641319042875 -50.83854058,-7.30774792043144 -50.83856022,-7.30813090043153 -50.83918616,-7.32034398043443 -50.839196,-7.32053576043447 -50.83942185,-7.32320918043511 -50.83947603,-7.32375759043524 -50.842496,-7.32976867043667 -50.84249608,-7.32976882043667 -50.84381189,-7.33261941043735 -50.84673032,-7.33881113043884 -50.84734048,-7.34009802043914 -50.84824282,-7.3420200304396 -50.84964366,-7.34499205044031 -50.8518021,-7.34955583044141 -50.85180211,-7.34955586044141 -50.85386665,-7.35399155044248 -50.85397837,-7.35421877044253 -50.85397841,-7.35421887044253 -50.85445285,-7.35524192044277 -50.85618562,-7.35891605044366 -50.8570832,-7.36082814044412 -50.85728251,-7.36124694044422 -50.85728253,-7.36124697044422 -50.8576037,-7.36193695044438 -50.85855184,-7.36395674044487 -50.85865847,-7.36417883044493 -50.85865848,-7.36417886044493 -50.8587695,-7.36441399044498 -50.85901713,-7.36494136044511 -50.86140425,-7.36995645044632 -50.86557275,-7.37907650044853 -50.87015339,-7.38882567045089 -50.87300778,-7.39411426045217 -50.87410873,-7.39655167045277 -50.8783412,-7.40578911045502 -50.882389,-7.41452889045715 -50.89081608,-7.4192132204583 -50.89861373,-7.42245232045909 -50.90498705,-7.42638952046006 -50.90815903,-7.42829467046053 -50.90962713,-7.42916752046074 -50.90994716,-7.42935409046079 -50.91127412,-7.43009104046097 -50.91468146,-7.43212320046147 -50.9168518,-7.43339665046178 -50.91685183,-7.43339667046178 -50.92098976,-7.4359107704624 -50.92447531,-7.43801084046292 -50.92453747,-7.43804747046293 -50.92455692,-7.43805896046293 -50.92484416,-7.43821511046297 -50.92740599,-7.43974011046334 -50.92751892,-7.43980674046336 -50.92751893,-7.43980675046336 -50.9276392,-7.43987894046338 -50.93293762,-7.44303297046415 -50.93330334,-7.44325385046421 -50.94158905,-7.44831062046546 -50.94226829,-7.44872217046556 -50.94260092,-7.4489125304656 -50.94651512,-7.45111897046615 -50.95508982,-7.45591579046734 -50.95513497,-7.45593411046734 -50.96072266,-7.45877037046804 -50.96070861,-7.45948169046822 -50.9604973,-7.46995778047082 -50.96027836,-7.48131033047365 -50.96005397,-7.48889730047554 -50.95972786,-7.4998992704783 -50.95941883,-7.51234680048142 -50.95885583,-7.53044830048599 -50.95823838,-7.53891988048813 -50.95793738,-7.54910741049072 -50.95792577,-7.54950022049082 -50.95791803,-7.54986889049091 -50.95791803,-7.54986896049091 -50.95790183,-7.55039776049104 -50.95771519,-7.55796869049297 -50.95755941,-7.56688114049524 -50.95735438,-7.57403572049707 -50.95711747,-7.5823270204992 -50.95682726,-7.5897509505011 -50.95682719,-7.58979987050112 -50.95682711,-7.58980090050112 -50.95682688,-7.58980188050112 -50.95682651,-7.58980275050112 -50.95682602,-7.58980346050112 -50.95682517,-7.58980444050112 -50.9568053,-7.59031276050125 -50.95651491,-7.59060076050132 -50.9525685,-7.59451445050233 -50.9473088,-7.59971384050367 -50.94194889,-7.60505884050505 -50.9347432,-7.61235713050694 -50.92735033,-7.61963788050882 -50.92627209,-7.62067128050909 -50.92163574,-7.62525935051028 -50.92115503,-7.62573667051041 -50.91981122,-7.62721020051079 -50.91956605,-7.62747907051086 -50.91654032,-7.63079739051172 -50.91237122,-7.63537130051291 -50.9123711,-7.63537142051291 -50.90765919,-7.64003567051413 -50.90735893,-7.6403348305142 -50.90735884,-7.6403349205142 -50.90718071,-7.64049782051425 -50.90582116,-7.64177742051458 -50.89641508,-7.65035640051682 -50.89223894,-7.65445898051789 -50.88846292,-7.65820230051887 -50.88846289,-7.65820232051887 -50.88576865,-7.66080656051956 -50.88248342,-7.6640202005204 -50.87990233,-7.66652175052106 -50.87963587,-7.66677716052112 -50.87313975,-7.67333189052285 -50.86239249,-7.68404571052567 -50.86164261,-7.68473565052585 -50.86139124,-7.68500371052592 -50.86059152,-7.68582649052614 -50.85969965,-7.68672883052638 -50.8592573,-7.6871704405265 -50.85886357,-7.68751299052659 -50.85879466,-7.6875803505266 -50.85787498,-7.68848808052685 -50.85404092,-7.69231967052786 -50.85378278,-7.69257845052792 -50.85242291,-7.69394242052829 -50.84566716,-7.70071748053008 -50.84166175,-7.70464395053112 -50.83400703,-7.71215062053312 -50.83347617,-7.71265490053325 -50.83347619,-7.71265492053325 -50.83347622,-7.71265501053325 -50.83591717,-7.72016797053525 -50.83819156,-7.72939106053771 -50.84050019,-7.73783386053997 -50.84397283,-7.74679906054237 -50.84802761,-7.75678694054506 -50.84816675,-7.75712306054515 -50.85158769,-7.76487289054724 -50.85519033,-7.77292242054942 -50.85593815,-7.77461397054987 -50.85593816,-7.77461398054987 -50.85941447,-7.78298494055214 -50.85941448,-7.78298495055214 -50.86375375,-7.79450219055527 -50.87292083,-7.79496774055539 -50.88201116,-7.79532302055549 -50.88201117,-7.79532302055549 -50.8955844,-7.79652119055582 -50.89558446,-7.79652121055582 -50.89558452,-7.79652125055582 -50.89558458,-7.79652131055582 -50.89558462,-7.79652138055582 -50.89558465,-7.79652147055582 -50.89558467,-7.79652156055582 -50.89558468,-7.79652166055582 -50.89558467,-7.79652176055582 -50.89558464,-7.79652186055581 -50.88936428,-7.81463895056076 -50.88820066,-7.8180859805617 -50.88829761,-7.82808933056445 -50.88829761,-7.82808944056444 -50.88829759,-7.82808954056445 -50.88829755,-7.82808962056444 -50.8882975,-7.82808970056444 -50.88829744,-7.82808975056444 -50.88829738,-7.82808978056444 -50.88829731,-7.82808979056445 -50.88829727,-7.82808979056445 -50.88857786,-7.83927735056752 -50.88838133,-7.84250575056841 -50.88838141,-7.84250576056841 -50.88838147,-7.84250577056841 -50.88838153,-7.84250580056841 -50.88838159,-7.84250585056841 -50.88838163,-7.84250592056841 -50.88838167,-7.84250600056841 -50.88838169,-7.84250609056841 -50.8883817,-7.84250618056841 -50.88845096,-7.84438108056893 -50.88849321,-7.84549587056923 -50.88859542,-7.84827335057 -50.88866765,-7.85025309057055 -50.88866765,-7.85025311057055 -50.88869305,-7.85230220057111 -50.88884361,-7.85498415057185 -50.88884978,-7.85510936057189 -50.88893273,-7.85734817057251 -50.88901652,-7.8594996005731 -50.8891374,-7.86306043057409 -50.8891374,-7.86306046057409 -50.88898889,-7.87506221057742 -50.88898806,-7.87513534057744 -50.88898666,-7.87541006057751 -50.8891859,-7.88188784057931 -50.8892693,-7.88457713058007 -50.8892693,-7.88457717058006 -50.88920138,-7.88790031058099 -50.88917012,-7.88946628058143 -50.88914611,-7.89171183058206 -50.8891462,-7.89172611058206 -50.88916231,-7.89440539058281 -50.88925567,-7.89528356058305 -50.88925596,-7.89528627058305 -50.88997652,-7.89585377058321 -50.90174036,-7.90459069058566 -50.91160608,-7.9125925805879 -50.91630347,-7.91638786058897 -50.91812589,-7.91785881058938 -50.92277322,-7.92151586059041 -50.93046636,-7.92727575059203 -50.93489419,-7.93062086059297 -50.93517467,-7.93082831059303 -50.93813489,-7.93304411059365 -50.94074164,-7.93502936059421 -50.94490457,-7.93823931059512 -50.95073189,-7.94261381059636 -50.95680883,-7.94723936059767 -50.96441733,-7.95301078059931 -50.97013394,-7.95733128060053 -50.98034436,-7.96478897060265 -50.98482264,-7.96858154060373 -50.99524144,-7.97637022060595 -50.99830667,-7.97872436060663 -51.00243373,-7.98187903060753 -51.00243374,-7.98187903060753 -51.00789753,-7.98602375060871 -51.01646124,-7.99253237061057 -51.02143786,-7.99631689061166 -51.02165344,-7.99648236061171 -51.02279981,-7.99736644061196 -51.02325228,-7.99769989061206 -51.02996406,-8.00314756061362 -51.0341318,-8.00595098061443 -51.03768033,-8.00866286061521 -51.04488806,-8.01415861061679 -51.05210422,-8.01963753061838 -51.05933042,-8.02510928061995 -51.06655694,-8.03057706062153 -51.07378203,-8.03606522062312 -51.08090681,-8.04167722062475 -51.0878405,-8.04750978062645 -51.09361444,-8.05239125062787 -51.09478219,-8.05330203062814 -51.10240858,-8.05972314063001 -51.10856183,-8.06503333063156 -51.11452839,-8.07009069063304 -51.12262994,-8.07683422063501 -51.13088911,-8.08388836063707 -51.13673894,-8.08880839063852 -51.14405197,-8.09493044064032 -51.15236247,-8.10194014064238 -51.16368169,-8.11152317064521 -51.17041519,-8.1172326406469 -51.17749333,-8.12323428064868 -51.18445314,-8.12913433065043 -51.18762139,-8.1317261106512 -51.1918275,-8.13572861065239 -51.19887917,-8.14128167065405 -51.20492503,-8.14641503065557 -51.21206942,-8.15262922065743 -51.21832389,-8.15773778065896 -51.21897047,-8.1582185806591 -51.22665083,-8.16445722066097 -51.23375825,-8.17029939066272 -51.24079722,-8.17608361066446 -51.24758639,-8.18206694066625 -51.25434111,-8.18811667066808 -51.26120528,-8.19398194066985 -51.26795278,-8.19969694067158 -51.2748975,-8.20552000067334 -51.28179417,-8.21139194067511 -51.28710583,-8.21600806067651 -51.29567306,-8.22316444067869 -51.30185556,-8.22828528068025 -51.30257333,-8.22890722068044 -51.30654217,-8.22849096068031 -51.30654223,-8.22849102068031 -51.30654227,-8.22849110068031 -51.30654231,-8.22849119068031 -51.30654233,-8.22849129068031 -51.31160139,-8.22795500068015 -51.31428278,-8.22767214068006 -51.31464722,-8.22763161068005 -51.32064639,-8.22701731067986 -51.32967244,-8.22609989067958 -51.33870219,-8.22522428067932 -51.34773686,-8.22430803067904 -51.34780097,-8.22429800067903 -51.35681672,-8.22339514067876 -51.365806,-8.2225218606785 -51.37474172,-8.22166381067823 -51.3823331,-8.22077554067796 -51.39275356,-8.21995011067771 -51.40162944,-8.21912544067746 -51.40953919,-8.21833147067722 -51.41113731,-8.21817103067717 -51.42004964,-8.217596080677 -51.42410592,-8.21736231067693 -51.43302078,-8.21678167067675 -51.44203506,-8.21635567067662 -51.44712367,-8.21610187067654 -51.45132492,-8.21589233067648 -51.45315881,-8.21575486067644 -51.45784258,-8.21538211067632 -51.46667903,-8.21472756067613 -51.47599917,-8.21413453067595 -51.48578236,-8.21351217067576 -51.49384339,-8.21310475067563 -51.50329331,-8.21254183067546 -51.51249908,-8.2120061406753 -51.52212103,-8.21159794067518 -51.53390467,-8.21111078067503 -51.54700686,-8.21044094067483 -51.55465789,-8.20999442067469 -51.56370575,-8.20924944067447 -51.57285225,-8.20864478067428 -51.58203108,-8.20775750067401 -51.59076217,-8.20710494067382 -51.60061522,-8.20605633067349 -51.61040489,-8.20511222067321 -51.618274,-8.20428314067296 -51.62034421,-8.2040898906729 -51.62034428,-8.2040899006729 -51.62034434,-8.2040899206729 -51.6203444,-8.2040899706729 -51.62034445,-8.2040900406729 -51.62034448,-8.2040901206729 -51.62034451,-8.2040902106729 -51.62034452,-8.2040903106729 -51.62034452,-8.2040904106729 -51.6203445,-8.2040905106729 -51.61907044,-8.20886731067435 -51.61899497,-8.20899881067439 -51.61677128,-8.21703300067683 -51.61447033,-8.22640497067967 -51.61193731,-8.23551242068245 -51.60970536,-8.24412217068508 -51.60735803,-8.25278050068773 -51.60478067,-8.26240875069068 -51.6023965,-8.27114706069337 -51.599906,-8.2800278106961 -51.59749783,-8.28868767069878 -51.59498064,-8.29743447070148 -51.59496249,-8.29743922070148 -51.59442278,-8.29934014070207 -51.58985811,-8.31492097070691 -51.58720886,-8.3235652507096 -51.58197178,-8.34068203071495 -51.57911511,-8.34956744071773 -51.57631175,-8.35826542072046 -51.57344786,-8.36676531072314 -51.57016992,-8.37588058072602 -51.56812682,-8.38238623072807 -51.56803206,-8.38268797072817 -51.56751325,-8.38432036072868 -51.57617703,-8.39444358073189 -51.58183678,-8.40119950073404 -51.58760655,-8.40836432073632 -51.59315689,-8.41537358073855 -51.59852697,-8.42268808074089 -51.60464553,-8.43176039074379 -51.61528478,-8.44495903074801 -51.62060289,-8.45167575075017 -51.62508297,-8.45727794075198 -51.62642358,-8.45898058075253 -51.63275653,-8.46766028075533 -51.63929228,-8.47661742075822 -51.64457083,-8.4839653907606 -51.65138308,-8.49356622076372 -51.65820156,-8.50317564076684 -51.66602891,-8.51238521076985 -51.67070867,-8.52043703077248 -51.675911,-8.52768519077485 -51.681351,-8.53527436077734 -51.68661997,-8.54258853077974 -51.69184828,-8.54983233078213 -51.69705853,-8.55716592078454 -51.70224444,-8.56447517078696 -51.70806731,-8.5721721107895 -51.71321133,-8.57957044079195 -51.71848344,-8.5869233107944 -51.72374981,-8.59429444079684 -51.72479928,-8.59576997079734 -51.72826611,-8.60064414079896 -51.73286622,-8.60722692080116 -51.73635661,-8.61182936080269 -51.741223,-8.61934881080521 -51.74494092,-8.62508611080713 -51.75022683,-8.63299311080978 -51.75736067,-8.64353517081333 -51.7590732,-8.65134267081596 -51.75907321,-8.65134277081596 -51.75907321,-8.65134288081596 -51.7590732,-8.65134298081596 -51.75907317,-8.65134307081596 -51.7648995,-8.65467530081708 -51.77040402,-8.66281098081984 -51.77642454,-8.67170417082284 -51.78035195,-8.67905875082534 -51.78035196,-8.67905875082534 -51.78428549,-8.68627748082779 -51.78522932,-8.68784870082833 -51.78522933,-8.68784871082833 -51.78522934,-8.68784872082833 -51.78522935,-8.68784873082833 -51.78522936,-8.68784873082833 -51.78522937,-8.68784873082833 -51.78591631,-8.68759043082824 -51.78591632,-8.68759042082824 -51.7867266,-8.68681276082798 -51.78769277,-8.68682501082798 -51.78903717,-8.68699694082804 -51.79176821,-8.68764718082826 -51.79385077,-8.68794825082836 -51.79385079,-8.68794825082836 -51.79441475,-8.68783192082832 -51.79623652,-8.6883371908285 -51.79671979,-8.68856988082857 -51.79791589,-8.68941383082886 -51.79881952,-8.68987527082902 -51.79881953,-8.68987527082902 -51.80070194,-8.69023120082914 -51.80256849,-8.69107801082943 -51.8025685,-8.69107801082943 -51.80426753,-8.69133704082951 -51.80619081,-8.6912906908295 -51.80700849,-8.69136131082952 -51.80867504,-8.69260993082995 -51.81074632,-8.69289360083005 -51.81074633,-8.69289360083005 -51.81138547,-8.69281559083002 -51.81138548,-8.69281559083002 -51.8123785,-8.69253008082992 -51.81237852,-8.69253007082992 -51.81345822,-8.69175952082966 -51.81538384,-8.69075305082932 -51.81553994,-8.69071794082931 -51.81715247,-8.69019892082913 -51.81791135,-8.69005905082908 -51.81864907,-8.69022097082914 -51.81990201,-8.6907177808293 -51.81990202,-8.6907177808293 -51.8210908,-8.69076568082932 -51.82109081,-8.69076568082932 -51.82156599,-8.69062798082927 -51.8222212,-8.69067668082929 -51.82222121,-8.69067668082929 -51.82266343,-8.69059255082926 -51.82427987,-8.68934195082884 -51.82638717,-8.68860965082859 -51.82706657,-8.68826300082847 -51.82706658,-8.68826299082847 -51.8274119,-8.68791894082835 -51.82741191,-8.68791893082835 -51.82741192,-8.68791892082835 -51.82761334,-8.6874673908282 -51.82761334,-8.6874673808282 -51.82761334,-8.6874673608282 -51.82761335,-8.6874673408282 -51.82766097,-8.6854309408275 -51.82784417,-8.68470433082726 -51.82807662,-8.68414924082707 -51.82835126,-8.68378303082695 -51.82897721,-8.68336958082681 -51.829099,-8.68328913082678 -51.83000144,-8.68308233082671 -51.83145406,-8.68294380082666 -51.83145408,-8.68294380082666 -51.83304495,-8.68199548082634 -51.8337845,-8.68175448082626 -51.83469535,-8.68167172082623 -51.83562714,-8.68171006082624 -51.83562715,-8.68171006082624 -51.83827692,-8.68145645082615 -51.83827693,-8.68145644082615 -51.83933191,-8.681007810826 -51.83933191,-8.681007800826 -51.83983107,-8.68068180082589 -51.83983108,-8.68068179082589 -51.83983109,-8.68068177082589 -51.84047065,-8.67946487082548 -51.84047066,-8.67946484082548 -51.84076587,-8.67820169082505 -51.84079023,-8.67809744082502 -51.84079023,-8.67809741082502 -51.84079023,-8.67809739082501 -51.84071176,-8.67732622082475 -51.84071175,-8.67732620082475 -51.84071174,-8.67732618082475 -51.84019049,-8.67634774082442 -51.84016053,-8.6756791408242 -51.84024568,-8.67515677082402 -51.84082633,-8.67402376082364 -51.84082634,-8.67402373082363 -51.84119897,-8.67240868082309 -51.84198006,-8.67203457082296 -51.84261114,-8.6718569708229 -51.84422294,-8.67181135082288 -51.84422296,-8.67181134082288 -51.84569922,-8.67136473082273 -51.84792305,-8.67052596082245 -51.84888533,-8.67027702082236 -51.85010367,-8.6700825408223 -51.85107012,-8.67005860082229 -51.85229731,-8.67037030082239 -51.85329047,-8.67104086082262 -51.85329048,-8.67104086082262 -51.85424601,-8.67149893082278 -51.85544808,-8.67189810082291 -51.85544809,-8.67189810082291 -51.85625467,-8.67197660082294 -51.85625469,-8.67197660082294 -51.85720792,-8.67173078082286 -51.85884903,-8.67108813082264 -51.85992227,-8.67086745082256 -51.85992228,-8.67086744082256 -51.86096785,-8.67015880082232 -51.86141445,-8.66998144082226 -51.86323928,-8.66961955082214 -51.86423639,-8.66961561082214 -51.86495441,-8.66982245082221 -51.86627247,-8.67045251082242 -51.8667086,-8.67076478082253 -51.86872508,-8.67265196082317 -51.86908458,-8.67308806082332 -51.86978809,-8.67429330082373 -51.86978811,-8.67429332082372 -51.8702683,-8.67475773082388 -51.87026832,-8.67475774082388 -51.87082523,-8.67500931082396 -51.87082525,-8.67500931082397 -51.87131671,-8.67497276082395 -51.87131672,-8.67497275082395 -51.87256875,-8.67441792082377 -51.87294939,-8.67437644082375 -51.87402351,-8.67455615082382 -51.87402353,-8.67455615082382 -51.87498092,-8.67429045082372 -51.87541021,-8.67430248082373 -51.87669694,-8.67484805082391 -51.87669695,-8.67484805082391 -51.87724345,-8.67497973082396 -51.87724346,-8.67497973082396 -51.87768559,-8.67495603082395 -51.87768561,-8.67495603082395 -51.87887068,-8.67441957082377 -51.87887069,-8.67441956082377 -51.87887071,-8.67441955082377 -51.87887071,-8.67441953082377 -51.87887072,-8.67441951082377 -51.87906985,-8.6733429108234 -51.87966548,-8.67232994082306 -51.88006797,-8.67195918082293 -51.88135393,-8.67119399082267 -51.88284424,-8.67056564082246 -51.88366708,-8.6706786508225 -51.88366709,-8.6706786508225 -51.88508167,-8.67060210082247 -51.88508168,-8.67060210082247 -51.88773481,-8.6697966608222 -51.89025469,-8.66951680082211 -51.8902547,-8.66951680082211 -51.89114355,-8.66927034082202 -51.89114356,-8.66927033082202 -51.89171121,-8.66842780082174 -51.89238496,-8.66767419082148 -51.8943843,-8.6659450608209 -51.89438432,-8.6659450408209 -51.89505474,-8.66482542082052 -51.89607608,-8.66406686082026 -51.89607609,-8.66406686082026 -51.89722978,-8.66284554081985 -51.89812731,-8.66225851081965 -51.89927929,-8.66165522081944 -51.8992793,-8.66165521081944 -51.90068317,-8.66040854081903 -51.90126213,-8.66000752081889 -51.90380462,-8.65912456081859 -51.90380463,-8.65912455081859 -51.90540749,-8.65799296081821 -51.90710957,-8.65701786081788 -51.90749526,-8.65661430081774 -51.90749527,-8.65661429081774 -51.90817633,-8.65549328081736 -51.90817633,-8.65549327081736 -51.90835088,-8.65516944081725 -51.90954781,-8.65454086081704 -51.91015704,-8.65456402081705 -51.91078586,-8.65487043081715 -51.91101813,-8.65536214081732 -51.911006,-8.65668219081776 -51.911006,-8.65668221081776 -51.91110888,-8.65726977081796 -51.91110888,-8.65726978081796 -51.91110889,-8.65726980081796 -51.9111089,-8.65726981081796 -51.911469,-8.6576921308181 -51.91191375,-8.65787563081816 -51.91191376,-8.65787563081816 -51.91225291,-8.65780878081814 -51.91225293,-8.65780878081814 -51.91225294,-8.65780877081815 -51.91324091,-8.6567698708178 -51.91366264,-8.65643232081768 -51.91392515,-8.65633393081764 -51.91410251,-8.65633239081765 -51.91494773,-8.65673243081778 -51.91494775,-8.65673243081778 -51.91590332,-8.65667954081776 -51.91651177,-8.65731447081798 -51.91651178,-8.65731448081798 -51.91651179,-8.65731449081798 -51.9165118,-8.65731449081798 -51.91697297,-8.65730699081797 -51.91697299,-8.65730699081797 -51.916973,-8.65730698081797 -51.91718005,-8.65714136081792 -51.91718007,-8.65714134081792 -51.91766014,-8.65636375081765 -51.9182394,-8.65582530081748 -51.91943415,-8.65508586081722 -51.92017025,-8.65486532081715 -51.92100209,-8.65480604081713 -51.92144367,-8.6550111808172 -51.92149306,-8.65527180081729 -51.92050468,-8.65637642081766 -51.92050467,-8.65637643081766 -51.92050466,-8.65637645081766 -51.92050466,-8.65637647081766 -51.92050466,-8.65637649081766 -51.92049066,-8.65672096081778 -51.92049066,-8.65672098081778 -51.92049066,-8.65672100081778 -51.92049067,-8.65672101081778 -51.92049068,-8.65672103081778 -51.92049068,-8.65672104081778 -51.9206189,-8.65685712081782 -51.92061891,-8.65685713081782 -51.92061892,-8.65685713081782 -51.9218397,-8.65716507081793 -51.92183971,-8.65716507081793 -51.92377807,-8.6570697208179 -51.92577375,-8.65746649081803 -51.92577377,-8.65746649081803 -51.92660634,-8.65729457081797 -51.92660635,-8.65729457081797 -51.92779571,-8.65668402081777 -51.92861609,-8.65652887081771 -51.92872577,-8.65657368081773 -51.92881343,-8.65682388081781 -51.92868551,-8.65843469081836 -51.92868551,-8.65843472081836 -51.92875857,-8.65902533081856 -51.92875858,-8.65902535081856 -51.92875858,-8.65902537081856 -51.92875859,-8.65902538081856 -51.92902818,-8.65934901081866 -51.9290282,-8.65934902081866 -51.92952711,-8.65961982081876 -51.92952712,-8.65961982081876 -51.93022961,-8.65970060081879 -51.93022963,-8.65970060081879 -51.93022964,-8.65970060081879 -51.93022965,-8.65970059081878 -51.93022966,-8.65970057081878 -51.93095329,-8.65838763081834 -51.93132063,-8.65807418081823 -51.93163761,-8.65808103081824 -51.93206443,-8.65833117081832 -51.93206444,-8.65833117081832 -51.93245694,-8.65841124081835 -51.93245695,-8.65841124081835 -51.9334869,-8.6582621408183 -51.93348691,-8.6582621408183 -51.93466751,-8.65785689081816 -51.93548672,-8.65780263081814 -51.93601718,-8.65791213081818 -51.93643587,-8.6582580208183 -51.93665006,-8.65881879081848 -51.93672825,-8.65983652081883 -51.93672825,-8.65983654081883 -51.93672826,-8.65983656081883 -51.93683364,-8.66008474081891 -51.93683365,-8.66008476081891 -51.93683366,-8.66008477081892 -51.93706001,-8.66024922081897 -51.93706003,-8.66024923081897 -51.93706004,-8.66024923081897 -51.93771092,-8.66016733081894 -51.93771093,-8.66016733081894 -51.93880547,-8.65959674081875 -51.93953231,-8.65952003081872 -51.9401249,-8.65963668081876 -51.9404225,-8.65986988081884 -51.94054848,-8.66021861081896 -51.94049667,-8.66079690081915 -51.94049667,-8.66079691081915 -51.94049667,-8.66079693081915 -51.94049668,-8.66079695081915 -51.94049668,-8.66079697081915 -51.94049669,-8.66079698081916 -51.94075119,-8.66109936081926 -51.9407512,-8.66109937081926 -51.94075122,-8.66109938081926 -51.94100615,-8.66117269081928 -51.94100617,-8.66117269081928 -51.94151696,-8.66115132081927 -51.94151697,-8.66115132081927 -51.94151698,-8.66115131081927 -51.94215075,-8.66070824081912 -51.94342472,-8.66084126081917 -51.94461828,-8.6615160108194 -51.94461829,-8.6615160108194 -51.94521317,-8.66172716081947 -51.94521319,-8.66172716081947 -51.94615935,-8.66172267081947 -51.94615936,-8.66172267081947 -51.94698739,-8.6612270608193 -51.94761048,-8.66120834081929 -51.94761049,-8.66120834081929 -51.94808903,-8.66108620081925 -51.94808904,-8.66108619081925 -51.94857914,-8.66077083081915 -51.94940062,-8.66001399081889 -51.94995833,-8.65984055081883 -51.95069995,-8.66007361081891 -51.95147215,-8.66099095081922 -51.95147216,-8.66099096081922 -51.95187761,-8.66129911081932 -51.95187763,-8.66129912081932 -51.95237825,-8.66141478081936 -51.95237827,-8.66141478081936 -51.95289126,-8.66133606081934 -51.95289127,-8.66133605081934 -51.95325858,-8.66114516081927 -51.95325859,-8.66114515081927 -51.9532586,-8.66114513081927 -51.95325861,-8.66114512081927 -51.95325862,-8.66114510081927 -51.95325862,-8.66114508081927 -51.95325862,-8.66114506081927 -51.9531395,-8.65992039081886 -51.95326431,-8.65966174081877 -51.95356301,-8.65956972081874 -51.95436416,-8.66000915081889 -51.95436417,-8.66000916081889 -51.95458681,-8.66007099081891 -51.95458683,-8.66007099081891 -51.95485436,-8.66001274081889 -51.95485437,-8.66001274081889 -51.95485438,-8.66001273081889 -51.95520279,-8.65967920081878 -51.95520281,-8.65967919081878 -51.95520281,-8.65967917081878 -51.95520282,-8.65967915081878 -51.95528787,-8.6591645308186 -51.95544837,-8.65890124081852 -51.95643774,-8.65846163081836 -51.95643776,-8.65846162081836 -51.95643777,-8.65846161081837 -51.95688471,-8.65775863081813 -51.95710765,-8.65758254081807 -51.95741184,-8.65755995081806 -51.95880291,-8.65790692081818 -51.95922405,-8.65789085081817 -51.95945693,-8.6576919708181 -51.95945694,-8.65769196081811 -51.95945695,-8.65769194081811 -51.95945696,-8.6576919208181 -51.95945696,-8.6576919008181 -51.95945696,-8.6576918808181 -51.95945696,-8.65769186081811 -51.95945696,-8.65769184081811 -51.95900863,-8.65652141081771 -51.95901188,-8.65614210081758 -51.9600495,-8.6550054108172 -51.96004951,-8.65500539081719 -51.96004952,-8.6550053808172 -51.96019066,-8.65464391081708 -51.96019066,-8.65464389081708 -51.96019067,-8.65464387081707 -51.96019067,-8.65464385081707 -51.96019066,-8.65464383081708 -51.96002358,-8.65400834081686 -51.96007908,-8.65351142081669 -51.96073386,-8.65259980081639 -51.96110094,-8.6523464308163 -51.96205485,-8.65199430081618 -51.96205487,-8.65199429081618 -51.96252095,-8.65161132081605 -51.96252096,-8.65161130081605 -51.96252097,-8.65161128081605 -51.96301845,-8.65037365081563 -51.96347298,-8.65008547081554 -51.96375131,-8.65003601081552 -51.96478188,-8.65047328081567 -51.965241,-8.65049300081568 -51.96524101,-8.65049299081567 -51.96558219,-8.65037252081564 -51.9655822,-8.65037251081563 -51.96666191,-8.64960973081538 -51.96760295,-8.6493777108153 -51.96771792,-8.64947798081533 -51.96766847,-8.64961331081538 -51.96709939,-8.64999590081551 -51.96709938,-8.64999591081551 -51.96709937,-8.64999592081551 -51.96697441,-8.65020008081557 -51.9669744,-8.65020009081558 -51.9669744,-8.65020011081558 -51.9669744,-8.65020013081558 -51.9669744,-8.65020014081558 -51.96698717,-8.65048108081567 -51.96698717,-8.65048110081567 -51.96698718,-8.65048112081567 -51.96698719,-8.65048113081567 -51.9669872,-8.65048115081567 -51.96714471,-8.65065494081573 -51.96714472,-8.65065495081573 -51.96714473,-8.65065496081573 -51.96731187,-8.65069206081574 -51.96784359,-8.65052686081568 -51.9678436,-8.65052685081569 -51.96871526,-8.6499605608155 -51.96984783,-8.64959306081537 -51.96984784,-8.64959305081537 -51.9703583,-8.64925255081526 -51.97035831,-8.64925254081526 -51.97070108,-8.64886511081512 -51.97070109,-8.64886509081513 -51.97104884,-8.64825296081492 -51.97104885,-8.64825293081492 -51.97123676,-8.64762942081471 -51.97123677,-8.64762939081471 -51.97135799,-8.64604007081417 -51.97153102,-8.64569305081405 -51.97172948,-8.64550282081399 -51.9720123,-8.64542358081397 -51.97239946,-8.645530370814 -51.97270801,-8.64573728081407 -51.97325186,-8.64655418081435 -51.97325187,-8.64655420081435 -51.97359361,-8.64683912081444 -51.97359363,-8.64683913081444 -51.97505379,-8.64727621081459 -51.97651094,-8.64787339081479 -51.97688295,-8.64795203081482 -51.97688296,-8.64795203081482 -51.97735999,-8.64788093081479 -51.97736,-8.6478809208148 -51.97853024,-8.64728717081459 -51.97890362,-8.64727887081459 -51.97903761,-8.64740256081464 -51.97907165,-8.64772040081474 -51.97858102,-8.64828100081493 -51.97858101,-8.64828102081493 -51.978581,-8.64828103081493 -51.978581,-8.64828105081493 -51.97851462,-8.64855699081502 -51.97851461,-8.64855701081502 -51.97851461,-8.64855703081502 -51.97851462,-8.64855705081502 -51.97851462,-8.64855707081502 -51.97851463,-8.64855708081502 -51.97851464,-8.64855710081502 -51.9786301,-8.64868536081506 -51.97906642,-8.64859115081503 -51.97906644,-8.64859115081503 -51.97906645,-8.64859114081503 -51.97981601,-8.6478986908148 -51.98022986,-8.64780569081477 -51.98040357,-8.6478946608148 -51.98058404,-8.64821680081491 -51.98073598,-8.64924384081525 -51.98085172,-8.64940995081531 -51.98085173,-8.64940996081531 -51.98085174,-8.64940997081531 -51.98085175,-8.64940997081531 -51.98113215,-8.64948707081533 -51.98113216,-8.64948707081533 -51.98113217,-8.64948707081533 -51.98113218,-8.64948706081534 -51.98183646,-8.64902071081518 -51.98196004,-8.64869793081507 -51.98196004,-8.64869791081507 -51.98196005,-8.64869789081507 -51.98196801,-8.64817837081489 -51.98183131,-8.64771510081474 -51.98097544,-8.64647885081432 -51.9788761,-8.64412991081353 -51.97853123,-8.64358831081335 -51.97856499,-8.64325647081324 -51.97875321,-8.64308298081318 -51.97935358,-8.64291472081312 -51.97978025,-8.64327066081324 -51.98027712,-8.64391894081346 -51.98027713,-8.64391895081346 -51.98027714,-8.64391896081346 -51.98070729,-8.64412406081353 -51.9807073,-8.64412406081353 -51.98126636,-8.64419445081355 -51.98126637,-8.64419445081356 -51.98126638,-8.64419444081355 -51.98163281,-8.64396436081347 -51.98163282,-8.64396435081347 -51.98163283,-8.64396434081348 -51.98163284,-8.64396432081348 -51.98163284,-8.64396431081347 -51.98194116,-8.64271888081306 -51.98216481,-8.64250517081298 -51.98266206,-8.64236744081294 -51.98337328,-8.64247538081297 -51.98587032,-8.64333057081326 -51.98587033,-8.64333057081326 -51.9864414,-8.64336179081327 -51.98709539,-8.64325905081323 -51.9870954,-8.64325904081324 -51.98755507,-8.64300588081315 -51.98755509,-8.64300587081315 -51.9875551,-8.64300586081316 -51.98805428,-8.64220552081288 -51.98885036,-8.64200940081282 -51.98885037,-8.64200940081282 -51.98910447,-8.64186617081277 -51.98910448,-8.64186616081277 -51.98910449,-8.64186614081277 -51.98944523,-8.64121738081255 -51.99017742,-8.64046435081229 -51.99017743,-8.6404643308123 -51.99017744,-8.6404643208123 -51.99025375,-8.64022303081221 -51.99025375,-8.64022301081222 -51.99025375,-8.64022299081222 -51.99025375,-8.64022297081222 -51.99020586,-8.63972642081205 -51.99028377,-8.63895274081179 -51.99067003,-8.63860135081167 -51.99185825,-8.63841350081161 -51.99289981,-8.63847901081163 -51.99289982,-8.63847901081163 -51.99385145,-8.6384021008116 -51.99385147,-8.6384021008116 -51.99420482,-8.63821934081154 -51.99420484,-8.63821934081154 -51.99420485,-8.63821932081154 -51.99420486,-8.63821931081154 -51.99420486,-8.63821929081154 -51.99420486,-8.63821927081154 -51.99420486,-8.63821925081154 -51.99420486,-8.63821923081154 -51.99420485,-8.63821921081154 -51.99420485,-8.63821919081154 -51.99420484,-8.63821918081154 -51.99394508,-8.63798429081146 -51.99394507,-8.63798428081146 -51.99394506,-8.63798428081146 -51.99331908,-8.63783869081141 -51.99319725,-8.63769153081136 -51.99327386,-8.63740019081126 -51.99355911,-8.63718401081119 -51.99394318,-8.63703805081114 -51.99515064,-8.6369234508111 -51.99578533,-8.63672872081104 -51.99578534,-8.63672872081104 -51.9968566,-8.6360101908108 -51.99723662,-8.6360014908108 -51.99751427,-8.63618935081086 -51.99764678,-8.63651573081097 -51.99778885,-8.63797954081146 -51.9980027,-8.63894584081178 -51.99800271,-8.63894586081179 -51.99833481,-8.63981877081208 -51.99833482,-8.63981879081208 -51.99833483,-8.63981880081208 -51.99889383,-8.64034903081226 -51.99889384,-8.64034904081226 -51.99889385,-8.64034905081226 -51.99934425,-8.64041450081228 -51.99934426,-8.64041450081228 -51.99934428,-8.64041449081228 -51.99977761,-8.64013697081219 -51.99977762,-8.64013696081219 -52.00000116,-8.63993595081212 -52.00045376,-8.63952895081198 -52.00045377,-8.63952894081198 -52.00084819,-8.63895484081179 -52.0008482,-8.63895482081179 -52.00084821,-8.63895480081179 -52.00095993,-8.6383850308116 -52.00095993,-8.6383850108116 -52.00095993,-8.63838499081159 -52.00095993,-8.63838497081159 -52.00095992,-8.6383849608116 -52.00082136,-8.63803969081148 -52.00082135,-8.63803968081148 -52.00082134,-8.63803966081148 -52.00082133,-8.63803965081148 -52.00082131,-8.63803965081148 -52.00045371,-8.63798360081146 -52.0004537,-8.63798360081146 -52.00045369,-8.63798360081146 -52.00000118,-8.63818210081153 -51.99951546,-8.6383951508116 -51.99919162,-8.63846321081162 -51.99894777,-8.63841622081161 -51.99869877,-8.63823178081154 -51.99859948,-8.63802447081148 -51.99866674,-8.63753038081131 -51.9992777,-8.63695451081112 -51.9992777,-8.63695450081112 -52.00000129,-8.63622228081087 -52.00001914,-8.63620421081087 -52.00001915,-8.63620420081086 -52.00045369,-8.63557921081065 -52.00103526,-8.63530992081056 -52.00103527,-8.63530991081056 -52.00122828,-8.6351146808105 -52.00122829,-8.6351146708105 -52.0012283,-8.6351146508105 -52.00135763,-8.63480246081039 -52.00135763,-8.63480244081039 -52.00135763,-8.63480242081039 -52.00135763,-8.63480240081039 -52.00122985,-8.6333455808099 -52.00144328,-8.63297931080978 -52.00174242,-8.63288350080975 -52.00205386,-8.63298337080978 -52.00269642,-8.63345164080994 -52.00269644,-8.63345165080994 -52.00269645,-8.63345165080994 -52.00349319,-8.63350296080996 -52.00380587,-8.63402107081013 -52.00380085,-8.63509329081049 -52.00380085,-8.63509331081049 -52.00380086,-8.63509333081049 -52.00403334,-8.63582122081073 -52.00403335,-8.63582124081073 -52.00403336,-8.63582125081074 -52.00403337,-8.63582127081074 -52.00490599,-8.63644809081095 -52.004906,-8.63644809081095 -52.00490602,-8.63644810081094 -52.00607229,-8.63647941081095 -52.00697124,-8.63712429081117 -52.00697125,-8.63712430081117 -52.00697126,-8.63712430081117 -52.00697128,-8.63712430081117 -52.00697129,-8.63712429081117 -52.00747095,-8.63674549081104 -52.00819926,-8.63657559081099 -52.00819927,-8.63657558081099 -52.00819928,-8.63657557081099 -52.00819929,-8.63657556081099 -52.00867944,-8.63581099081073 -52.00918311,-8.63567485081068 -52.00972703,-8.63578138081072 -52.01016127,-8.63619878081086 -52.01017967,-8.63673516081104 -52.00970171,-8.63765898081136 -52.0097017,-8.63765900081135 -52.00941897,-8.63857192081166 -52.0088356,-8.63910631081184 -52.00883559,-8.63910632081184 -52.00883558,-8.63910633081184 -52.0084939,-8.63979018081207 -52.0084939,-8.63979020081207 -52.00849389,-8.63979022081207 -52.00849389,-8.63979024081207 -52.00849389,-8.63979026081207 -52.0084939,-8.63979028081207 -52.00849391,-8.63979030081207 -52.00865179,-8.64006986081217 -52.0086518,-8.64006987081217 -52.00865182,-8.64006988081216 -52.0101721,-8.64082701081242 -52.01126523,-8.64153483081265 -52.01126524,-8.64153484081266 -52.01126525,-8.64153484081266 -52.01161128,-8.64156351081267 -52.0116113,-8.64156350081267 -52.01193079,-8.64128969081258 -52.0119308,-8.64128968081257 -52.01193081,-8.64128967081258 -52.01193082,-8.64128965081257 -52.01213507,-8.64051230081231 -52.01213507,-8.64051228081231 -52.01213507,-8.64051226081231 -52.01213507,-8.64051224081231 -52.01209903,-8.64031960081225 -52.01229251,-8.63978738081206 -52.01229252,-8.63978736081207 -52.01229252,-8.63978734081207 -52.01229252,-8.63978732081207 -52.01229252,-8.63978730081207 -52.01229251,-8.63978729081207 -52.0122537,-8.63968828081203 -52.01235699,-8.63959816081201 -52.012357,-8.63959815081201 -52.01235701,-8.63959813081201 -52.01264276,-8.63883138081175 -52.01264276,-8.63883136081174 -52.01264277,-8.63883134081175 -52.01264114,-8.63857276081166 -52.0132042,-8.63703953081114 -52.01340075,-8.63666867081102 -52.01379136,-8.63636460081092 -52.01441546,-8.63634942081091 -52.01578729,-8.63737523081126 -52.01578731,-8.63737523081126 -52.0161363,-8.6375096408113 -52.01613632,-8.6375096408113 -52.01613633,-8.6375096408113 -52.01641307,-8.63741711081127 -52.01641308,-8.63741710081127 -52.01641309,-8.63741709081127 -52.0164131,-8.63741707081127 -52.01641311,-8.63741705081127 -52.0164395,-8.63730592081123 -52.01655711,-8.63725636081122 -52.01655712,-8.63725635081122 -52.01655713,-8.63725634081121 -52.01655714,-8.63725632081122 -52.01655715,-8.63725630081122 -52.01655715,-8.63725628081122 -52.01655715,-8.63725626081122 -52.01655715,-8.63725624081122 -52.01655715,-8.63725622081122 -52.01649502,-8.63708934081116 -52.01662426,-8.63673762081104 -52.01662426,-8.63673760081104 -52.01662427,-8.63673758081104 -52.01662426,-8.63673756081104 -52.01662426,-8.63673754081104 -52.01662425,-8.63673752081104 -52.01656791,-8.63662644081101 -52.01678762,-8.63596298081078 -52.01703083,-8.63544976081061 -52.01715365,-8.63536929081058 -52.01739528,-8.63539443081059 -52.01835948,-8.63608583081082 -52.01925274,-8.63653038081097 -52.01925275,-8.63653038081097 -52.01991609,-8.63663557081101 -52.0199161,-8.63663557081101 -52.02051365,-8.63653899081098 -52.02051366,-8.63653898081097 -52.02083035,-8.63636849081092 -52.02083036,-8.63636848081092 -52.02083037,-8.63636847081092 -52.02083038,-8.63636846081092 -52.02091411,-8.63617382081085 -52.02077529,-8.63576362081072 -52.02077529,-8.63576360081072 -52.02077528,-8.63576359081071 -52.02035964,-8.63528641081056 -52.0203833,-8.63502221081047 -52.02085428,-8.63492143081043 -52.02240375,-8.63532918081057 -52.02240376,-8.63532918081057 -52.02293314,-8.63529505081056 -52.02293315,-8.63529505081056 -52.02293316,-8.63529504081056 -52.02344646,-8.63491465081043 -52.02344647,-8.63491464081043 -52.02421638,-8.63406871081014 -52.02550502,-8.63401305081013 -52.02550504,-8.63401304081012 -52.02550505,-8.63401304081012 -52.02550506,-8.63401303081013 -52.02629361,-8.63306083080981 -52.02756543,-8.63229122080955 -52.02756544,-8.63229121080955 -52.02756545,-8.63229120080955 -52.02756545,-8.63229118080955 -52.02756546,-8.63229116080955 -52.02764319,-8.63190915080942 -52.02764319,-8.63190913080942 -52.02764319,-8.63190911080942 -52.02764319,-8.63190909080942 -52.02764318,-8.63190907080942 -52.02764318,-8.63190906080942 -52.02731389,-8.63137001080924 -52.02740645,-8.63120639080918 -52.0278223,-8.63099504080912 -52.02782231,-8.63099503080911 -52.02782232,-8.63099502080911 -52.02782233,-8.63099500080912 -52.02782233,-8.63099498080911 -52.02782234,-8.63099496080911 -52.02782234,-8.63099494080912 -52.02782234,-8.63099492080911 -52.02782233,-8.63099490080911 -52.02782232,-8.63099489080911 -52.02782231,-8.63099487080912 -52.02729196,-8.63047365080894 -52.02729194,-8.63047364080894 -52.02729193,-8.63047363080894 -52.02598173,-8.63038051080891 -52.0255628,-8.63014715080883 -52.02514942,-8.62930001080854 -52.025171,-8.62883499080839 -52.02517099,-8.62883497080839 -52.02517099,-8.62883495080839 -52.02505863,-8.62831871080822 -52.02505863,-8.62831869080822 -52.02505862,-8.62831867080821 -52.02432112,-8.62725873080786 -52.02441392,-8.62674540080769 -52.02491051,-8.62597919080743 -52.02556471,-8.62522237080718 -52.02609685,-8.62477295080703 -52.02747983,-8.62463602080698 -52.02747984,-8.62463602080698 -52.02822849,-8.62431167080688 -52.02877276,-8.62420348080683 -52.02955269,-8.62436587080689 -52.03196376,-8.62519406080717 -52.03196378,-8.62519407080717 -52.03254189,-8.62520931080717 -52.0325419,-8.62520931080717 -52.0332771,-8.62501302080711 -52.03327711,-8.62501302080711 -52.03465077,-8.62429279080686 -52.03488032,-8.62442541080691 -52.03483263,-8.6250036108071 -52.03483263,-8.6250036308071 -52.03483263,-8.62500365080711 -52.03483264,-8.62500367080711 -52.03483264,-8.6250036808071 -52.03483265,-8.6250037008071 -52.03483266,-8.62500371080711 -52.03483268,-8.62500371080711 -52.03497751,-8.62504306080711 -52.03497753,-8.62504306080712 -52.03497754,-8.62504306080712 -52.03561925,-8.62482876080704 -52.03561927,-8.62482875080704 -52.03561928,-8.62482874080704 -52.03561929,-8.62482873080705 -52.03561929,-8.62482871080704 -52.0356193,-8.62482870080705 -52.0356193,-8.62482868080705 -52.0356193,-8.62482866080704 -52.0356193,-8.62482864080705 -52.03524891,-8.62332651080654 -52.03528261,-8.62274043080635 -52.03560791,-8.62238444080623 -52.03590535,-8.62220804080616 -52.03590537,-8.62220803080617 -52.03590538,-8.62220801080617 -52.03644947,-8.62120825080583 -52.03644948,-8.62120823080583 -52.03644949,-8.62120821080583 -52.03644949,-8.62120819080583 -52.03644949,-8.62120817080583 -52.03637231,-8.62060536080563 -52.03637231,-8.62060534080563 -52.0363723,-8.62060532080563 -52.03637229,-8.62060530080563 -52.03637228,-8.62060529080563 -52.03621911,-8.62049086080559 -52.0362191,-8.62049085080559 -52.03607259,-8.6205385408056 -52.03607258,-8.62053855080561 -52.03607257,-8.62053856080561 -52.03607256,-8.62053857080561 -52.03561933,-8.62143062080591 -52.03521998,-8.62182290080604 -52.03509479,-8.62180012080603 -52.03496151,-8.62161055080597 -52.0350353,-8.62115824080582 -52.03531065,-8.62077519080569 -52.03531066,-8.62077518080569 -52.03531066,-8.62077517080569 -52.03531067,-8.62077515080569 -52.03531067,-8.62077513080569 -52.03534447,-8.61975617080535 -52.03560084,-8.61930544080519 -52.0357625,-8.61924833080517 -52.03641102,-8.61938822080522 -52.03641104,-8.61938822080522 -52.03688391,-8.6193255608052 -52.03688392,-8.6193255608052 -52.03688393,-8.6193255508052 -52.03814565,-8.61824788080484 -52.03857056,-8.61804630080477 -52.03907146,-8.61798250080475 -52.03968207,-8.61809169080479 -52.04038482,-8.61854477080494 -52.04038483,-8.61854477080494 -52.04038484,-8.61854477080494 -52.04160204,-8.61850385080493 -52.04215076,-8.618725100805 -52.04274852,-8.61925225080518 -52.04393811,-8.6208161908057 -52.04393812,-8.6208162008057 -52.04443944,-8.62117811080582 -52.04443946,-8.62117812080582 -52.04443947,-8.62117812080582 -52.04510685,-8.62117369080582 -52.04510687,-8.62117368080582 -52.04618691,-8.62076317080568 -52.04644904,-8.62098903080576 -52.04644947,-8.62127692080585 -52.04585493,-8.62177175080602 -52.04585492,-8.62177176080602 -52.04585492,-8.62177177080602 -52.04570916,-8.62207030080612 -52.04570915,-8.62207032080612 -52.04570915,-8.62207034080612 -52.04570915,-8.62207036080612 -52.04573416,-8.62247934080626 -52.04573417,-8.62247936080626 -52.04573417,-8.62247938080626 -52.04573418,-8.62247940080626 -52.0459426,-8.62278908080636 -52.04747619,-8.6223034208062 -52.04747621,-8.6223034108062 -52.04747622,-8.6223034008062 -52.04747623,-8.6223033908062 -52.04747623,-8.6223033708062 -52.04747624,-8.6223033608062 -52.04747624,-8.6223033408062 -52.04749009,-8.62205828080612 -52.04749009,-8.62205826080612 -52.04713282,-8.62153055080594 -52.04720024,-8.62128805080586 -52.04867571,-8.62128667080585 -52.04867572,-8.62128667080585 -52.04867574,-8.62128666080586 -52.04867575,-8.62128664080586 -52.04888625,-8.62096240080575 -52.04888626,-8.62096238080575 -52.04911399,-8.62024209080551 -52.04940317,-8.61980570080537 -52.04964838,-8.6196190108053 -52.04997356,-8.6196061408053 -52.05016965,-8.6199139408054 -52.05020648,-8.62163943080597 -52.05020648,-8.62163945080597 -52.05020649,-8.62163946080598 -52.0502815,-8.62188459080606 -52.05028151,-8.62188461080606 -52.05028152,-8.62188462080606 -52.0506593,-8.62227896080619 -52.05065932,-8.62227897080619 -52.05124341,-8.62254566080628 -52.0513476,-8.62281394080637 -52.05125081,-8.62323239080651 -52.05005461,-8.62363238080665 -52.0499474,-8.62382591080671 -52.04994739,-8.62382592080671 -52.04994739,-8.62382594080671 -52.04994739,-8.62382596080671 -52.04994739,-8.62382598080671 -52.04994739,-8.62382600080671 -52.04994739,-8.62382601080671 -52.05005615,-8.6241143608068 -52.0501687,-8.62418533080683 -52.05016871,-8.62418533080683 -52.05016872,-8.62418534080683 -52.05059596,-8.62418817080683 -52.05059598,-8.62418817080683 -52.05059599,-8.62418817080683 -52.050596,-8.62418815080683 -52.05066629,-8.6240982908068 -52.05143836,-8.62385489080672 -52.05186577,-8.62386696080673 -52.05212061,-8.62412718080681 -52.05251146,-8.62479683080703 -52.05251147,-8.62479684080703 -52.05251149,-8.62479685080704 -52.05324112,-8.62514192080715 -52.05345635,-8.62579724080737 -52.05345636,-8.62579726080737 -52.05345637,-8.62579727080737 -52.05345638,-8.62579728080737 -52.05345639,-8.62579729080737 -52.05374503,-8.62592671080741 -52.05374504,-8.62592672080742 -52.05374506,-8.62592672080742 -52.05374507,-8.62592671080741 -52.05374508,-8.62592670080741 -52.0540095,-8.62567291080733 -52.05400951,-8.62567290080733 -52.05400952,-8.62567288080733 -52.05400953,-8.62567287080733 -52.05400953,-8.62567285080733 -52.05409696,-8.62478697080703 -52.0543859,-8.62433367080688 -52.05479175,-8.62391191080674 -52.05479176,-8.62391190080674 -52.05479177,-8.62391188080674 -52.05479178,-8.62391186080674 -52.05479178,-8.62391184080673 -52.0547879,-8.62371870080667 -52.05478789,-8.62371867080667 -52.05443882,-8.62298929080643 -52.05444908,-8.62269722080633 -52.05458196,-8.62236788080622 -52.05522292,-8.62174705080601 -52.05665303,-8.62094615080574 -52.05700592,-8.62096294080575 -52.05765489,-8.62153152080594 -52.05815036,-8.62240857080623 -52.05815037,-8.62240859080623 -52.0583944,-8.62267751080633 -52.05839442,-8.62267752080633 -52.0602974,-8.62361490080664 -52.06109083,-8.6241050508068 -52.06156826,-8.62459318080696 -52.062075,-8.62542045080724 -52.06207501,-8.62542046080724 -52.06248087,-8.62579148080737 -52.06248089,-8.62579149080737 -52.06287879,-8.62594884080742 -52.0628788,-8.62594884080742 -52.0640134,-8.62616873080749 -52.06407979,-8.6264668308076 -52.06376552,-8.6267825508077 -52.06376551,-8.6267825608077 -52.0637655,-8.6267825908077 -52.06376549,-8.6267826108077 -52.06376549,-8.6267826308077 -52.06377562,-8.62713775080782 -52.06377562,-8.62713777080782 -52.06377563,-8.62713779080782 -52.06377564,-8.62713781080782 -52.06401588,-8.62721369080784 -52.06401589,-8.62721369080784 -52.06401591,-8.62721369080784 -52.06481278,-8.62683924080772 -52.06481279,-8.62683923080772 -52.0648128,-8.62683922080772 -52.06593154,-8.62554663080728 -52.06657406,-8.62464912080699 -52.06657407,-8.62464911080698 -52.06657407,-8.62464909080698 -52.06657408,-8.62464908080699 -52.06666703,-8.62412878080681 -52.06666703,-8.62412876080681 -52.06666703,-8.62412874080681 -52.06666703,-8.62412872080681 -52.06639449,-8.62336232080655 -52.06639448,-8.62336229080655 -52.06589325,-8.6225911308063 -52.06575755,-8.62212944080614 -52.06598789,-8.621721170806 -52.06647235,-8.62147630080592 -52.06683552,-8.6214286408059 -52.06759203,-8.62160322080596 -52.06839799,-8.62203268080611 -52.06921102,-8.6226016908063 -52.06921103,-8.6226017008063 -52.06921104,-8.6226017008063 -52.06965751,-8.62265037080632 -52.06965753,-8.62265036080631 -52.07047403,-8.62231977080621 -52.07097628,-8.62250438080626 -52.07138533,-8.62293175080641 -52.07169305,-8.62371582080667 -52.07181693,-8.62434550080688 -52.07191347,-8.62596498080743 -52.07183879,-8.62654406080762 -52.07122162,-8.62780440080804 -52.07122162,-8.62780442080804 -52.07122161,-8.62780444080805 -52.07122161,-8.62780447080805 -52.0712593,-8.6282697708082 -52.07125931,-8.6282697908082 -52.07125931,-8.6282698008082 -52.07125933,-8.6282698208082 -52.07144581,-8.62840198080824 -52.07144582,-8.62840198080824 -52.07144584,-8.62840198080824 -52.07170537,-8.62837005080823 -52.07170539,-8.62837004080823 -52.07214492,-8.62809624080814 -52.07214493,-8.62809624080814 -52.07350195,-8.62695563080776 -52.07499678,-8.62600089080744 -52.07690983,-8.62494713080708 -52.07690984,-8.62494713080708 -52.07739492,-8.62450635080694 -52.07739492,-8.62450634080694 -52.07854297,-8.62302461080644 -52.07924991,-8.6225880908063 -52.07952967,-8.62255392080628 -52.07975624,-8.62263009080631 -52.0801697,-8.62299542080643 -52.08124301,-8.62551766080728 -52.08109666,-8.62643151080758 -52.08061543,-8.62701006080777 -52.08051149,-8.62701477080778 -52.08051148,-8.62701478080778 -52.08051147,-8.62701478080778 -52.07967598,-8.62774114080802 -52.07967597,-8.62774116080802 -52.07967596,-8.62774117080802 -52.07943917,-8.62830054080821 -52.07943917,-8.62830056080821 -52.07943916,-8.62830057080821 -52.07920615,-8.62985065080873 -52.07902239,-8.63027565080887 -52.07849336,-8.63075161080903 -52.07756328,-8.63132356080922 -52.07756327,-8.63132357080922 -52.07756326,-8.63132358080922 -52.07722528,-8.6318372308094 -52.07722527,-8.6318372408094 -52.07722527,-8.63183726080939 -52.07681323,-8.63342402080993 -52.07681322,-8.63342404080993 -52.07681322,-8.63342406080993 -52.07683208,-8.6339199408101 -52.07683208,-8.6339199608101 -52.07683209,-8.6339199708101 -52.07706287,-8.63469741081036 -52.07689767,-8.63532783081057 -52.07655364,-8.63560674081066 -52.07587239,-8.63578385081072 -52.07519343,-8.63574454081071 -52.07519342,-8.63574454081071 -52.0748192,-8.63583543081074 -52.07481918,-8.63583543081074 -52.07442175,-8.63610347081083 -52.07362499,-8.63642303081093 -52.07362498,-8.63642303081093 -52.0731507,-8.63679073081106 -52.07315069,-8.63679074081106 -52.07315068,-8.63679076081106 -52.07315067,-8.63679078081106 -52.07315067,-8.63679080081106 -52.07315067,-8.63679082081106 -52.07315067,-8.63679084081106 -52.07315067,-8.63679086081106 -52.07315068,-8.63679087081106 -52.07315069,-8.63679089081106 -52.07396173,-8.63770234081137 -52.07430959,-8.63840618081161 -52.07454329,-8.639577610812 -52.0745433,-8.639577630812 -52.07477326,-8.64024040081222 -52.07477327,-8.64024042081222 -52.07477328,-8.64024043081222 -52.07551709,-8.64115954081253 -52.0755171,-8.64115954081253 -52.07611512,-8.64172163081272 -52.07611513,-8.64172164081272 -52.07663844,-8.64200779081282 -52.07663845,-8.64200780081282 -52.07758044,-8.6422583108129 -52.07758046,-8.6422583108129 -52.07826392,-8.64216492081287 -52.07826393,-8.64216492081287 -52.07916953,-8.64183828081276 -52.08037921,-8.64160190081268 -52.08164526,-8.6416548108127 -52.08263012,-8.64189993081278 -52.08387751,-8.64271487081305 -52.08387752,-8.64271487081306 -52.08477285,-8.64310999081319 -52.08524686,-8.64342843081329 -52.08571319,-8.64389216081345 -52.08597553,-8.6443457508136 -52.08597611,-8.64466033081371 -52.08570231,-8.6452138708139 -52.08519034,-8.64568058081406 -52.08434371,-8.64623098081424 -52.0843437,-8.64623099081424 -52.08434369,-8.64623100081424 -52.08401527,-8.64684392081444 -52.08401526,-8.64684393081444 -52.08401526,-8.64684395081444 -52.08401525,-8.64684397081444 -52.08401525,-8.64684399081444 -52.08401526,-8.64684401081444 -52.08401526,-8.64684403081445 -52.08412492,-8.64709306081453 -52.08412493,-8.64709307081453 -52.08412494,-8.64709308081453 -52.0846318,-8.64753155081468 -52.0850468,-8.6476071308147 -52.08504682,-8.6476071408147 -52.08555121,-8.64752243081467 -52.08555122,-8.64752243081467 -52.08664305,-8.64697815081449 -52.08664306,-8.64697814081449 -52.08851413,-8.64562153081403 -52.08950567,-8.64503860081384 -52.09010525,-8.64484173081377 -52.09045778,-8.64501970081383 -52.09208951,-8.6467191708144 -52.09208952,-8.6467191808144 -52.09308033,-8.64739275081463 -52.09308034,-8.64739275081463 -52.09409748,-8.64783030081477 -52.09409749,-8.64783031081478 -52.09668328,-8.64844885081498 -52.0973905,-8.64896353081516 -52.09840332,-8.65135240081597 -52.09937178,-8.65299202081651 -52.09937179,-8.65299204081652 -52.0993718,-8.65299205081652 -52.09937181,-8.65299205081652 -52.09937182,-8.65299205081652 -52.09937184,-8.65299205081652 -52.09976039,-8.65284221081647 -52.0997604,-8.65284220081647 -52.09976042,-8.65284218081647 -52.09991278,-8.6526260508164 -52.09991279,-8.65262603081639 -52.0999128,-8.65262601081639 -52.10047125,-8.65021114081558 -52.100837,-8.64970691081541 -52.10083701,-8.64970689081541 -52.10093395,-8.64942280081531 -52.10184466,-8.64829808081493 -52.10368575,-8.64692866081447 -52.10368576,-8.64692865081447 -52.10438704,-8.64599652081416 -52.10438705,-8.64599651081416 -52.10438706,-8.64599650081416 -52.10475413,-8.64495259081381 -52.10475413,-8.64495256081381 -52.10475413,-8.64495254081381 -52.10474029,-8.64406441081351 -52.10474029,-8.64406439081351 -52.10456633,-8.64300410081315 -52.10446155,-8.64139923081261 -52.10447407,-8.64084412081243 -52.10470808,-8.64042265081228 -52.10563358,-8.64006789081216 -52.106253,-8.63968165081203 -52.10625301,-8.63968165081203 -52.10720801,-8.63878048081173 -52.10911059,-8.63752437081131 -52.1091106,-8.63752436081131 -52.11060875,-8.63607341081082 -52.11060876,-8.63607339081082 -52.11157075,-8.63445140081027 -52.11182731,-8.63416234081018 -52.11182732,-8.63416232081018 -52.1124222,-8.63294007080977 -52.1124222,-8.63294006080977 -52.1132398,-8.63092050080909 -52.11400429,-8.6294634208086 -52.1140043,-8.6294634108086 -52.1140043,-8.6294633908086 -52.11422801,-8.62810239080815 -52.11468543,-8.62722721080785 -52.11530103,-8.6267611708077 -52.11723339,-8.62663895080765 -52.1172334,-8.62663895080765 -52.11827086,-8.62627360080753 -52.11875001,-8.62626583080753 -52.11911336,-8.62638711080757 -52.1196186,-8.62727408080787 -52.11961861,-8.62727410080786 -52.11961862,-8.62727411080787 -52.11996249,-8.62747589080793 -52.1199625,-8.62747589080793 -52.11996251,-8.62747590080793 -52.12064917,-8.62747072080793 -52.12064918,-8.62747071080793 -52.12190562,-8.62709929080781 -52.12383466,-8.62695451080776 -52.12383467,-8.62695451080776 -52.12524446,-8.62646911080759 -52.12524447,-8.6264691108076 -52.12839873,-8.62435883080689 -52.12839874,-8.62435883080689 -52.13000673,-8.62308291080646 -52.13000674,-8.62308291080646 -52.13067207,-8.62227679080619 -52.13067207,-8.62227678080619 -52.13154876,-8.62089014080573 -52.13154877,-8.62089012080573 -52.1323845,-8.61879952080502 -52.13269409,-8.61838028080489 -52.13290363,-8.61823237080484 -52.13366238,-8.61808180080479 -52.13473699,-8.61822161080483 -52.134737,-8.61822161080483 -52.13591446,-8.61821850080483 -52.13732509,-8.61797973080475 -52.1387399,-8.61823768080484 -52.13873991,-8.61823768080484 -52.13972183,-8.61823483080484 -52.13972184,-8.61823483080484 -52.14037338,-8.61798203080475 -52.1403734,-8.61798202080475 -52.14089411,-8.61748502080459 -52.14263408,-8.61553404080393 -52.14263408,-8.61553403080393 -52.14427361,-8.6133272008032 -52.14427362,-8.6133271808032 -52.14459295,-8.61264844080297 -52.14459295,-8.61264842080297 -52.14459296,-8.61264840080297 -52.14474602,-8.61128862080251 -52.1450665,-8.61077515080234 -52.14506651,-8.61077514080234 -52.14506651,-8.61077512080234 -52.14506652,-8.61077510080234 -52.14506652,-8.61077508080234 -52.14506117,-8.61056737080227 -52.14600817,-8.60928076080184 -52.14623845,-8.60807004080144 -52.14668684,-8.60711351080112 -52.14668685,-8.60711349080112 -52.14668685,-8.60711347080112 -52.1467607,-8.60593818080073 -52.14690254,-8.60575783080067 -52.14733687,-8.60562451080062 -52.14733688,-8.60562451080062 -52.14733689,-8.60562450080062 -52.1473369,-8.60562449080062 -52.14733691,-8.60562448080062 -52.14739393,-8.60549011080058 -52.14739393,-8.60549009080058 -52.14739394,-8.60549007080058 -52.14739394,-8.60549005080058 -52.14739394,-8.60549003080058 -52.14739393,-8.60549001080058 -52.14739392,-8.60549000080058 -52.14739391,-8.60548998080058 -52.1473939,-8.60548997080058 -52.14699199,-8.6052715008005 -52.1462851,-8.60449452080024 -52.14625977,-8.60428362080018 -52.14646412,-8.60398896080008 -52.14671226,-8.60393816080006 -52.14722893,-8.60433303080019 -52.14722895,-8.60433303080019 -52.14778054,-8.60439618080021 -52.14778055,-8.60439618080021 -52.14833205,-8.60431706080018 -52.14833207,-8.60431705080019 -52.14833208,-8.60431704080018 -52.14843475,-8.60414869080013 -52.14843476,-8.60414868080013 -52.14843476,-8.60414866080013 -52.14843477,-8.60414864080013 -52.14843477,-8.60414861080013 -52.14843476,-8.60414859080013 -52.14843475,-8.60414858080013 -52.14824271,-8.60378494080001 -52.14827088,-8.60361542079995 -52.14890981,-8.60380252080001 -52.14890982,-8.60380252080001 -52.14890983,-8.60380252080001 -52.14935808,-8.60357938079994 -52.1493581,-8.60357937079994 -52.14935811,-8.60357936079994 -52.14960941,-8.60320043079981 -52.15006592,-8.60305337079976 -52.1502626,-8.6031570807998 -52.15022397,-8.6034563507999 -52.14984535,-8.60410653080011 -52.14984534,-8.60410655080011 -52.14984534,-8.60410657080012 -52.14984534,-8.60410659080012 -52.14984534,-8.60410661080011 -52.14984534,-8.60410663080012 -52.14984535,-8.60410665080011 -52.14993359,-8.60428883080018 -52.15053732,-8.60424679080016 -52.15111491,-8.60450363080025 -52.15111493,-8.60450363080025 -52.15127523,-8.60445183080023 -52.15127524,-8.60445182080023 -52.15127526,-8.60445181080023 -52.15153995,-8.6040589708001 -52.15181128,-8.60410080080011 -52.15180477,-8.6043678008002 -52.15150046,-8.60478573080034 -52.15150045,-8.60478575080034 -52.15150044,-8.60478576080034 -52.15132467,-8.60535634080053 -52.15096893,-8.60574252080066 -52.15096892,-8.60574254080066 -52.15096891,-8.60574256080066 -52.15096891,-8.60574258080066 -52.1509689,-8.60574260080066 -52.15096891,-8.60574262080066 -52.15096891,-8.60574264080066 -52.15112178,-8.60617946080081 -52.15112179,-8.60617947080081 -52.1511218,-8.60617948080081 -52.15112181,-8.60617949080081 -52.15112182,-8.60617950080081 -52.15112183,-8.60617950080081 -52.15167693,-8.60622484080082 -52.15203206,-8.60636044080087 -52.15212249,-8.60655547080093 -52.15211636,-8.60722892080116 -52.15211636,-8.60722895080116 -52.15211636,-8.60722896080116 -52.15211637,-8.60722898080116 -52.15211638,-8.60722900080116 -52.15211639,-8.60722901080116 -52.15291695,-8.60780625080135 -52.15310294,-8.60840324080155 -52.15325279,-8.60954356080193 -52.1532528,-8.60954359080193 -52.15342429,-8.60991236080205 -52.1534243,-8.60991238080206 -52.15342431,-8.60991239080205 -52.15390327,-8.61037304080221 -52.15390328,-8.61037305080221 -52.15478114,-8.61075877080234 -52.1555713,-8.6121386808028 -52.15557131,-8.6121386908028 -52.15557132,-8.6121387008028 -52.15580886,-8.61227525080285 -52.15580887,-8.61227526080284 -52.15580888,-8.61227526080284 -52.1558089,-8.61227525080285 -52.15646991,-8.61188737080271 -52.15646992,-8.61188736080271 -52.15646993,-8.61188734080271 -52.15646994,-8.61188732080271 -52.15662075,-8.61144730080257 -52.15662075,-8.61144728080257 -52.15662075,-8.61144726080257 -52.15662075,-8.61144724080257 -52.15653273,-8.6106458108023 -52.15662159,-8.61050338080225 -52.15718899,-8.61056557080227 -52.157189,-8.61056557080227 -52.15718902,-8.61056557080227 -52.15718903,-8.61056556080227 -52.15728379,-8.61045335080223 -52.1572838,-8.61045334080223 -52.15728381,-8.61045332080223 -52.15728381,-8.61045330080223 -52.15728382,-8.61045328080223 -52.15728449,-8.61023198080216 -52.15728449,-8.61023195080216 -52.15728449,-8.61023193080216 -52.15728448,-8.61023192080216 -52.15706973,-8.60986213080203 -52.15706971,-8.60986211080204 -52.15656765,-8.60936167080187 -52.1564381,-8.60909782080178 -52.1566759,-8.60872675080166 -52.15725074,-8.60848843080158 -52.15725076,-8.60848841080158 -52.15745523,-8.60828085080151 -52.15745524,-8.60828084080151 -52.15745525,-8.60828082080151 -52.15745526,-8.60828080080151 -52.15745526,-8.60828078080151 -52.15745526,-8.60828076080151 -52.15745526,-8.60828074080151 -52.15732764,-8.60777624080134 -52.15732763,-8.60777621080134 -52.15627397,-8.60589346080071 -52.15622886,-8.60553694080059 -52.15632421,-8.60542919080056 -52.15643956,-8.60544815080056 -52.15709971,-8.60594145080073 -52.15709973,-8.60594144080073 -52.15724531,-8.60574185080066 -52.15738471,-8.60475977080033 -52.15750367,-8.6046691508003 -52.15855883,-8.60534868080053 -52.15855884,-8.60534869080053 -52.15855885,-8.60534869080053 -52.15958062,-8.60541767080055 -52.15958064,-8.60541767080055 -52.16036414,-8.60512169080045 -52.16036416,-8.60512168080045 -52.16105133,-8.60450643080025 -52.16173908,-8.60411441080012 -52.16244934,-8.60416897080014 -52.16338951,-8.60445895080023 -52.1659593,-8.6049574108004 -52.16992808,-8.60531748080052 -52.16992809,-8.60531748080052 -52.17042336,-8.6052664508005 -52.17042337,-8.6052664508005 -52.17091943,-8.60509126080044 -52.17091944,-8.60509125080044 -52.17141029,-8.60476378080033 -52.17183233,-8.6043504308002 -52.17218115,-8.60402370080009 -52.17218116,-8.60402369080009 -52.17244552,-8.60362258079995 -52.17244553,-8.60362256079996 -52.17244554,-8.60362254079995 -52.17244554,-8.60362252079996 -52.17246928,-8.60270036079964 -52.17259723,-8.60212986079946 -52.1727914,-8.60179926079935 -52.17314671,-8.60159387079928 -52.17397382,-8.60143846079922 -52.17397383,-8.60143846079922 -52.1745132,-8.60104480079909 -52.17575329,-8.60181196079935 -52.17575331,-8.60181196079935 -52.17575332,-8.60181197079935 -52.17590137,-8.60179126079934 -52.17590138,-8.60179126079934 -52.1759014,-8.60179125079935 -52.1761547,-8.60153715079926 -52.17615471,-8.60153713079926 -52.17615472,-8.60153712079926 -52.17621949,-8.60129382079918 -52.17621949,-8.60129380079918 -52.17621949,-8.60129378079918 -52.17621949,-8.60129376079918 -52.17621949,-8.60129374079918 -52.17595868,-8.60054322079893 -52.17666022,-8.60003348079876 -52.17688875,-8.59998176079874 -52.17733818,-8.60024458079883 -52.17733819,-8.60024458079883 -52.1773382,-8.60024458079883 -52.17761907,-8.60024453079883 -52.17761908,-8.60024453079883 -52.1776191,-8.60024452079883 -52.17761911,-8.60024450079883 -52.17776388,-8.60003240079876 -52.17776389,-8.60003238079876 -52.1777639,-8.60003236079875 -52.17787055,-8.59949754079858 -52.17804396,-8.59946213079857 -52.17850877,-8.59999711079874 -52.17850878,-8.59999712079874 -52.17886498,-8.6001698107988 -52.17886499,-8.6001698207988 -52.17978658,-8.60020119079882 -52.17978659,-8.60020119079882 -52.1797866,-8.60020119079882 -52.18013622,-8.60000542079875 -52.18013623,-8.60000541079875 -52.18077709,-8.59932163079852 -52.1813337,-8.5992614407985 -52.18188333,-8.5995470407986 -52.18282179,-8.60029692079885 -52.1832605,-8.60078006079901 -52.18404119,-8.60189603079938 -52.1840412,-8.60189604079938 -52.18404121,-8.60189605079938 -52.18404123,-8.60189605079938 -52.18404124,-8.60189605079938 -52.18444298,-8.60173129079932 -52.18444299,-8.60173129079932 -52.18487208,-8.60141272079922 -52.18487209,-8.60141271079922 -52.1848721,-8.60141269079922 -52.18487211,-8.60141268079922 -52.18506486,-8.60083708079903 -52.18506486,-8.60083706079903 -52.18506486,-8.60083704079903 -52.18506486,-8.60083702079903 -52.18506486,-8.60083700079902 -52.18489022,-8.60025309079883 -52.18498753,-8.60003042079876 -52.18523972,-8.59989742079871 -52.18618257,-8.59989172079871 -52.18618258,-8.59989172079871 -52.18618259,-8.59989171079871 -52.18646679,-8.59972457079865 -52.1864668,-8.59972456079865 -52.18646681,-8.59972454079865 -52.18667968,-8.59932797079852 -52.18699376,-8.59912685079846 -52.18786803,-8.59912808079845 -52.18786805,-8.59912808079845 -52.18893147,-8.5986663907983 -52.1893808,-8.59871012079832 -52.18978445,-8.5989546607984 -52.18981558,-8.5992490807985 -52.18941067,-8.60017918079881 -52.18941067,-8.60017920079881 -52.18941066,-8.6001792207988 -52.18941066,-8.6001792407988 -52.18943811,-8.60066443079897 -52.18943811,-8.60066445079897 -52.18943811,-8.60066447079896 -52.18943812,-8.60066449079897 -52.18943813,-8.60066450079897 -52.18943814,-8.60066451079897 -52.18970863,-8.60086683079903 -52.18970864,-8.60086683079903 -52.18970865,-8.60086684079904 -52.18992925,-8.60089818079904 -52.18992927,-8.60089818079904 -52.19059371,-8.60069352079898 -52.19059372,-8.60069351079898 -52.19059373,-8.60069350079898 -52.19079876,-8.6004563007989 -52.19079877,-8.6004562907989 -52.19079877,-8.6004562707989 -52.19079878,-8.6004562507989 -52.19098523,-8.5992747507985 -52.19128284,-8.59868905079831 -52.19208511,-8.59831041079818 -52.19299982,-8.59827883079817 -52.19405678,-8.59874427079833 -52.19405679,-8.59874427079833 -52.1953174,-8.59905532079843 -52.19538174,-8.59995740079873 -52.19538175,-8.59995742079873 -52.19547988,-8.60008642079877 -52.19547989,-8.60008643079877 -52.19547991,-8.60008644079877 -52.19592163,-8.60018947079881 -52.1959991,-8.60033635079886 -52.19597478,-8.60061978079895 -52.19597478,-8.60061981079895 -52.19597478,-8.60061983079895 -52.19597479,-8.60061985079895 -52.19597479,-8.60061986079895 -52.19615669,-8.60086992079903 -52.1961567,-8.60086993079904 -52.19615672,-8.60086994079904 -52.19615673,-8.60086995079903 -52.19615674,-8.60086995079903 -52.19652643,-8.60079075079901 -52.19652645,-8.60079074079901 -52.19652646,-8.60079073079901 -52.19708722,-8.60011255079878 -52.19734223,-8.59993229079872 -52.19772098,-8.59997722079874 -52.19834007,-8.60041183079888 -52.19849456,-8.60064009079896 -52.19855673,-8.60098055079907 -52.19849456,-8.60157567079927 -52.19835867,-8.60185265079936 -52.19835866,-8.60185267079936 -52.19835866,-8.60185269079936 -52.19835866,-8.60185271079937 -52.19835866,-8.60185273079936 -52.19835867,-8.60185275079936 -52.19835868,-8.60185276079936 -52.19835869,-8.60185278079936 -52.1986853,-8.60218378079947 -52.19868531,-8.60218379079947 -52.19868533,-8.60218379079947 -52.19894767,-8.6022565907995 -52.19894769,-8.6022565907995 -52.19942289,-8.6022588307995 -52.1994229,-8.6022588307995 -52.19997142,-8.60213977079946 -52.19997144,-8.60213976079946 -52.2001533,-8.60191947079939 -52.20015331,-8.60191945079939 -52.20015331,-8.60191944079939 -52.20015332,-8.60191942079939 -52.20015332,-8.60191939079939 -52.20015136,-8.60167922079931 -52.20015136,-8.60167920079931 -52.20015135,-8.60167918079931 -52.20015135,-8.60167916079931 -52.20015134,-8.60167915079931 -52.19993911,-8.60144743079923 -52.1999391,-8.60144742079923 -52.19954873,-8.60125917079917 -52.19953675,-8.60108371079911 -52.19981279,-8.60080829079902 -52.19999534,-8.600779090799 -52.2005693,-8.60094455079906 -52.20075622,-8.60112810079912 -52.20086257,-8.6013698407992 -52.20086243,-8.60181420079935 -52.20086243,-8.60181422079935 -52.20086243,-8.60181423079935 -52.20086244,-8.60181425079935 -52.20086245,-8.60181426079935 -52.20105885,-8.60209384079944 -52.20105886,-8.60209385079945 -52.2020346,-8.60220043079948 -52.20250171,-8.60264728079963 -52.20250173,-8.60264729079963 -52.20250174,-8.60264729079963 -52.20250175,-8.60264729079963 -52.20287956,-8.60245622079957 -52.20310723,-8.60248065079957 -52.20358929,-8.60306703079977 -52.2035893,-8.60306704079977 -52.20358931,-8.60306704079977 -52.20358933,-8.60306705079977 -52.20358934,-8.60306704079977 -52.20426372,-8.60277274079967 -52.20426374,-8.60277273079967 -52.20578254,-8.60157273079927 -52.20672081,-8.6010679907991 -52.20724396,-8.60092048079905 -52.20784418,-8.60090203079904 -52.20860444,-8.60120749079915 -52.20903315,-8.60152641079926 -52.20929124,-8.60188928079937 -52.20917131,-8.60241924079955 -52.20861719,-8.60382029080002 -52.20861719,-8.60382031080002 -52.20861718,-8.60382033080002 -52.20861678,-8.60413474080012 -52.20861678,-8.60413476080012 -52.20861679,-8.60413478080013 -52.20861679,-8.60413480080013 -52.20874742,-8.60441060080022 -52.20874743,-8.60441061080022 -52.20874744,-8.60441062080022 -52.20874745,-8.60441063080022 -52.20922624,-8.60456687080027 -52.20922625,-8.60456687080027 -52.20922627,-8.60456687080027 -52.21110636,-8.6040605208001 -52.21198149,-8.60393936080006 -52.2126706,-8.60399734080008 -52.21301859,-8.60415190080013 -52.21325156,-8.60454270080026 -52.21326917,-8.60557612080061 -52.2131254,-8.6061604608008 -52.21265814,-8.60732382080119 -52.21265814,-8.60732384080119 -52.21265813,-8.60732386080119 -52.21262233,-8.60798219080141 -52.21262234,-8.60798221080141 -52.21262234,-8.60798223080141 -52.21262234,-8.60798225080141 -52.21262235,-8.60798226080141 -52.21262236,-8.60798227080141 -52.21281906,-8.60819689080148 -52.21281907,-8.60819689080148 -52.21281908,-8.60819690080148 -52.21306906,-8.60828434080151 -52.21306908,-8.60828435080151 -52.21471435,-8.60807077080144 -52.2157795,-8.60818585080148 -52.21620583,-8.60839655080155 -52.21681363,-8.60904953080177 -52.21713338,-8.60967777080197 -52.21735609,-8.61090620080239 -52.2173561,-8.61090621080239 -52.2175426,-8.61145247080257 -52.21754261,-8.61145248080257 -52.21754261,-8.61145250080257 -52.21869553,-8.61292318080306 -52.21869554,-8.61292319080306 -52.21949152,-8.61376561080334 -52.21949153,-8.61376561080334 -52.22028617,-8.61432709080353 -52.22126378,-8.61534356080387 -52.22163919,-8.61561017080396 -52.2216392,-8.61561017080396 -52.22188588,-8.61565515080397 -52.2218859,-8.61565515080397 -52.22188591,-8.61565515080398 -52.22224291,-8.6154456508039 -52.22224293,-8.6154456408039 -52.22224294,-8.6154456308039 -52.22224294,-8.6154456108039 -52.22224295,-8.6154456008039 -52.22224295,-8.6154455808039 -52.22227454,-8.61490627080372 -52.22227454,-8.61490626080372 -52.22227453,-8.61490624080372 -52.22227453,-8.61490622080372 -52.22213237,-8.61449000080358 -52.22217462,-8.61431933080353 -52.22254967,-8.6142338108035 -52.22277541,-8.61465411080364 -52.22277542,-8.61465412080364 -52.22277543,-8.61465413080364 -52.22277544,-8.61465414080364 -52.22306758,-8.61473906080367 -52.22306759,-8.61473906080367 -52.2230676,-8.61473906080367 -52.22306761,-8.61473905080367 -52.22326834,-8.61461269080362 -52.22326835,-8.61461269080362 -52.22326836,-8.61461268080363 -52.22387243,-8.61372345080333 -52.22427002,-8.61335340080321 -52.2248318,-8.61311253080312 -52.22579544,-8.61314128080313 -52.22549262,-8.61472862080366 -52.22549262,-8.61472864080366 -52.22551212,-8.61518458080381 -52.22551213,-8.61518460080382 -52.22551213,-8.61518462080382 -52.22551214,-8.61518463080382 -52.22567659,-8.61546357080391 -52.2256766,-8.61546358080391 -52.22567662,-8.61546359080391 -52.22584505,-8.61555657080394 -52.22630161,-8.61554983080394 -52.22630162,-8.61554983080394 -52.22630163,-8.61554982080394 -52.22690458,-8.61519320080382 -52.2269046,-8.61519319080382 -52.22690461,-8.61519318080382 -52.22690462,-8.61519316080382 -52.22700735,-8.6148470308037 -52.22700736,-8.6148470108037 -52.22700736,-8.6148469908037 -52.22700736,-8.6148469708037 -52.22700735,-8.61484695080371 -52.22700735,-8.6148469408037 -52.2267155,-8.61431738080353 -52.22688473,-8.61411353080346 -52.22723464,-8.61409608080345 -52.22797401,-8.61446014080357 -52.22797402,-8.61446014080357 -52.22797404,-8.61446014080357 -52.22797405,-8.61446014080357 -52.22843087,-8.61427778080351 -52.22843088,-8.61427777080351 -52.22903858,-8.61382634080336 -52.22938008,-8.61380349080336 -52.2294583,-8.6139359108034 -52.22939265,-8.61421871080349 -52.22873624,-8.61493826080373 -52.22873623,-8.61493827080373 -52.22853618,-8.61526426080384 -52.22853617,-8.61526427080384 -52.22853617,-8.61526429080384 -52.22853616,-8.61526431080384 -52.22853616,-8.61526434080384 -52.22856738,-8.61554315080394 -52.22856739,-8.61554316080394 -52.2285674,-8.61554317080394 -52.22898249,-8.61546100080391 -52.2289825,-8.61546099080391 -52.22997171,-8.6148496008037 -52.22997172,-8.6148495908037 -52.23133418,-8.6133322208032 -52.23164352,-8.61323513080316 -52.23209227,-8.61331775080319 -52.23209228,-8.61331775080319 -52.2323124,-8.61327677080318 -52.23231241,-8.61327677080318 -52.23231242,-8.61327676080318 -52.23231243,-8.61327675080318 -52.23231244,-8.61327674080318 -52.23231244,-8.61327672080318 -52.23248896,-8.61265135080297 -52.2326949,-8.61259281080295 -52.23292983,-8.61267742080298 -52.23324244,-8.61329142080318 -52.23324245,-8.61329143080318 -52.23324246,-8.61329144080318 -52.23324247,-8.61329145080319 -52.23324249,-8.61329145080319 -52.2332425,-8.61329145080319 -52.23324251,-8.61329144080318 -52.2335395,-8.61306390080311 -52.23353951,-8.61306389080311 -52.23353952,-8.61306388080311 -52.23353953,-8.61306386080311 -52.23369023,-8.61253792080293 -52.23394266,-8.61248302080291 -52.23417775,-8.61268959080298 -52.23436586,-8.61325417080317 -52.23436587,-8.61325418080317 -52.23551613,-8.61368515080331 -52.23574496,-8.6139378908034 -52.23573621,-8.61417706080348 -52.23504332,-8.6148222608037 -52.23504331,-8.61482227080369 -52.2350433,-8.6148222908037 -52.23504329,-8.6148223008037 -52.23504329,-8.61482232080369 -52.23504329,-8.61482234080369 -52.23504329,-8.6148223608037 -52.2350433,-8.61482238080369 -52.2350857,-8.61494401080374 -52.23499616,-8.61516554080381 -52.23499616,-8.61516556080381 -52.23499615,-8.61516558080381 -52.23499615,-8.61516560080381 -52.23499616,-8.61516562080381 -52.23499616,-8.61516564080381 -52.23515748,-8.61554891080394 -52.23515749,-8.61554893080394 -52.2351575,-8.61554894080394 -52.23515752,-8.61554895080394 -52.23540678,-8.61564265080397 -52.2354068,-8.61564265080397 -52.23568923,-8.61560093080395 -52.23568924,-8.61560093080395 -52.23624924,-8.61532492080386 -52.23624925,-8.61532491080387 -52.23673529,-8.61496623080374 -52.2367353,-8.61496622080374 -52.23673531,-8.61496620080374 -52.23684596,-8.61472660080366 -52.23684596,-8.61472658080366 -52.23684597,-8.61472657080366 -52.23684597,-8.61472655080367 -52.23686929,-8.61398844080341 -52.23686929,-8.61398842080342 -52.23686929,-8.61398840080342 -52.23686928,-8.61398839080342 -52.23686928,-8.61398837080341 -52.23686926,-8.61398836080341 -52.23655136,-8.61370863080332 -52.23647887,-8.61330553080319 -52.23684933,-8.61293042080306 -52.23684934,-8.61293041080306 -52.23684935,-8.61293040080306 -52.23684935,-8.61293038080306 -52.23689609,-8.61257884080294 -52.2368961,-8.61257882080294 -52.23689609,-8.61257880080294 -52.23689609,-8.61257878080295 -52.23689608,-8.61257876080295 -52.23689607,-8.61257875080295 -52.23689606,-8.61257874080294 -52.23689605,-8.61257873080295 -52.23605457,-8.61234709080287 -52.23599353,-8.61222271080283 -52.23644002,-8.61045465080223 -52.23658567,-8.6103536708022 -52.23658569,-8.6103536608022 -52.2365857,-8.6103536508022 -52.2365857,-8.6103536308022 -52.23658571,-8.6103536108022 -52.23662123,-8.61010928080212 -52.23683974,-8.609753110802 -52.23713508,-8.6094413008019 -52.23776839,-8.60904932080177 -52.23828982,-8.60892741080172 -52.23904756,-8.60894326080173 -52.23934412,-8.60908337080178 -52.23940169,-8.60922294080182 -52.23889877,-8.61054790080226 -52.23889877,-8.61054792080227 -52.23889876,-8.61054794080227 -52.23889876,-8.61054796080226 -52.23889877,-8.61054798080226 -52.23904516,-8.61103477080243 -52.23904517,-8.61103479080243 -52.23904518,-8.61103480080243 -52.23928991,-8.6112492608025 -52.23928992,-8.6112492708025 -52.23928994,-8.6112492708025 -52.2397565,-8.6112402308025 -52.23975651,-8.6112402308025 -52.23975652,-8.6112402208025 -52.23975653,-8.6112402108025 -52.24020719,-8.61076709080234 -52.24062391,-8.6109504308024 -52.24093502,-8.61135095080254 -52.24093504,-8.61135096080253 -52.2411625,-8.61148326080258 -52.24116251,-8.61148327080258 -52.24116253,-8.61148327080258 -52.24140582,-8.61145069080257 -52.24140584,-8.61145068080257 -52.24196352,-8.61106763080245 -52.24219093,-8.61120447080249 -52.24249643,-8.61160003080262 -52.24249644,-8.61160004080262 -52.24249645,-8.61160005080262 -52.24316672,-8.6118537208027 -52.24364397,-8.61284472080303 -52.2434719,-8.61301959080309 -52.2426164,-8.61301609080309 -52.24261639,-8.61301610080309 -52.2421143,-8.61314002080313 -52.24211428,-8.61314003080313 -52.24156506,-8.61350633080326 -52.24156505,-8.61350635080325 -52.24156504,-8.61350636080325 -52.24156503,-8.61350638080326 -52.24156503,-8.61350640080325 -52.24151409,-8.61384584080337 -52.24151409,-8.61384587080337 -52.24151409,-8.61384589080337 -52.24151409,-8.61384591080337 -52.2415141,-8.61384592080337 -52.24166942,-8.61412065080346 -52.24166943,-8.61412067080346 -52.24166944,-8.61412068080346 -52.24274966,-8.61489532080372 -52.24278991,-8.61516067080381 -52.24257553,-8.615730980804 -52.24257552,-8.615730990804 -52.24257552,-8.615731010804 -52.24257552,-8.615731030804 -52.24257552,-8.615731050804 -52.24257553,-8.615731070804 -52.24265165,-8.61594634080407 -52.24265166,-8.61594636080407 -52.24265167,-8.61594638080407 -52.24303736,-8.61630547080419 -52.24303737,-8.61630548080419 -52.24426562,-8.61671308080433 -52.24426563,-8.61671308080433 -52.24526229,-8.61677889080435 -52.2452623,-8.61677889080435 -52.24526231,-8.61677889080435 -52.24573443,-8.61653955080427 -52.24573444,-8.61653954080427 -52.24573445,-8.61653953080427 -52.24573446,-8.61653951080427 -52.24584687,-8.61619864080416 -52.24580637,-8.61567287080398 -52.24594067,-8.61537427080388 -52.24626763,-8.61537726080388 -52.24639093,-8.61589993080405 -52.24639094,-8.61589994080406 -52.24639095,-8.61589995080405 -52.24660902,-8.6160439508041 -52.24660904,-8.6160439608041 -52.24660905,-8.6160439608041 -52.24660907,-8.6160439508041 -52.24692482,-8.61585660080404 -52.24692483,-8.61585659080404 -52.24756807,-8.61516080080381 -52.24792407,-8.61509643080378 -52.24812254,-8.61520270080382 -52.24817909,-8.61534957080387 -52.24792414,-8.61617113080415 -52.24792414,-8.61617115080415 -52.24792414,-8.61617118080415 -52.24793872,-8.61677198080435 -52.24793872,-8.61677201080435 -52.24793872,-8.61677203080435 -52.24812289,-8.6172236908045 -52.24812291,-8.6172237108045 -52.24843066,-8.61760513080462 -52.24843067,-8.61760513080462 -52.24843068,-8.61760512080463 -52.25031738,-8.61627336080418 -52.25080055,-8.61617049080414 -52.25125287,-8.61628015080418 -52.25157377,-8.61650026080425 -52.25164631,-8.61668788080432 -52.25161774,-8.61713713080447 -52.25161774,-8.61713715080447 -52.25161775,-8.61713717080447 -52.25161775,-8.61713719080447 -52.25174088,-8.61738298080455 -52.25174089,-8.61738300080455 -52.2517409,-8.61738301080455 -52.25174091,-8.61738302080455 -52.25174093,-8.61738302080455 -52.25245754,-8.61746603080458 -52.25292439,-8.61770355080466 -52.2529244,-8.61770356080466 -52.25292441,-8.61770356080466 -52.25292442,-8.61770355080466 -52.25325607,-8.61757660080462 -52.25325608,-8.61757659080462 -52.25325609,-8.61757658080462 -52.2532561,-8.61757656080461 -52.25325611,-8.61757654080462 -52.25349311,-8.61654059080427 -52.25385385,-8.61640091080422 -52.2540579,-8.61649336080426 -52.25425689,-8.61674329080434 -52.25426108,-8.61764890080464 -52.25426109,-8.61764893080464 -52.25426109,-8.61764895080464 -52.2542611,-8.61764896080464 -52.25438223,-8.61785828080471 -52.25438224,-8.61785829080471 -52.25438225,-8.61785830080471 -52.25438226,-8.61785831080471 -52.25438228,-8.61785831080471 -52.25533616,-8.61780971080469 -52.25569032,-8.61786615080471 -52.25617995,-8.61814069080481 -52.25649617,-8.61863712080498 -52.25649618,-8.61863713080497 -52.25649619,-8.61863714080497 -52.25678993,-8.61881499080503 -52.25678995,-8.61881500080503 -52.25678996,-8.61881499080503 -52.25834733,-8.61820924080483 -52.25834734,-8.61820924080483 -52.25834736,-8.61820922080483 -52.25862632,-8.61776316080468 -52.25862633,-8.61776314080468 -52.25862633,-8.61776312080468 -52.25862633,-8.61776310080468 -52.25862633,-8.61776308080468 -52.25862633,-8.61776306080468 -52.25829807,-8.61686655080438 -52.25829806,-8.61686653080438 -52.25829805,-8.61686651080438 -52.25701444,-8.61558095080395 -52.25702582,-8.6154360608039 -52.25796569,-8.61532477080386 -52.25796571,-8.61532477080386 -52.25796572,-8.61532476080386 -52.25796573,-8.61532474080386 -52.2581262,-8.61508515080378 -52.25812621,-8.61508514080378 -52.25812622,-8.61508511080378 -52.25819642,-8.61474565080367 -52.25831688,-8.61456804080361 -52.25846747,-8.61451513080359 -52.25900877,-8.61471600080366 -52.25969378,-8.61548236080392 -52.26052817,-8.61673408080433 -52.26085507,-8.61746549080458 -52.26136032,-8.61993336080541 -52.26150729,-8.62117632080582 -52.2615073,-8.62117635080582 -52.26169302,-8.62153128080594 -52.26169303,-8.62153130080594 -52.26169304,-8.62153131080594 -52.26169305,-8.62153131080594 -52.26169306,-8.62153132080594 -52.26203081,-8.62153850080594 -52.26203082,-8.62153850080594 -52.26203084,-8.62153850080594 -52.26203085,-8.62153849080594 -52.26268274,-8.62079412080569 -52.26308658,-8.6207917708057 -52.2637712,-8.62097224080575 -52.26377121,-8.62097224080575 -52.26377122,-8.62097224080575 -52.26412262,-8.62087799080572 -52.26412264,-8.62087798080572 -52.26427057,-8.62074643080568 -52.26427058,-8.62074642080568 -52.26427059,-8.62074641080568 -52.26455448,-8.62019372080549 -52.26510702,-8.61959674080529 -52.26575126,-8.61909598080513 -52.26689599,-8.61888342080505 -52.266896,-8.61888342080505 -52.26689601,-8.61888341080506 -52.26702097,-8.61875603080501 -52.26702098,-8.61875602080501 -52.26702099,-8.61875600080501 -52.26702099,-8.61875598080501 -52.267021,-8.61875597080501 -52.267021,-8.61875595080501 -52.26701841,-8.61863830080497 -52.2670184,-8.61863826080498 -52.26701839,-8.61863824080497 -52.26654603,-8.6181237608048 -52.26667293,-8.61790373080473 -52.26688785,-8.61786210080471 -52.26855216,-8.61805639080478 -52.26886079,-8.61819753080482 -52.26934115,-8.61869084080499 -52.26934116,-8.61869085080499 -52.26953349,-8.61875458080501 -52.2695335,-8.61875458080501 -52.26953351,-8.61875458080501 -52.26953352,-8.61875457080501 -52.26953354,-8.61875456080501 -52.26966135,-8.61859883080496 -52.26966136,-8.61859881080496 -52.26966137,-8.61859880080496 -52.27018767,-8.61669168080432 -52.27046748,-8.61637214080421 -52.27104938,-8.61601025080409 -52.2714802,-8.6166340408043 -52.27159274,-8.61765075080464 -52.27159274,-8.61765076080464 -52.27159275,-8.61765078080464 -52.27159275,-8.61765079080464 -52.27186086,-8.61810055080479 -52.27258716,-8.61838025080488 -52.27258717,-8.61838025080488 -52.2742365,-8.61858792080496 -52.27503153,-8.61897399080509 -52.27536816,-8.61936907080522 -52.27616652,-8.62117048080582 -52.27616654,-8.62117049080582 -52.27736685,-8.62267417080632 -52.27733713,-8.62298813080643 -52.27720104,-8.62316072080649 -52.27613876,-8.62360261080663 -52.27613875,-8.62360262080663 -52.27613873,-8.62360263080663 -52.27613872,-8.62360265080664 -52.27591514,-8.62414284080681 -52.27558142,-8.62464951080698 -52.27506666,-8.62509409080713 -52.27506664,-8.62509410080714 -52.27506663,-8.62509412080713 -52.27490019,-8.62556420080729 -52.27490018,-8.62556422080729 -52.27490018,-8.62556424080729 -52.27490018,-8.62556426080729 -52.27490019,-8.62556428080729 -52.2749002,-8.62556431080729 -52.27518808,-8.62597002080743 -52.27518809,-8.62597003080743 -52.27587809,-8.62658645080763 -52.27614428,-8.62721841080784 -52.27616103,-8.62787854080807 -52.27588525,-8.62919771080851 -52.27563841,-8.6297688908087 -52.27549109,-8.62982146080872 -52.27512063,-8.62961311080865 -52.27472445,-8.62900146080845 -52.27472444,-8.62900144080845 -52.27472443,-8.62900144080845 -52.27472441,-8.62900143080845 -52.2747244,-8.62900143080845 -52.27458033,-8.62902760080845 -52.27458032,-8.62902761080845 -52.27458031,-8.62902762080845 -52.2745803,-8.62902763080846 -52.27439062,-8.62929247080854 -52.27439061,-8.62929249080854 -52.2743906,-8.62929251080855 -52.2743906,-8.62929253080854 -52.2743906,-8.62929255080854 -52.27453516,-8.63073903080903 -52.27453516,-8.63073905080903 -52.27453517,-8.63073907080903 -52.27453518,-8.63073908080903 -52.27453519,-8.63073910080903 -52.2745352,-8.63073910080903 -52.27453521,-8.63073911080903 -52.2748807,-8.63078626080905 -52.27488072,-8.63078626080905 -52.27517852,-8.63069439080902 -52.27679599,-8.62999007080878 -52.276796,-8.62999006080878 -52.27857467,-8.62901794080845 -52.27857468,-8.62901793080845 -52.27892116,-8.62872319080835 -52.27892117,-8.62872317080835 -52.27892118,-8.62872315080835 -52.27931756,-8.62764910080799 -52.2797981,-8.62702077080778 -52.28112942,-8.62598469080744 -52.28168547,-8.62566749080732 -52.28304559,-8.6252869408072 -52.28375944,-8.62535682080722 -52.28409005,-8.62551067080728 -52.28435475,-8.62574060080735 -52.28449244,-8.62602662080745 -52.28444604,-8.6264960908076 -52.28425656,-8.6270626108078 -52.28375295,-8.62760951080798 -52.28375294,-8.62760953080798 -52.28327906,-8.62848082080827 -52.28327905,-8.62848084080827 -52.28327904,-8.62848086080827 -52.28327904,-8.62848089080827 -52.28327904,-8.62848091080827 -52.28334035,-8.62878035080837 -52.28334035,-8.62878037080837 -52.28334036,-8.62878039080837 -52.28357518,-8.62910617080848 -52.28357519,-8.62910618080848 -52.28418825,-8.62972842080869 -52.28418826,-8.62972843080869 -52.28528166,-8.63056566080897 -52.28528167,-8.63056567080897 -52.28566672,-8.63068587080901 -52.28566674,-8.63068587080901 -52.28599613,-8.63062310080899 -52.28599614,-8.63062310080899 -52.28718092,-8.63011192080882 -52.28755069,-8.63014350080883 -52.28802546,-8.63053478080896 -52.28822216,-8.63081439080905 -52.28822217,-8.63081439080905 -52.288994,-8.63132093080922 -52.28899401,-8.63132093080922 -52.2893013,-8.63144130080926 -52.28964225,-8.63150918080929 -52.28980869,-8.63144889080927 -52.2901367,-8.6312424808092 -52.2904832,-8.6309638608091 -52.29086686,-8.63050464080895 -52.29124187,-8.62994596080876 -52.29184747,-8.62862010080832 -52.29217706,-8.62806123080813 -52.29243425,-8.62743876080792 -52.29291025,-8.62664555080765 -52.29334111,-8.62578888080737 -52.29383463,-8.62514035080715 -52.29408199,-8.624680520807 -52.29452262,-8.62367024080666 -52.29529197,-8.6222908808062 -52.29575847,-8.62158800080596 -52.29669844,-8.62065223080564 -52.29846245,-8.61815210080481 -52.30232628,-8.61644483080424 -52.30645969,-8.61496219080374 -52.30984703,-8.61403837080343 -52.30991917,-8.61401870080343 -52.31328879,-8.61267085080298 -52.31558014,-8.61298535080308 -52.31993818,-8.6115476408026 -52.3218701,-8.61073893080233 -52.32640786,-8.61010993080212 -52.33157462,-8.60849251080158 -52.33683123,-8.60759395080128 -52.34056028,-8.60588667080071 -52.34163856,-8.6031460407998 -52.34168349,-8.60071991079899 -52.34181828,-8.59914742079846 -52.34201474,-8.59785772079803 -52.3423183,-8.59699137079774 -52.34302951,-8.59430110079685 -52.3435729,-8.59259525079628 -52.34505351,-8.5884441107949 -52.34559532,-8.58709976079445 -52.34763921,-8.58292390079307 -52.3498264,-8.57920958079183 -52.35071297,-8.57795708079142 -52.35169798,-8.57704844079112 -52.35298245,-8.57621338079085 -52.35485771,-8.57529948079054 -52.35578556,-8.57500518079044 -52.35667644,-8.57485532079039 -52.35696717,-8.57484752079039 -52.35750324,-8.57482269079038 -52.35925597,-8.57493859079042 -52.36035556,-8.57484384079039 -52.36151065,-8.57451434079028 -52.36261236,-8.57392249079008 -52.36387967,-8.57284329078972 -52.36526641,-8.57144824078926 -52.36636168,-8.57023273078886 -52.36819732,-8.56794479078811 -52.36903688,-8.5670445207878 -52.37003109,-8.56609067078749 -52.37120701,-8.56512854078717 -52.37245536,-8.56422094078687 -52.37450494,-8.56287384078643 -52.37605304,-8.56196748078613 -52.37752772,-8.56123254078589 -52.37949304,-8.56047253078563 -52.3833954,-8.55918735078521 -52.38575998,-8.55851936078499 -52.38869758,-8.55767297078471 -52.38985302,-8.55724394078457 -52.39092688,-8.55676938078441 -52.39168229,-8.5564200307843 -52.39298317,-8.55596448078415 -52.39524719,-8.55544062078397 -52.39625591,-8.55533634078394 -52.39706431,-8.55534873078395 -52.39804468,-8.555506440784 -52.40000046,-8.55660030078435 -52.40372951,-8.55722930078456 -52.4073687,-8.55943078078529 -52.40930062,-8.56262070078635 -52.41181661,-8.56468740078703 -52.41415288,-8.56518161078719 -52.41648915,-8.56419319078686 -52.42138634,-8.56073371078572 -52.42336318,-8.56028442078557 -52.42605888,-8.55880179078508 -52.42942851,-8.55646552078431 -52.43279813,-8.55565681078405 -52.43643733,-8.55646552078431 -52.43872867,-8.55754379078467 -52.43863881,-8.55920614078522 -52.44025623,-8.55907136078517 -52.44102002,-8.56014964078553 -52.4482984,-8.55880179078508 -52.45157817,-8.55830758078492 -52.45377966,-8.55709451078452 -52.456071,-8.55588145078412 -52.45759048,-8.55525436078391 -52.45890149,-8.55471331078373 -52.46155226,-8.55529738078393 -52.46236097,-8.55772351078473 -52.46505667,-8.55889164078511 -52.46851615,-8.55911629078519 -52.47157127,-8.55965543078537 -52.47377276,-8.56194677078612 -52.47480611,-8.56329462078657 -52.4779511,-8.56266562078636 -52.482399,-8.56055399078566 -52.48783533,-8.55767858078471 -52.4958775,-8.55183790078279 -52.5000109,-8.54730014078129 -52.50221239,-8.54568272078076 -52.50459359,-8.54415515078026 -52.50854728,-8.54208845077958 -52.51214155,-8.54110003077925 -52.51492711,-8.54056089077908 -52.51775759,-8.53993189077887 -52.5204273,-8.53970306077879 -52.52090257,-8.53966232077878 -52.52449684,-8.54101017077922 -52.52674326,-8.54204352077956 -52.52916939,-8.54195367077953 -52.53343758,-8.54127974077931 -52.53784055,-8.53984204077884 -52.5398042,-8.53948749077872 -52.54107539,-8.53925797077865 -52.54368123,-8.53786519077819 -52.54610736,-8.53615791077763 -52.55227264,-8.52984697077556 -52.55420623,-8.52772099077486 -52.55709604,-8.52492063077395 -52.55820041,-8.52349658077348 -52.56046605,-8.51999787077233 -52.56123373,-8.51873526077192 -52.56165457,-8.51792331077166 -52.56224933,-8.51675044077127 -52.56274252,-8.51602011077103 -52.56454814,-8.5140743607704 -52.56516757,-8.51358854077024 -52.56642389,-8.51280678076999 -52.56697079,-8.51228454076981 -52.56724467,-8.51190591076969 -52.56750981,-8.51143686076954 -52.56797765,-8.51019120076913 -52.56845783,-8.50806881076844 -52.56859129,-8.50636997076789 -52.5685172,-8.50430880076721 -52.56850706,-8.50214845076651 -52.568694,-8.50072097076605 -52.56899774,-8.4996374107657 -52.569878,-8.49738089076496 -52.57013485,-8.49669487076474 -52.5703568,-8.49562004076439 -52.57032854,-8.49344154076368 -52.56975591,-8.48865781076212 -52.56856707,-8.48351025076046 -52.56809557,-8.48085106075959 -52.56800827,-8.47990164075929 -52.56802948,-8.47907917075902 -52.56838084,-8.47739017075847 -52.56892268,-8.47576513075795 -52.56972006,-8.47379755075731 -52.57113801,-8.47100968075641 -52.57428322,-8.46527234075456 -52.57737595,-8.45895628075252 -52.57797113,-8.45762066075209 -52.57921846,-8.45427170075101 -52.57995054,-8.45274676075052 -52.58103731,-8.45107847074998 -52.58193141,-8.44994279074962 -52.58284321,-8.4489337107493 -52.58445622,-8.44738482074879 -52.58540495,-8.44620413074841 -52.58594504,-8.44502196074804 -52.58714022,-8.44348962074755 -52.58725883,-8.4433363807475 -52.58928572,-8.44033366074653 -52.59183108,-8.43707969074549 -52.59250665,-8.43608781074517 -52.59373139,-8.43435033074461 -52.5945401,-8.43439526074463 -52.59903293,-8.43255320074404 -52.6016837,-8.43134014074365 -52.60240255,-8.43093578074352 -52.60381418,-8.43049682074338 -52.60530207,-8.42986778074318 -52.60617653,-8.42949807074306 -52.60954616,-8.42752123074243 -52.61224185,-8.42464582074151 -52.61568905,-8.42083787074029 -52.61610569,-8.42037762074015 -52.61664377,-8.42015054074007 -52.62100288,-8.41831092073948 -52.62607978,-8.41907470073973 -52.6291349,-8.42060227074022 -52.63245579,-8.42270975074089 -52.63380745,-8.42356754074117 -52.63448137,-8.4274313707424 -52.63331324,-8.42976764074315 -52.63362774,-8.43232856074397 -52.63582922,-8.43196913074385 -52.63915392,-8.42967779074312 -52.64058246,-8.42776574074251 -52.64207426,-8.42576902074187 -52.64351197,-8.42141098074048 -52.6436904,-8.42065526074023 -52.64427575,-8.41817614073944 -52.64679174,-8.41624422073883 -52.64698279,-8.41608046073878 -52.64899322,-8.41435723073823 -52.64930772,-8.40910062073655 -52.6480048,-8.40559621073544 -52.64688159,-8.40294543073459 -52.64472503,-8.39962074073354 -52.64216412,-8.39701490073271 -52.64099598,-8.39467862073197 -52.6399177,-8.39180321073106 -52.63839014,-8.38964665073037 -52.63609879,-8.38780459072979 -52.63576927,-8.38754029072971 -52.63445212,-8.38648386072937 -52.63207723,-8.38534573072901 -52.6285175,-8.38290181072824 -52.62702335,-8.38176671072788 -52.62480594,-8.37975228072724 -52.62347597,-8.37840983072682 -52.62212913,-8.37670576072628 -52.62105452,-8.37504783072575 -52.62007194,-8.37303769072512 -52.61960495,-8.37158074072466 -52.61930078,-8.37029610072425 -52.61878206,-8.36806160072355 -52.61777804,-8.3644152807224 -52.61740385,-8.36238918072176 -52.61729949,-8.36108717072135 -52.61731972,-8.36049969072117 -52.6174869,-8.35943364072084 -52.61806409,-8.35795322072037 -52.61921474,-8.35604996071977 -52.62176916,-8.35254258071867 -52.62212593,-8.35177549071843 -52.62229163,-8.35112524071823 -52.62231134,-8.35068238071809 -52.62221356,-8.3500854507179 -52.62198047,-8.34924399071764 -52.62161167,-8.34826647071733 -52.62110656,-8.34732463071703 -52.61992329,-8.34560305071649 -52.61940885,-8.34473349071622 -52.61898534,-8.34382809071594 -52.61854541,-8.3424254807155 -52.61848338,-8.34199138071536 -52.61826157,-8.3405262507149 -52.61828601,-8.33873656071434 -52.61849888,-8.33758028071398 -52.61877393,-8.33681290071374 -52.61941379,-8.33556771071335 -52.61998833,-8.33482848071312 -52.62065298,-8.33427940071295 -52.62133515,-8.33391116071283 -52.62193508,-8.33369630071276 -52.62312523,-8.33344733071269 -52.62351616,-8.33328598071264 -52.6238167,-8.33301584071255 -52.62397248,-8.33260058071242 -52.62392108,-8.33172359071215 -52.6233108,-8.32970572071152 -52.6230431,-8.3283760107111 -52.6229201,-8.32668783071058 -52.62280001,-8.32503972071006 -52.62288987,-8.3229280907094 -52.62450729,-8.32158024070898 -52.62545078,-8.3190642607082 -52.62378843,-8.31048295070553 -52.624058,-8.30679882070439 -52.6243725,-8.30410312070355 -52.62625949,-8.30262049070309 -52.62805662,-8.3016769907028 -52.62877469,-8.30134122070269 -52.6291127,-8.3007277107025 -52.62923221,-8.30029423070237 -52.62914488,-8.29929961070206 -52.6286605,-8.29762567070154 -52.6279493,-8.29591480070101 -52.62542159,-8.29188360069976 -52.62457407,-8.29022649069925 -52.62369122,-8.28828904069865 -52.6226203,-8.28561876069783 -52.62166055,-8.28230707069681 -52.62130981,-8.28136577069651 -52.62068664,-8.28045969069624 -52.61890469,-8.27866376069568 -52.61831802,-8.27770357069539 -52.61810272,-8.27697064069516 -52.61802383,-8.27616587069491 -52.61803001,-8.27439419069437 -52.61812528,-8.27310191069396 -52.61848689,-8.27085617069328 -52.61965503,-8.26937353069282 -52.62118259,-8.26798075069239 -52.62288987,-8.26690247069206 -52.62441743,-8.2663633306919 -52.62556115,-8.26473002069139 -52.6261292,-8.26320433069093 -52.62638719,-8.26209338069058 -52.62653817,-8.26043066069007 -52.6264782,-8.25939997068976 -52.62629109,-8.25838693068945 -52.62594974,-8.25735528068913 -52.62521992,-8.25579801068865 -52.62438052,-8.25443020068823 -52.62298014,-8.25255425068766 -52.62175117,-8.25098623068718 -52.62107304,-8.25023363068695 -52.62044918,-8.24953546068673 -52.62011501,-8.24905523068659 -52.61878992,-8.24642023068578 -52.6180162,-8.24444700068517 -52.61772955,-8.24335226068484 -52.61758791,-8.24232129068453 -52.61751181,-8.24071204068403 -52.61755336,-8.23920262068358 -52.61779549,-8.23743175068303 -52.61849286,-8.23524664068237 -52.6186757,-8.23486762068225 -52.61990069,-8.23233179068148 -52.620276,-8.2314110706812 -52.62232514,-8.22412338067898 -52.62309543,-8.22183003067828 -52.62372705,-8.22026839067781 -52.62426613,-8.21922167067749 -52.62534264,-8.217607310677 -52.62612644,-8.21665182067671 -52.62725558,-8.21556191067638 -52.62972159,-8.2136720506758 -52.63529841,-8.20974078067461 -52.63719886,-8.20867153067429 -52.63920725,-8.20788286067405 -52.64011562,-8.20764186067398 -52.64140507,-8.20742926067391 -52.64224903,-8.20745019067392 -52.64267554,-8.20746066067392 -52.6436005,-8.20768072067399 -52.64447959,-8.2080452606741 -52.64648098,-8.20931750067448 -52.64707034,-8.20948219067454 -52.6476421,-8.20948411067453 -52.64823246,-8.2093505006745 -52.64886863,-8.20909049067442 -52.65263242,-8.20656373067365 -52.65568754,-8.20602459067349 -52.65820353,-8.20530574067327 -52.66121373,-8.20386804067283 -52.6626065,-8.20225062067235 -52.66435871,-8.20045348067181 -52.66606599,-8.19888099067133 -52.66772833,-8.19807228067108 -52.6686269,-8.19699400067076 -52.66944477,-8.19606945067048 -52.66966025,-8.19582587067041 -52.66939068,-8.19326495066963 -52.66853704,-8.19146782066909 -52.66820651,-8.19066009066884 -52.668418,-8.1898291506686 -52.66924818,-8.1885211606682 -52.66938575,-8.18808772066807 -52.6694967,-8.18473443066706 -52.66985764,-8.18262038066642 -52.67064911,-8.17929644066542 -52.67072497,-8.17831139066512 -52.67071161,-8.17686502066469 -52.67069786,-8.17553617066429 -52.67082772,-8.17468688066404 -52.6709743,-8.17427154066391 -52.67160458,-8.17302616066354 -52.67418682,-8.16875894066226 -52.67469861,-8.16766683066193 -52.67491908,-8.16685400066169 -52.6750403,-8.16586908066139 -52.6750079,-8.16468480066104 -52.67480387,-8.16326493066061 -52.67409031,-8.15950215065948 -52.67401443,-8.15774823065896 -52.67412671,-8.15671809065866 -52.67450379,-8.1551916506582 -52.67512647,-8.15348521065769 -52.67583976,-8.15181522065719 -52.67670745,-8.15010054065668 -52.67792989,-8.14812487065609 -52.6795986,-8.14564442065535 -52.68282425,-8.14299016065456 -52.68421703,-8.14159738065414 -52.68682287,-8.14056403065383 -52.68870986,-8.13921618065343 -52.69023742,-8.13634077065258 -52.68992293,-8.13315085065162 -52.68897943,-8.12960152065057 -52.69023742,-8.12591739064948 -52.69176499,-8.12416519064896 -52.69118092,-8.12245791064845 -52.69041714,-8.12066078064792 -52.6901925,-8.11913322064747 -52.689878,-8.1162128806466 -52.69001278,-8.11428096064603 -52.6901925,-8.11251752064551 -52.69064178,-8.11090010064503 -52.68933886,-8.10757541064405 -52.68960843,-8.10622756064365 -52.69068671,-8.10339707064282 -52.69032728,-8.1002970206419 -52.68992293,-8.09715204064097 -52.68983307,-8.0941867706401 -52.69032728,-8.09256935063963 -52.69050699,-8.09162585063935 -52.69091135,-8.09036786063898 -52.69230413,-8.0890649406386 -52.69351719,-8.08789680063825 -52.69455545,-8.08579630063764 -52.69628002,-8.08556677063757 -52.6970701,-8.0853342606375 -52.69778815,-8.08492976063738 -52.69989701,-8.08290976063679 -52.70012165,-8.07949520063579 -52.69958251,-8.07644008063489 -52.6976506,-8.07419366063423 -52.69621289,-8.07230667063368 -52.6963926,-8.06992547063299 -52.6973361,-8.06830805063252 -52.69679696,-8.06664570063203 -52.69567375,-8.06516307063159 -52.69365198,-8.06493843063153 -52.69234905,-8.06435436063136 -52.69001278,-8.06224273063074 -52.68870986,-8.06080502063032 -52.68835043,-8.05837889062961 -52.68785622,-8.05595276062891 -52.68781129,-8.05323460062811 -52.68875479,-8.05017947062722 -52.69050699,-8.04937076062699 -52.69125546,-8.04835266062669 -52.69377906,-8.04785447062655 -52.69445128,-8.04757638062647 -52.69502419,-8.04714430062634 -52.69525189,-8.04686479062626 -52.69558971,-8.04618789062607 -52.6965998,-8.04237637062496 -52.69686499,-8.04171731062476 -52.69720237,-8.04117600062461 -52.69782109,-8.04059942062444 -52.69871147,-8.04017738062432 -52.69971915,-8.03995458062425 -52.70142529,-8.0397520606242 -52.70197014,-8.03958202062415 -52.70463431,-8.03764689062358 -52.70514435,-8.0370066806234 -52.70588611,-8.03481237062276 -52.70652487,-8.03363018062242 -52.7071988,-8.03280065062218 -52.70925567,-8.03068278062157 -52.70982039,-8.02996137062136 -52.71043171,-8.02884236062103 -52.71089835,-8.02757826062067 -52.71129286,-8.02616930062026 -52.71153396,-8.02450675061978 -52.7119115,-8.01984344061843 -52.7119494,-8.01932829061828 -52.71217035,-8.01829846061798 -52.71255481,-8.01719681061767 -52.71478316,-8.01243079061629 -52.71795133,-8.00588683061441 -52.72149852,-7.9999316006127 -52.72274583,-7.99845293061228 -52.72375541,-7.99757919061202 -52.72533698,-7.99653546061172 -52.72812671,-7.99492594061126 -52.72898111,-7.9943590606111 -52.73035409,-7.9932965806108 -52.73206569,-7.99278354061065 -52.73309904,-7.99112119061017 -52.73453675,-7.98900956060957 -52.7358846,-7.9877515706092 -52.73817594,-7.98456166060829 -52.73979336,-7.98312395060788 -52.740647,-7.98200074060756 -52.74239921,-7.9793499706068 -52.74446591,-7.97818184060647 -52.74410648,-7.97705863060615 -52.74424127,-7.97458757060544 -52.74257892,-7.97243101060483 -52.741905,-7.97049909060428 -52.74015394,-7.96727341060336 -52.74019772,-7.96591640060297 -52.74055715,-7.96402941060244 -52.74028758,-7.96146850060171 -52.74055715,-7.9579191606007 -52.74114121,-7.95574014060008 -52.74221949,-7.95376329059952 -52.74208471,-7.95187630059898 -52.74141078,-7.95057338059861 -52.74136649,-7.94973178059838 -52.74132093,-7.94886611059813 -52.74159726,-7.94858977059805 -52.74253399,-7.94765304059779 -52.74356734,-7.94612548059736 -52.7439717,-7.94464284059693 -52.74347749,-7.94226164059626 -52.74347749,-7.94055437059578 -52.74380963,-7.93760663059494 -52.74383691,-7.93736445059488 -52.74401137,-7.93713845059481 -52.74581376,-7.93480354059415 -52.74783553,-7.93327598059372 -52.74927324,-7.93332091059373 -52.75075587,-7.93273684059357 -52.75246315,-7.93080492059302 -52.75249917,-7.93077791059302 -52.75479942,-7.92905271059253 -52.75745019,-7.92748022059209 -52.75960675,-7.92685123059191 -52.76162339,-7.92602602059168 -52.76268767,-7.92496247059137 -52.7635074,-7.92378971059105 -52.76390932,-7.92282363059078 -52.76421375,-7.92109791059029 -52.76465257,-7.91992402058996 -52.76598658,-7.91894384058968 -52.76706486,-7.91705685058915 -52.76818806,-7.91512493058861 -52.76980548,-7.91404666058831 -52.76976056,-7.91238431058784 -52.76832285,-7.91085674058741 -52.76802948,-7.9097671105871 -52.76737935,-7.90735233058643 -52.76736809,-7.90727627058641 -52.76701993,-7.90492621058575 -52.766346,-7.90290443058518 -52.76333581,-7.90097251058464 -52.76244067,-7.89953251058424 -52.76230245,-7.89931017058418 -52.7625271,-7.89607533058327 -52.76360538,-7.8943680505828 -52.7642793,-7.89275063058234 -52.7649083,-7.89144771058198 -52.76542408,-7.89104051058187 -52.76661557,-7.89009986058161 -52.76842984,-7.88980298058152 -52.76908663,-7.88969550058149 -52.77133305,-7.88664038058064 -52.77335482,-7.88115912057911 -52.77357946,-7.87864314057841 -52.77497224,-7.87412784057716 -52.77591574,-7.8703089305761 -52.77620941,-7.86967769057592 -52.77816215,-7.86761323057535 -52.78076799,-7.86640017057501 -52.78319412,-7.86496246057461 -52.78534779,-7.86438815057445 -52.78588982,-7.86424361057442 -52.78755217,-7.86267112057398 -52.78840581,-7.86028992057332 -52.78773188,-7.85579708057208 -52.7875971,-7.85166368057093 -52.78593475,-7.8490129105702 -52.7858449,-7.84667663056956 -52.78660868,-7.8435765805687 -52.78575504,-7.83897143056744 -52.78310427,-7.83564673056652 -52.7798245,-7.83344524056591 -52.7768143,-7.83182782056547 -52.77384903,-7.83065969056515 -52.77044898,-7.83033693056506 -52.76885384,-7.830106270565 -52.76743956,-7.83003886056498 -52.76660536,-7.83004547056498 -52.76487312,-7.83018504056502 -52.76307762,-7.83025210056504 -52.76021265,-7.83016233056501 -52.75814581,-7.83000257056497 -52.75706726,-7.82985475056493 -52.75647849,-7.82965414056487 -52.75579051,-7.82927243056477 -52.75331113,-7.8275836805643 -52.75145562,-7.82649341056401 -52.75122932,-7.82636618056397 -52.75078601,-7.82603943056388 -52.75042462,-7.82560444056376 -52.75027129,-7.82533279056369 -52.74991184,-7.82424693056339 -52.74980707,-7.82289063056302 -52.74994817,-7.82118251056255 -52.75037305,-7.81856218056183 -52.75300229,-7.80534258055822 -52.75147473,-7.79276265055479 -52.74976745,-7.78656254055311 -52.74823989,-7.7802725705514 -52.7490486,-7.77443189054982 -52.74868917,-7.76724336054788 -52.74680218,-7.75843741054551 -52.74641129,-7.7543488705444 -52.74626208,-7.74962958054314 -52.74617319,-7.74208350054111 -52.7436572,-7.73561382053938 -52.74554419,-7.73058185053803 -52.74743118,-7.72492088053652 -52.74725147,-7.72060776053537</coordinates></LinearRing></outerBoundaryIs></Polygon>
  </Placemark>
</Folder>
</Document></kml>
